date,precipitation,soil_moisture
2014-01-01,2.95,0.44
2014-01-02,2.73,0.44
2014-01-03,1.6,0.44
2014-01-04,0.01,0.44
2014-01-05,0.0,0.43
2014-01-06,0.0,0.42
2014-01-07,0.0,0.42
2014-01-08,0.0,0.42
2014-01-09,0.0,0.41
2014-01-10,0.0,0.41
2014-01-11,0.29,0.41
2014-01-12,0.27,0.41
2014-01-13,0.02,0.41
2014-01-14,0.0,0.41
2014-01-15,0.0,0.41
2014-01-16,0.01,0.41
2014-01-17,0.48,0.41
2014-01-18,0.91,0.41
2014-01-19,1.33,0.41
2014-01-20,0.45,0.41
2014-01-21,0.3,0.41
2014-01-22,0.23,0.41
2014-01-23,0.32,0.41
2014-01-24,0.3,0.41
2014-01-25,0.45,0.41
2014-01-26,0.75,0.41
2014-01-27,0.32,0.4
2014-01-28,0.01,0.4
2014-01-29,0.32,0.4
2014-01-30,1.3,0.4
2014-01-31,12.76,0.41
2014-02-01,1.83,0.42
2014-02-02,0.0,0.42
2014-02-03,0.0,0.41
2014-02-04,0.02,0.41
2014-02-05,0.01,0.41
2014-02-06,0.05,0.41
2014-02-07,0.58,0.41
2014-02-08,3.91,0.41
2014-02-09,4.3,0.41
2014-02-10,1.05,0.41
2014-02-11,0.8,0.41
2014-02-12,0.38,0.41
2014-02-13,0.94,0.41
2014-02-14,1.46,0.41
2014-02-15,4.17,0.41
2014-02-16,3.38,0.41
2014-02-17,6.86,0.42
2014-02-18,7.18,0.44
2014-02-19,7.51,0.45
2014-02-20,0.0,0.45
2014-02-21,0.0,0.44
2014-02-22,0.0,0.43
2014-02-23,0.0,0.42
2014-02-24,0.08,0.41
2014-02-25,1.13,0.41
2014-02-26,0.91,0.41
2014-02-27,1.48,0.41
2014-02-28,1.43,0.41
2014-03-01,0.04,0.41
2014-03-02,0.0,0.41
2014-03-03,0.0,0.4
2014-03-04,0.99,0.4
2014-03-05,6.63,0.41
2014-03-06,6.66,0.41
2014-03-07,0.89,0.41
2014-03-08,1.03,0.41
2014-03-09,1.18,0.41
2014-03-10,1.05,0.41
2014-03-11,0.95,0.41
2014-03-12,5.2,0.41
2014-03-13,4.06,0.42
2014-03-14,5.82,0.42
2014-03-15,4.19,0.43
2014-03-16,10.46,0.44
2014-03-17,5.91,0.45
2014-03-18,3.13,0.45
2014-03-19,3.85,0.45
2014-03-20,9.06,0.45
2014-03-21,5.22,0.46
2014-03-22,3.61,0.46
2014-03-23,2.54,0.46
2014-03-24,3.71,0.45
2014-03-25,2.81,0.45
2014-03-26,1.96,0.45
2014-03-27,5.12,0.45
2014-03-28,6.12,0.45
2014-03-29,2.83,0.45
2014-03-30,4.17,0.45
2014-03-31,6.08,0.45
2014-04-01,2.93,0.45
2014-04-02,3.63,0.45
2014-04-03,5.87,0.45
2014-04-04,3.17,0.45
2014-04-05,8.13,0.46
2014-04-06,5.04,0.47
2014-04-07,8.63,0.47
2014-04-08,6.17,0.48
2014-04-09,6.47,0.48
2014-04-10,6.81,0.48
2014-04-11,7.82,0.48
2014-04-12,5.97,0.48
2014-04-13,9.66,0.49
2014-04-14,6.07,0.5
2014-04-15,3.25,0.49
2014-04-16,3.33,0.48
2014-04-17,8.2,0.48
2014-04-18,8.87,0.49
2014-04-19,6.82,0.49
2014-04-20,11.16,0.5
2014-04-21,9.11,0.51
2014-04-22,5.8,0.52
2014-04-23,9.89,0.52
2014-04-24,4.16,0.52
2014-04-25,5.53,0.52
2014-04-26,12.21,0.52
2014-04-27,10.4,0.53
2014-04-28,7.44,0.53
2014-04-29,18.6,0.54
2014-04-30,17.94,0.57
2014-05-01,3.49,0.57
2014-05-02,4.03,0.55
2014-05-03,5.15,0.55
2014-05-04,7.4,0.55
2014-05-05,4.26,0.55
2014-05-06,3.51,0.54
2014-05-07,11.5,0.54
2014-05-08,15.52,0.56
2014-05-09,14.76,0.58
2014-05-10,3.44,0.58
2014-05-11,4.47,0.57
2014-05-12,8.17,0.56
2014-05-13,3.99,0.56
2014-05-14,8.16,0.55
2014-05-15,8.77,0.56
2014-05-16,4.79,0.56
2014-05-17,5.06,0.56
2014-05-18,6.8,0.56
2014-05-19,3.56,0.55
2014-05-20,2.61,0.55
2014-05-21,6.28,0.55
2014-05-22,1.6,0.55
2014-05-23,2.78,0.54
2014-05-24,2.64,0.54
2014-05-25,3.06,0.53
2014-05-26,5.04,0.53
2014-05-27,7.63,0.54
2014-05-28,3.37,0.55
2014-05-29,10.8,0.54
2014-05-30,8.08,0.55
2014-05-31,11.51,0.56
2014-06-01,4.89,0.56
2014-06-02,2.57,0.56
2014-06-03,4.04,0.55
2014-06-04,4.56,0.55
2014-06-05,16.79,0.56
2014-06-06,38.18,0.62
2014-06-07,14.45,0.66
2014-06-08,2.37,0.63
2014-06-09,4.67,0.62
2014-06-10,12.53,0.61
2014-06-11,4.95,0.62
2014-06-12,13.71,0.61
2014-06-13,11.86,0.62
2014-06-14,13.08,0.63
2014-06-15,8.09,0.63
2014-06-16,5.6,0.62
2014-06-17,12.04,0.62
2014-06-18,17.62,0.64
2014-06-19,8.37,0.65
2014-06-20,10.22,0.64
2014-06-21,7.48,0.64
2014-06-22,9.63,0.63
2014-06-23,7.7,0.64
2014-06-24,3.17,0.63
2014-06-25,6.13,0.62
2014-06-26,11.38,0.62
2014-06-27,9.47,0.63
2014-06-28,10.6,0.64
2014-06-29,19.45,0.66
2014-06-30,19.97,0.67
2014-07-01,14.59,0.7
2014-07-02,14.49,0.7
2014-07-03,14.57,0.7
2014-07-04,19.21,0.71
2014-07-05,7.22,0.7
2014-07-06,4.04,0.69
2014-07-07,8.21,0.68
2014-07-08,2.03,0.67
2014-07-09,1.43,0.66
2014-07-10,1.04,0.65
2014-07-11,0.97,0.64
2014-07-12,1.33,0.63
2014-07-13,1.9,0.62
2014-07-14,1.36,0.62
2014-07-15,3.0,0.62
2014-07-16,11.24,0.63
2014-07-17,11.24,0.65
2014-07-18,11.03,0.66
2014-07-19,5.91,0.66
2014-07-20,2.34,0.66
2014-07-21,1.88,0.65
2014-07-22,2.96,0.64
2014-07-23,4.56,0.63
2014-07-24,2.96,0.64
2014-07-25,0.44,0.63
2014-07-26,0.68,0.62
2014-07-27,0.51,0.62
2014-07-28,0.35,0.61
2014-07-29,0.34,0.61
2014-07-30,1.96,0.6
2014-07-31,4.99,0.61
2014-08-01,0.97,0.61
2014-08-02,1.93,0.6
2014-08-03,1.43,0.6
2014-08-04,4.06,0.61
2014-08-05,8.21,0.62
2014-08-06,5.77,0.62
2014-08-07,2.92,0.62
2014-08-08,6.18,0.62
2014-08-09,4.14,0.63
2014-08-10,0.68,0.62
2014-08-11,2.62,0.62
2014-08-12,6.31,0.62
2014-08-13,5.0,0.62
2014-08-14,0.46,0.62
2014-08-15,3.07,0.61
2014-08-16,14.73,0.62
2014-08-17,12.5,0.66
2014-08-18,1.74,0.64
2014-08-19,14.29,0.65
2014-08-20,12.95,0.66
2014-08-21,14.11,0.67
2014-08-22,4.06,0.66
2014-08-23,7.71,0.66
2014-08-24,1.77,0.66
2014-08-25,4.03,0.64
2014-08-26,8.29,0.64
2014-08-27,7.7,0.65
2014-08-28,2.47,0.65
2014-08-29,3.16,0.64
2014-08-30,5.04,0.63
2014-08-31,3.37,0.64
2014-09-01,7.57,0.64
2014-09-02,10.36,0.65
2014-09-03,2.25,0.65
2014-09-04,2.92,0.64
2014-09-05,2.78,0.64
2014-09-06,3.04,0.63
2014-09-07,3.87,0.63
2014-09-08,4.34,0.63
2014-09-09,4.93,0.63
2014-09-10,8.36,0.64
2014-09-11,2.82,0.64
2014-09-12,5.58,0.64
2014-09-13,8.14,0.64
2014-09-14,4.79,0.64
2014-09-15,10.69,0.64
2014-09-16,19.33,0.66
2014-09-17,11.26,0.68
2014-09-18,6.03,0.68
2014-09-19,10.95,0.67
2014-09-20,8.78,0.68
2014-09-21,6.2,0.67
2014-09-22,7.32,0.67
2014-09-23,17.13,0.68
2014-09-24,19.75,0.7
2014-09-25,7.28,0.7
2014-09-26,9.52,0.7
2014-09-27,5.4,0.7
2014-09-28,4.35,0.68
2014-09-29,5.15,0.68
2014-09-30,4.69,0.67
2014-10-01,9.36,0.68
2014-10-02,7.45,0.68
2014-10-03,8.39,0.69
2014-10-04,2.93,0.69
2014-10-05,5.91,0.68
2014-10-06,3.79,0.68
2014-10-07,4.61,0.68
2014-10-08,7.34,0.68
2014-10-09,2.66,0.68
2014-10-10,2.56,0.67
2014-10-11,5.98,0.67
2014-10-12,8.33,0.67
2014-10-13,6.3,0.68
2014-10-14,7.45,0.69
2014-10-15,3.67,0.68
2014-10-16,2.87,0.68
2014-10-17,3.06,0.67
2014-10-18,1.1,0.66
2014-10-19,1.83,0.66
2014-10-20,4.95,0.66
2014-10-21,1.6,0.66
2014-10-22,1.7,0.66
2014-10-23,0.83,0.65
2014-10-24,0.61,0.65
2014-10-25,1.24,0.64
2014-10-26,3.13,0.64
2014-10-27,1.79,0.64
2014-10-28,2.7,0.64
2014-10-29,5.36,0.64
2014-10-30,5.88,0.65
2014-10-31,2.6,0.66
2014-11-01,2.83,0.66
2014-11-02,2.57,0.65
2014-11-03,7.12,0.65
2014-11-04,15.17,0.66
2014-11-05,10.66,0.67
2014-11-06,3.98,0.68
2014-11-07,3.14,0.67
2014-11-08,3.1,0.66
2014-11-09,4.32,0.66
2014-11-10,3.46,0.66
2014-11-11,3.21,0.66
2014-11-12,1.5,0.66
2014-11-13,1.58,0.65
2014-11-14,2.26,0.65
2014-11-15,0.95,0.64
2014-11-16,1.78,0.64
2014-11-17,3.59,0.64
2014-11-18,1.79,0.64
2014-11-19,1.67,0.63
2014-11-20,3.06,0.63
2014-11-21,2.17,0.63
2014-11-22,2.23,0.63
2014-11-23,3.76,0.63
2014-11-24,4.67,0.63
2014-11-25,2.69,0.63
2014-11-26,2.03,0.63
2014-11-27,5.17,0.63
2014-11-28,4.71,0.64
2014-11-29,2.46,0.64
2014-11-30,3.99,0.64
2014-12-01,3.28,0.64
2014-12-02,1.58,0.63
2014-12-03,3.16,0.63
2014-12-04,1.74,0.63
2014-12-05,2.97,0.62
2014-12-06,5.75,0.62
2014-12-07,0.93,0.62
2014-12-08,0.56,0.62
2014-12-09,0.55,0.62
2014-12-10,0.14,0.61
2014-12-11,0.23,0.6
2014-12-12,0.03,0.6
2014-12-13,0.0,0.59
2014-12-14,0.02,0.59
2014-12-15,0.0,0.59
2014-12-16,0.0,0.59
2014-12-17,0.02,0.59
2014-12-18,2.22,0.59
2014-12-19,3.84,0.59
2014-12-20,0.5,0.59
2014-12-21,0.18,0.59
2014-12-22,0.0,0.59
2014-12-23,0.11,0.58
2014-12-24,0.01,0.58
2014-12-25,0.0,0.58
2014-12-26,0.0,0.57
2014-12-27,0.0,0.57
2014-12-28,0.0,0.56
2014-12-29,0.0,0.56
2014-12-30,0.0,0.55
2014-12-31,0.0,0.55
2015-01-01,0.0,0.55
2015-01-02,0.0,0.55
2015-01-03,0.0,0.54
2015-01-04,0.0,0.54
2015-01-05,0.0,0.53
2015-01-06,0.0,0.53
2015-01-07,0.0,0.53
2015-01-08,0.0,0.52
2015-01-09,0.0,0.52
2015-01-10,0.0,0.52
2015-01-11,0.0,0.52
2015-01-12,0.0,0.52
2015-01-13,0.0,0.52
2015-01-14,0.0,0.52
2015-01-15,0.0,0.52
2015-01-16,0.0,0.52
2015-01-17,0.0,0.52
2015-01-18,0.02,0.51
2015-01-19,0.03,0.51
2015-01-20,0.05,0.51
2015-01-21,1.34,0.51
2015-01-22,1.45,0.51
2015-01-23,1.44,0.51
2015-01-24,0.12,0.5
2015-01-25,0.13,0.5
2015-01-26,0.03,0.49
2015-01-27,0.02,0.49
2015-01-28,0.01,0.48
2015-01-29,0.01,0.48
2015-01-30,0.01,0.48
2015-01-31,0.14,0.48
2015-02-01,0.7,0.48
2015-02-02,0.69,0.48
2015-02-03,1.5,0.48
2015-02-04,1.31,0.48
2015-02-05,4.08,0.48
2015-02-06,6.89,0.49
2015-02-07,2.17,0.5
2015-02-08,1.78,0.49
2015-02-09,6.31,0.5
2015-02-10,3.95,0.51
2015-02-11,7.6,0.52
2015-02-12,24.98,0.55
2015-02-13,0.31,0.56
2015-02-14,2.4,0.55
2015-02-15,3.67,0.55
2015-02-16,6.71,0.55
2015-02-17,0.47,0.55
2015-02-18,0.24,0.53
2015-02-19,7.23,0.53
2015-02-20,1.98,0.53
2015-02-21,15.52,0.55
2015-02-22,7.05,0.56
2015-02-23,0.29,0.55
2015-02-24,0.22,0.54
2015-02-25,0.12,0.52
2015-02-26,0.21,0.52
2015-02-27,0.75,0.51
2015-02-28,0.39,0.5
2015-03-01,0.01,0.49
2015-03-02,0.0,0.48
2015-03-03,0.0,0.48
2015-03-04,0.37,0.48
2015-03-05,2.15,0.47
2015-03-06,2.86,0.48
2015-03-07,0.78,0.48
2015-03-08,0.95,0.47
2015-03-09,1.79,0.47
2015-03-10,14.56,0.49
2015-03-11,1.66,0.49
2015-03-12,4.65,0.49
2015-03-13,15.23,0.51
2015-03-14,3.62,0.52
2015-03-15,3.64,0.52
2015-03-16,6.52,0.52
2015-03-17,3.85,0.52
2015-03-18,1.58,0.52
2015-03-19,0.24,0.52
2015-03-20,0.77,0.51
2015-03-21,4.74,0.51
2015-03-22,3.12,0.51
2015-03-23,3.05,0.52
2015-03-24,2.11,0.51
2015-03-25,3.09,0.51
2015-03-26,2.17,0.5
2015-03-27,4.89,0.51
2015-03-28,0.56,0.5
2015-03-29,0.4,0.5
2015-03-30,1.05,0.49
2015-03-31,0.96,0.48
2015-04-01,0.59,0.48
2015-04-02,1.56,0.48
2015-04-03,1.71,0.47
2015-04-04,2.55,0.48
2015-04-05,0.67,0.48
2015-04-06,2.24,0.47
2015-04-07,6.5,0.48
2015-04-08,8.73,0.49
2015-04-09,7.82,0.51
2015-04-10,0.63,0.51
2015-04-11,6.38,0.51
2015-04-12,16.22,0.53
2015-04-13,0.64,0.53
2015-04-14,1.74,0.52
2015-04-15,0.45,0.52
2015-04-16,0.39,0.51
2015-04-17,0.1,0.5
2015-04-18,0.41,0.48
2015-04-19,2.19,0.48
2015-04-20,2.55,0.48
2015-04-21,8.14,0.49
2015-04-22,8.08,0.5
2015-04-23,7.62,0.51
2015-04-24,8.21,0.52
2015-04-25,1.82,0.52
2015-04-26,5.41,0.52
2015-04-27,1.69,0.52
2015-04-28,3.03,0.52
2015-04-29,4.99,0.52
2015-04-30,2.98,0.52
2015-05-01,8.17,0.51
2015-05-02,7.77,0.52
2015-05-03,6.9,0.53
2015-05-04,16.64,0.55
2015-05-05,5.08,0.55
2015-05-06,0.35,0.54
2015-05-07,0.56,0.53
2015-05-08,1.14,0.52
2015-05-09,1.03,0.51
2015-05-10,1.05,0.51
2015-05-11,3.03,0.51
2015-05-12,5.75,0.51
2015-05-13,5.1,0.51
2015-05-14,4.96,0.51
2015-05-15,3.17,0.51
2015-05-16,3.37,0.51
2015-05-17,3.34,0.5
2015-05-18,13.81,0.51
2015-05-19,14.53,0.55
2015-05-20,0.72,0.54
2015-05-21,2.77,0.53
2015-05-22,5.07,0.52
2015-05-23,5.38,0.52
2015-05-24,4.57,0.53
2015-05-25,5.15,0.53
2015-05-26,2.6,0.52
2015-05-27,4.54,0.52
2015-05-28,2.62,0.52
2015-05-29,1.26,0.52
2015-05-30,2.47,0.51
2015-05-31,3.77,0.51
2015-06-01,7.27,0.52
2015-06-02,11.04,0.53
2015-06-03,11.03,0.54
2015-06-04,4.23,0.55
2015-06-05,8.44,0.55
2015-06-06,1.93,0.55
2015-06-07,4.93,0.54
2015-06-08,9.12,0.55
2015-06-09,10.37,0.55
2015-06-10,15.09,0.57
2015-06-11,8.47,0.59
2015-06-12,2.74,0.58
2015-06-13,4.14,0.57
2015-06-14,7.98,0.57
2015-06-15,2.64,0.57
2015-06-16,1.49,0.55
2015-06-17,1.99,0.55
2015-06-18,1.43,0.54
2015-06-19,1.37,0.53
2015-06-20,2.53,0.53
2015-06-21,3.16,0.52
2015-06-22,3.48,0.52
2015-06-23,1.35,0.52
2015-06-24,2.75,0.52
2015-06-25,0.84,0.51
2015-06-26,1.39,0.51
2015-06-27,2.48,0.5
2015-06-28,4.66,0.5
2015-06-29,1.93,0.51
2015-06-30,3.77,0.5
2015-07-01,3.67,0.5
2015-07-02,5.36,0.5
2015-07-03,12.92,0.52
2015-07-04,10.34,0.53
2015-07-05,0.93,0.53
2015-07-06,1.16,0.52
2015-07-07,1.62,0.52
2015-07-08,2.18,0.51
2015-07-09,1.97,0.51
2015-07-10,4.26,0.52
2015-07-11,7.77,0.52
2015-07-12,8.04,0.53
2015-07-13,10.9,0.54
2015-07-14,5.88,0.55
2015-07-15,4.25,0.55
2015-07-16,5.82,0.55
2015-07-17,2.2,0.54
2015-07-18,1.86,0.53
2015-07-19,2.63,0.53
2015-07-20,2.36,0.52
2015-07-21,9.45,0.52
2015-07-22,5.93,0.53
2015-07-23,0.76,0.53
2015-07-24,1.03,0.52
2015-07-25,1.97,0.52
2015-07-26,0.61,0.51
2015-07-27,0.49,0.5
2015-07-28,1.23,0.5
2015-07-29,0.29,0.49
2015-07-30,0.1,0.48
2015-07-31,0.19,0.48
2015-08-01,0.54,0.48
2015-08-02,0.99,0.48
2015-08-03,1.36,0.48
2015-08-04,2.2,0.48
2015-08-05,0.29,0.47
2015-08-06,1.08,0.47
2015-08-07,5.98,0.48
2015-08-08,2.18,0.48
2015-08-09,1.4,0.48
2015-08-10,7.0,0.48
2015-08-11,8.78,0.49
2015-08-12,1.67,0.49
2015-08-13,2.23,0.49
2015-08-14,3.31,0.48
2015-08-15,3.85,0.48
2015-08-16,2.77,0.48
2015-08-17,1.9,0.48
2015-08-18,2.42,0.48
2015-08-19,4.64,0.48
2015-08-20,6.4,0.48
2015-08-21,8.75,0.5
2015-08-22,6.22,0.51
2015-08-23,1.96,0.51
2015-08-24,6.17,0.51
2015-08-25,5.79,0.52
2015-08-26,1.77,0.51
2015-08-27,16.78,0.51
2015-08-28,7.01,0.53
2015-08-29,0.74,0.52
2015-08-30,1.31,0.52
2015-08-31,2.15,0.51
2015-09-01,2.21,0.5
2015-09-02,5.69,0.5
2015-09-03,0.6,0.5
2015-09-04,1.65,0.49
2015-09-05,3.27,0.48
2015-09-06,1.8,0.48
2015-09-07,1.46,0.48
2015-09-08,0.99,0.48
2015-09-09,3.96,0.47
2015-09-10,1.01,0.47
2015-09-11,0.64,0.46
2015-09-12,2.61,0.46
2015-09-13,3.78,0.46
2015-09-14,3.37,0.46
2015-09-15,6.75,0.47
2015-09-16,4.74,0.48
2015-09-17,3.04,0.48
2015-09-18,0.68,0.47
2015-09-19,1.69,0.46
2015-09-20,1.33,0.46
2015-09-21,1.98,0.45
2015-09-22,1.44,0.45
2015-09-23,11.97,0.47
2015-09-24,4.01,0.48
2015-09-25,12.05,0.48
2015-09-26,13.3,0.5
2015-09-27,9.85,0.52
2015-09-28,9.29,0.52
2015-09-29,53.76,0.59
2015-09-30,6.7,0.6
2015-10-01,9.51,0.6
2015-10-02,3.15,0.59
2015-10-03,5.06,0.58
2015-10-04,4.26,0.57
2015-10-05,10.28,0.56
2015-10-06,8.79,0.56
2015-10-07,19.83,0.58
2015-10-08,3.66,0.59
2015-10-09,2.15,0.57
2015-10-10,7.29,0.56
2015-10-11,5.93,0.56
2015-10-12,9.93,0.57
2015-10-13,7.44,0.58
2015-10-14,8.85,0.58
2015-10-15,8.86,0.59
2015-10-16,4.67,0.59
2015-10-17,2.5,0.58
2015-10-18,4.65,0.57
2015-10-19,4.69,0.56
2015-10-20,7.86,0.56
2015-10-21,8.76,0.58
2015-10-22,8.74,0.58
2015-10-23,9.96,0.59
2015-10-24,2.78,0.59
2015-10-25,3.59,0.57
2015-10-26,6.73,0.57
2015-10-27,6.52,0.57
2015-10-28,6.1,0.57
2015-10-29,3.39,0.57
2015-10-30,5.22,0.57
2015-10-31,18.36,0.58
2015-11-01,22.0,0.61
2015-11-02,3.87,0.62
2015-11-03,0.6,0.6
2015-11-04,3.03,0.59
2015-11-05,2.62,0.59
2015-11-06,2.87,0.58
2015-11-07,5.93,0.58
2015-11-08,2.74,0.58
2015-11-09,3.89,0.57
2015-11-10,6.63,0.57
2015-11-11,7.24,0.59
2015-11-12,1.37,0.58
2015-11-13,0.76,0.57
2015-11-14,0.16,0.56
2015-11-15,0.06,0.55
2015-11-16,0.03,0.54
2015-11-17,0.3,0.53
2015-11-18,0.59,0.53
2015-11-19,0.78,0.52
2015-11-20,0.13,0.52
2015-11-21,0.83,0.52
2015-11-22,1.52,0.51
2015-11-23,0.2,0.51
2015-11-24,0.2,0.51
2015-11-25,2.68,0.5
2015-11-26,3.61,0.51
2015-11-27,0.41,0.51
2015-11-28,0.24,0.5
2015-11-29,0.13,0.49
2015-11-30,0.02,0.49
2015-12-01,0.05,0.48
2015-12-02,2.3,0.48
2015-12-03,3.26,0.48
2015-12-04,3.4,0.49
2015-12-05,0.52,0.49
2015-12-06,0.8,0.49
2015-12-07,0.0,0.48
2015-12-08,0.0,0.48
2015-12-09,0.0,0.48
2015-12-10,0.0,0.48
2015-12-11,0.0,0.48
2015-12-12,0.03,0.47
2015-12-13,0.04,0.47
2015-12-14,0.01,0.47
2015-12-15,0.01,0.46
2015-12-16,0.0,0.46
2015-12-17,0.0,0.46
2015-12-18,0.0,0.45
2015-12-19,0.0,0.45
2015-12-20,0.0,0.45
2015-12-21,0.0,0.45
2015-12-22,0.0,0.45
2015-12-23,0.0,0.45
2015-12-24,0.0,0.45
2015-12-25,0.0,0.45
2015-12-26,0.0,0.44
2015-12-27,0.0,0.44
2015-12-28,0.0,0.44
2015-12-29,0.0,0.44
2015-12-30,0.0,0.44
2015-12-31,0.0,0.43
2016-01-01,0.0,0.43
2016-01-02,0.0,0.43
2016-01-03,0.0,0.43
2016-01-04,0.0,0.43
2016-01-05,0.0,0.43
2016-01-06,0.0,0.43
2016-01-07,0.0,0.43
2016-01-08,0.0,0.42
2016-01-09,0.0,0.42
2016-01-10,0.0,0.42
2016-01-11,0.0,0.42
2016-01-12,0.0,0.41
2016-01-13,0.0,0.41
2016-01-14,0.0,0.41
2016-01-15,0.0,0.41
2016-01-16,0.09,0.41
2016-01-17,0.09,0.41
2016-01-18,0.14,0.41
2016-01-19,0.06,0.41
2016-01-20,0.25,0.41
2016-01-21,0.27,0.41
2016-01-22,0.01,0.41
2016-01-23,0.0,0.41
2016-01-24,0.0,0.41
2016-01-25,0.03,0.41
2016-01-26,0.0,0.41
2016-01-27,0.0,0.41
2016-01-28,0.0,0.41
2016-01-29,0.0,0.41
2016-01-30,0.0,0.41
2016-01-31,0.0,0.4
2016-02-01,0.0,0.4
2016-02-02,0.0,0.4
2016-02-03,0.0,0.4
2016-02-04,0.0,0.4
2016-02-05,0.0,0.4
2016-02-06,0.0,0.4
2016-02-07,0.0,0.4
2016-02-08,0.0,0.4
2016-02-09,0.0,0.4
2016-02-10,0.0,0.39
2016-02-11,0.0,0.39
2016-02-12,0.0,0.39
2016-02-13,0.0,0.39
2016-02-14,0.0,0.39
2016-02-15,0.0,0.39
2016-02-16,0.0,0.39
2016-02-17,0.01,0.39
2016-02-18,0.0,0.39
2016-02-19,0.0,0.39
2016-02-20,0.04,0.39
2016-02-21,0.0,0.39
2016-02-22,0.12,0.38
2016-02-23,0.97,0.39
2016-02-24,0.01,0.39
2016-02-25,0.04,0.39
2016-02-26,0.04,0.39
2016-02-27,1.15,0.39
2016-02-28,0.99,0.39
2016-02-29,5.44,0.39
2016-03-01,6.41,0.41
2016-03-02,0.0,0.41
2016-03-03,0.0,0.4
2016-03-04,0.0,0.4
2016-03-05,0.0,0.39
2016-03-06,0.0,0.39
2016-03-07,1.08,0.39
2016-03-08,3.56,0.4
2016-03-09,2.22,0.4
2016-03-10,4.87,0.41
2016-03-11,7.13,0.41
2016-03-12,7.35,0.42
2016-03-13,5.59,0.43
2016-03-14,8.32,0.44
2016-03-15,0.99,0.44
2016-03-16,2.56,0.43
2016-03-17,7.8,0.44
2016-03-18,9.68,0.45
2016-03-19,4.51,0.46
2016-03-20,1.94,0.45
2016-03-21,5.55,0.45
2016-03-22,8.48,0.46
2016-03-23,4.95,0.46
2016-03-24,5.1,0.46
2016-03-25,1.21,0.46
2016-03-26,1.49,0.45
2016-03-27,0.53,0.44
2016-03-28,0.68,0.43
2016-03-29,0.6,0.42
2016-03-30,1.49,0.42
2016-03-31,0.96,0.42
2016-04-01,1.99,0.42
2016-04-02,0.62,0.42
2016-04-03,0.83,0.41
2016-04-04,2.95,0.41
2016-04-05,8.8,0.42
2016-04-06,5.66,0.44
2016-04-07,2.16,0.44
2016-04-08,2.15,0.44
2016-04-09,3.2,0.44
2016-04-10,8.9,0.45
2016-04-11,7.56,0.45
2016-04-12,5.98,0.46
2016-04-13,7.7,0.46
2016-04-14,4.64,0.46
2016-04-15,11.15,0.47
2016-04-16,3.45,0.48
2016-04-17,2.15,0.47
2016-04-18,4.77,0.47
2016-04-19,1.33,0.46
2016-04-20,1.02,0.45
2016-04-21,1.11,0.45
2016-04-22,0.03,0.44
2016-04-23,0.08,0.43
2016-04-24,0.29,0.43
2016-04-25,0.61,0.42
2016-04-26,1.16,0.42
2016-04-27,2.16,0.41
2016-04-28,3.0,0.42
2016-04-29,0.83,0.42
2016-04-30,0.92,0.41
2016-05-01,0.27,0.41
2016-05-02,2.02,0.41
2016-05-03,0.65,0.41
2016-05-04,0.26,0.41
2016-05-05,0.32,0.41
2016-05-06,5.82,0.41
2016-05-07,3.23,0.41
2016-05-08,2.57,0.41
2016-05-09,2.53,0.41
2016-05-10,0.93,0.41
2016-05-11,2.18,0.41
2016-05-12,6.6,0.42
2016-05-13,5.12,0.43
2016-05-14,0.73,0.43
2016-05-15,0.68,0.42
2016-05-16,4.23,0.42
2016-05-17,21.95,0.45
2016-05-18,6.25,0.46
2016-05-19,0.15,0.45
2016-05-20,2.22,0.45
2016-05-21,6.78,0.45
2016-05-22,4.08,0.45
2016-05-23,2.77,0.45
2016-05-24,6.48,0.45
2016-05-25,14.59,0.46
2016-05-26,8.02,0.47
2016-05-27,13.87,0.49
2016-05-28,5.2,0.5
2016-05-29,11.24,0.49
2016-05-30,7.62,0.5
2016-05-31,3.91,0.5
2016-06-01,4.31,0.48
2016-06-02,6.36,0.48
2016-06-03,4.34,0.48
2016-06-04,0.53,0.48
2016-06-05,1.93,0.47
2016-06-06,12.47,0.47
2016-06-07,3.47,0.48
2016-06-08,8.61,0.48
2016-06-09,11.83,0.49
2016-06-10,8.51,0.51
2016-06-11,3.62,0.51
2016-06-12,2.76,0.5
2016-06-13,42.65,0.53
2016-06-14,5.79,0.58
2016-06-15,0.61,0.55
2016-06-16,5.02,0.54
2016-06-17,11.86,0.55
2016-06-18,0.5,0.53
2016-06-19,1.18,0.52
2016-06-20,9.02,0.52
2016-06-21,9.48,0.52
2016-06-22,8.86,0.52
2016-06-23,7.17,0.53
2016-06-24,10.54,0.53
2016-06-25,6.67,0.53
2016-06-26,2.29,0.53
2016-06-27,5.28,0.52
2016-06-28,8.46,0.52
2016-06-29,1.83,0.52
2016-06-30,6.19,0.52
2016-07-01,5.97,0.52
2016-07-02,2.94,0.52
2016-07-03,10.85,0.52
2016-07-04,14.21,0.53
2016-07-05,2.23,0.54
2016-07-06,3.48,0.53
2016-07-07,3.1,0.52
2016-07-08,2.23,0.52
2016-07-09,1.89,0.51
2016-07-10,4.28,0.51
2016-07-11,7.45,0.52
2016-07-12,2.1,0.52
2016-07-13,1.5,0.51
2016-07-14,4.87,0.51
2016-07-15,5.47,0.51
2016-07-16,2.31,0.51
2016-07-17,7.13,0.5
2016-07-18,12.62,0.52
2016-07-19,12.99,0.54
2016-07-20,2.47,0.53
2016-07-21,1.39,0.53
2016-07-22,0.14,0.52
2016-07-23,0.66,0.51
2016-07-24,1.2,0.5
2016-07-25,36.9,0.53
2016-07-26,6.8,0.56
2016-07-27,3.35,0.55
2016-07-28,3.19,0.55
2016-07-29,5.04,0.54
2016-07-30,4.64,0.54
2016-07-31,4.24,0.54
2016-08-01,1.79,0.53
2016-08-02,2.11,0.52
2016-08-03,5.69,0.52
2016-08-04,5.24,0.52
2016-08-05,2.28,0.52
2016-08-06,3.84,0.52
2016-08-07,5.52,0.52
2016-08-08,1.6,0.52
2016-08-09,4.19,0.51
2016-08-10,9.42,0.52
2016-08-11,2.06,0.52
2016-08-12,3.63,0.52
2016-08-13,8.74,0.52
2016-08-14,10.18,0.52
2016-08-15,17.03,0.55
2016-08-16,1.74,0.55
2016-08-17,7.69,0.54
2016-08-18,8.45,0.55
2016-08-19,14.02,0.56
2016-08-20,6.35,0.56
2016-08-21,7.03,0.56
2016-08-22,2.16,0.56
2016-08-23,4.49,0.55
2016-08-24,6.79,0.55
2016-08-25,10.13,0.55
2016-08-26,4.7,0.56
2016-08-27,6.84,0.55
2016-08-28,47.58,0.62
2016-08-29,7.2,0.63
2016-08-30,7.53,0.62
2016-08-31,15.41,0.62
2016-09-01,3.72,0.62
2016-09-02,3.45,0.61
2016-09-03,3.91,0.6
2016-09-04,4.2,0.59
2016-09-05,13.71,0.59
2016-09-06,8.83,0.61
2016-09-07,4.44,0.6
2016-09-08,4.58,0.6
2016-09-09,3.56,0.59
2016-09-10,3.89,0.59
2016-09-11,10.29,0.59
2016-09-12,3.24,0.59
2016-09-13,1.17,0.58
2016-09-14,4.35,0.58
2016-09-15,8.36,0.59
2016-09-16,3.99,0.59
2016-09-17,4.77,0.59
2016-09-18,3.98,0.58
2016-09-19,3.72,0.58
2016-09-20,3.46,0.57
2016-09-21,8.85,0.58
2016-09-22,9.36,0.59
2016-09-23,6.67,0.59
2016-09-24,4.32,0.59
2016-09-25,3.6,0.59
2016-09-26,65.97,0.61
2016-09-27,20.85,0.71
2016-09-28,4.74,0.69
2016-09-29,12.27,0.68
2016-09-30,3.35,0.67
2016-10-01,8.64,0.66
2016-10-02,16.78,0.66
2016-10-03,4.64,0.66
2016-10-04,3.29,0.65
2016-10-05,3.4,0.64
2016-10-06,7.54,0.63
2016-10-07,6.05,0.63
2016-10-08,9.28,0.63
2016-10-09,56.31,0.66
2016-10-10,5.59,0.73
2016-10-11,2.83,0.7
2016-10-12,5.37,0.68
2016-10-13,3.38,0.66
2016-10-14,7.45,0.66
2016-10-15,12.78,0.66
2016-10-16,7.35,0.67
2016-10-17,4.41,0.66
2016-10-18,7.07,0.66
2016-10-19,4.3,0.66
2016-10-20,3.35,0.66
2016-10-21,5.49,0.65
2016-10-22,11.21,0.66
2016-10-23,0.65,0.66
2016-10-24,0.29,0.65
2016-10-25,0.5,0.64
2016-10-26,1.08,0.63
2016-10-27,0.88,0.62
2016-10-28,1.12,0.62
2016-10-29,1.55,0.62
2016-10-30,2.29,0.62
2016-10-31,4.25,0.62
2016-11-01,4.55,0.62
2016-11-02,2.73,0.62
2016-11-03,2.5,0.62
2016-11-04,2.56,0.62
2016-11-05,0.53,0.62
2016-11-06,0.32,0.62
2016-11-07,0.54,0.61
2016-11-08,0.17,0.61
2016-11-09,0.12,0.6
2016-11-10,0.06,0.59
2016-11-11,0.18,0.59
2016-11-12,1.52,0.59
2016-11-13,2.05,0.59
2016-11-14,5.38,0.59
2016-11-15,4.99,0.6
2016-11-16,2.65,0.6
2016-11-17,0.4,0.59
2016-11-18,0.25,0.59
2016-11-19,0.47,0.58
2016-11-20,1.15,0.58
2016-11-21,2.22,0.57
2016-11-22,3.72,0.58
2016-11-23,3.34,0.58
2016-11-24,2.88,0.59
2016-11-25,1.48,0.59
2016-11-26,2.91,0.59
2016-11-27,0.93,0.59
2016-11-28,3.09,0.59
2016-11-29,3.3,0.59
2016-11-30,2.76,0.59
2016-12-01,0.49,0.58
2016-12-02,4.73,0.58
2016-12-03,4.88,0.58
2016-12-04,1.48,0.58
2016-12-05,2.49,0.57
2016-12-06,6.04,0.58
2016-12-07,0.37,0.58
2016-12-08,1.69,0.57
2016-12-09,0.8,0.57
2016-12-10,0.08,0.57
2016-12-11,0.57,0.56
2016-12-12,2.35,0.55
2016-12-13,0.48,0.55
2016-12-14,0.02,0.55
2016-12-15,0.13,0.55
2016-12-16,0.14,0.54
2016-12-17,0.03,0.54
2016-12-18,0.1,0.53
2016-12-19,0.01,0.53
2016-12-20,0.03,0.53
2016-12-21,0.03,0.52
2016-12-22,0.02,0.52
2016-12-23,0.0,0.52
2016-12-24,0.0,0.52
2016-12-25,0.03,0.52
2016-12-26,0.0,0.51
2016-12-27,0.0,0.51
2016-12-28,0.0,0.5
2016-12-29,0.0,0.5
2016-12-30,0.0,0.5
2016-12-31,0.0,0.5
2017-01-01,0.01,0.49
2017-01-02,0.02,0.49
2017-01-03,0.01,0.49
2017-01-04,0.0,0.48
2017-01-05,0.0,0.48
2017-01-06,0.0,0.48
2017-01-07,0.0,0.48
2017-01-08,0.02,0.48
2017-01-09,0.02,0.48
2017-01-10,0.01,0.47
2017-01-11,1.08,0.47
2017-01-12,0.37,0.47
2017-01-13,3.33,0.47
2017-01-14,0.0,0.47
2017-01-15,0.0,0.47
2017-01-16,0.0,0.46
2017-01-17,0.14,0.46
2017-01-18,2.84,0.46
2017-01-19,5.04,0.47
2017-01-20,1.04,0.47
2017-01-21,0.48,0.47
2017-01-22,0.47,0.47
2017-01-23,0.04,0.46
2017-01-24,0.01,0.46
2017-01-25,0.01,0.45
2017-01-26,0.0,0.45
2017-01-27,0.0,0.45
2017-01-28,0.0,0.45
2017-01-29,0.0,0.45
2017-01-30,0.0,0.44
2017-01-31,0.06,0.44
2017-02-01,1.14,0.44
2017-02-02,2.2,0.45
2017-02-03,0.22,0.45
2017-02-04,2.18,0.45
2017-02-05,0.01,0.44
2017-02-06,0.01,0.44
2017-02-07,0.0,0.44
2017-02-08,0.0,0.43
2017-02-09,0.0,0.43
2017-02-10,1.3,0.43
2017-02-11,1.76,0.44
2017-02-12,8.17,0.45
2017-02-13,15.27,0.47
2017-02-14,0.87,0.48
2017-02-15,0.01,0.47
2017-02-16,0.1,0.46
2017-02-17,0.54,0.45
2017-02-18,0.08,0.45
2017-02-19,0.05,0.45
2017-02-20,0.05,0.45
2017-02-21,0.49,0.44
2017-02-22,7.47,0.45
2017-02-23,4.93,0.46
2017-02-24,3.6,0.46
2017-02-25,5.25,0.47
2017-02-26,2.56,0.47
2017-02-27,0.97,0.48
2017-02-28,0.24,0.47
2017-03-01,0.82,0.46
2017-03-02,0.76,0.46
2017-03-03,1.19,0.45
2017-03-04,2.13,0.45
2017-03-05,1.4,0.45
2017-03-06,1.47,0.45
2017-03-07,1.07,0.45
2017-03-08,0.12,0.45
2017-03-09,0.17,0.44
2017-03-10,0.57,0.43
2017-03-11,1.33,0.43
2017-03-12,7.87,0.44
2017-03-13,2.48,0.45
2017-03-14,4.17,0.45
2017-03-15,1.18,0.45
2017-03-16,1.29,0.45
2017-03-17,3.7,0.45
2017-03-18,5.67,0.45
2017-03-19,7.8,0.45
2017-03-20,5.81,0.47
2017-03-21,5.84,0.47
2017-03-22,2.86,0.48
2017-03-23,4.09,0.48
2017-03-24,11.53,0.48
2017-03-25,6.31,0.5
2017-03-26,1.45,0.49
2017-03-27,3.38,0.48
2017-03-28,2.66,0.48
2017-03-29,8.65,0.49
2017-03-30,7.38,0.5
2017-03-31,0.54,0.49
2017-04-01,0.83,0.48
2017-04-02,2.99,0.48
2017-04-03,7.42,0.48
2017-04-04,1.63,0.48
2017-04-05,1.88,0.47
2017-04-06,6.28,0.48
2017-04-07,3.85,0.47
2017-04-08,5.65,0.48
2017-04-09,2.74,0.48
2017-04-10,4.13,0.48
2017-04-11,0.14,0.47
2017-04-12,0.23,0.47
2017-04-13,0.01,0.46
2017-04-14,0.02,0.45
2017-04-15,0.02,0.45
2017-04-16,6.06,0.45
2017-04-17,3.9,0.45
2017-04-18,3.17,0.45
2017-04-19,3.44,0.45
2017-04-20,11.3,0.46
2017-04-21,12.98,0.48
2017-04-22,1.83,0.48
2017-04-23,0.2,0.48
2017-04-24,5.06,0.47
2017-04-25,9.54,0.48
2017-04-26,7.1,0.49
2017-04-27,4.95,0.49
2017-04-28,8.83,0.49
2017-04-29,0.74,0.49
2017-04-30,0.22,0.48
2017-05-01,0.52,0.47
2017-05-02,2.77,0.47
2017-05-03,4.53,0.46
2017-05-04,10.12,0.48
2017-05-05,1.84,0.48
2017-05-06,1.5,0.47
2017-05-07,3.88,0.47
2017-05-08,5.54,0.47
2017-05-09,1.15,0.46
2017-05-10,1.27,0.45
2017-05-11,5.36,0.45
2017-05-12,10.87,0.47
2017-05-13,3.38,0.48
2017-05-14,7.48,0.48
2017-05-15,2.98,0.48
2017-05-16,0.87,0.48
2017-05-17,1.99,0.47
2017-05-18,9.41,0.48
2017-05-19,12.62,0.5
2017-05-20,6.57,0.5
2017-05-21,4.37,0.5
2017-05-22,2.3,0.49
2017-05-23,2.13,0.48
2017-05-24,6.96,0.48
2017-05-25,5.89,0.49
2017-05-26,0.97,0.48
2017-05-27,5.11,0.48
2017-05-28,2.41,0.48
2017-05-29,3.6,0.48
2017-05-30,15.17,0.49
2017-05-31,5.37,0.5
2017-06-01,0.93,0.49
2017-06-02,3.2,0.48
2017-06-03,6.39,0.49
2017-06-04,2.34,0.49
2017-06-05,4.86,0.49
2017-06-06,7.29,0.49
2017-06-07,2.03,0.49
2017-06-08,2.38,0.48
2017-06-09,5.89,0.48
2017-06-10,22.81,0.51
2017-06-11,17.17,0.55
2017-06-12,9.83,0.55
2017-06-13,13.37,0.56
2017-06-14,14.98,0.58
2017-06-15,8.98,0.58
2017-06-16,9.51,0.58
2017-06-17,1.98,0.57
2017-06-18,2.91,0.56
2017-06-19,6.51,0.55
2017-06-20,16.18,0.55
2017-06-21,10.06,0.58
2017-06-22,0.24,0.56
2017-06-23,2.51,0.55
2017-06-24,35.37,0.57
2017-06-25,13.97,0.62
2017-06-26,1.52,0.6
2017-06-27,9.28,0.59
2017-06-28,2.2,0.59
2017-06-29,8.59,0.59
2017-06-30,2.48,0.58
2017-07-01,5.18,0.57
2017-07-02,9.24,0.57
2017-07-03,5.07,0.58
2017-07-04,6.02,0.57
2017-07-05,7.68,0.57
2017-07-06,2.86,0.57
2017-07-07,6.54,0.57
2017-07-08,5.0,0.57
2017-07-09,5.31,0.56
2017-07-10,11.39,0.58
2017-07-11,1.02,0.58
2017-07-12,0.3,0.56
2017-07-13,0.4,0.55
2017-07-14,1.98,0.54
2017-07-15,1.18,0.53
2017-07-16,0.97,0.53
2017-07-17,1.29,0.52
2017-07-18,4.1,0.52
2017-07-19,7.02,0.53
2017-07-20,2.86,0.53
2017-07-21,4.33,0.53
2017-07-22,2.77,0.52
2017-07-23,10.11,0.53
2017-07-24,2.75,0.54
2017-07-25,4.62,0.54
2017-07-26,2.92,0.53
2017-07-27,5.2,0.53
2017-07-28,5.01,0.54
2017-07-29,4.78,0.54
2017-07-30,9.2,0.55
2017-07-31,1.47,0.55
2017-08-01,11.21,0.55
2017-08-02,6.21,0.55
2017-08-03,8.35,0.55
2017-08-04,3.11,0.55
2017-08-05,8.88,0.55
2017-08-06,7.44,0.56
2017-08-07,0.92,0.55
2017-08-08,2.33,0.55
2017-08-09,2.28,0.54
2017-08-10,1.93,0.54
2017-08-11,0.99,0.53
2017-08-12,1.07,0.52
2017-08-13,3.04,0.52
2017-08-14,4.04,0.52
2017-08-15,10.56,0.53
2017-08-16,0.63,0.53
2017-08-17,1.45,0.52
2017-08-18,3.04,0.52
2017-08-19,2.32,0.52
2017-08-20,0.75,0.51
2017-08-21,1.5,0.5
2017-08-22,33.84,0.55
2017-08-23,0.48,0.55
2017-08-24,4.51,0.55
2017-08-25,8.22,0.55
2017-08-26,6.94,0.56
2017-08-27,3.81,0.56
2017-08-28,1.0,0.55
2017-08-29,3.4,0.55
2017-08-30,10.74,0.55
2017-08-31,7.95,0.56
2017-09-01,7.88,0.56
2017-09-02,8.16,0.57
2017-09-03,6.66,0.57
2017-09-04,6.6,0.57
2017-09-05,1.69,0.56
2017-09-06,2.13,0.55
2017-09-07,9.17,0.55
2017-09-08,33.6,0.6
2017-09-09,4.83,0.61
2017-09-10,3.36,0.6
2017-09-11,3.12,0.59
2017-09-12,6.18,0.59
2017-09-13,4.95,0.59
2017-09-14,1.02,0.57
2017-09-15,3.11,0.56
2017-09-16,2.59,0.56
2017-09-17,5.36,0.55
2017-09-18,3.28,0.56
2017-09-19,1.15,0.55
2017-09-20,3.87,0.55
2017-09-21,4.45,0.55
2017-09-22,15.6,0.55
2017-09-23,33.37,0.62
2017-09-24,7.63,0.62
2017-09-25,3.02,0.61
2017-09-26,7.35,0.6
2017-09-27,2.03,0.6
2017-09-28,5.31,0.59
2017-09-29,6.75,0.59
2017-09-30,5.11,0.59
2017-10-01,7.25,0.59
2017-10-02,7.29,0.6
2017-10-03,3.56,0.59
2017-10-04,6.29,0.59
2017-10-05,4.64,0.59
2017-10-06,6.82,0.59
2017-10-07,6.75,0.59
2017-10-08,4.42,0.6
2017-10-09,3.01,0.59
2017-10-10,4.58,0.59
2017-10-11,9.78,0.59
2017-10-12,2.77,0.59
2017-10-13,2.54,0.59
2017-10-14,1.85,0.58
2017-10-15,3.64,0.58
2017-10-16,0.73,0.57
2017-10-17,2.52,0.56
2017-10-18,1.01,0.55
2017-10-19,0.77,0.55
2017-10-20,0.8,0.55
2017-10-21,0.33,0.54
2017-10-22,0.77,0.53
2017-10-23,0.6,0.53
2017-10-24,1.18,0.52
2017-10-25,4.05,0.52
2017-10-26,2.43,0.53
2017-10-27,1.89,0.54
2017-10-28,0.75,0.54
2017-10-29,1.01,0.53
2017-10-30,0.72,0.53
2017-10-31,1.32,0.52
2017-11-01,1.23,0.52
2017-11-02,2.5,0.52
2017-11-03,1.15,0.52
2017-11-04,4.45,0.53
2017-11-05,2.49,0.53
2017-11-06,3.85,0.53
2017-11-07,1.2,0.53
2017-11-08,1.16,0.53
2017-11-09,2.4,0.53
2017-11-10,2.44,0.53
2017-11-11,0.46,0.52
2017-11-12,0.16,0.52
2017-11-13,0.24,0.51
2017-11-14,0.39,0.5
2017-11-15,1.14,0.5
2017-11-16,2.63,0.5
2017-11-17,2.17,0.51
2017-11-18,0.45,0.5
2017-11-19,1.48,0.5
2017-11-20,2.77,0.5
2017-11-21,1.28,0.5
2017-11-22,1.4,0.5
2017-11-23,1.81,0.5
2017-11-24,3.44,0.5
2017-11-25,2.35,0.5
2017-11-26,1.08,0.5
2017-11-27,0.01,0.49
2017-11-28,0.0,0.48
2017-11-29,0.0,0.48
2017-11-30,0.01,0.48
2017-12-01,0.0,0.47
2017-12-02,0.02,0.47
2017-12-03,0.05,0.46
2017-12-04,0.07,0.46
2017-12-05,0.07,0.46
2017-12-06,0.04,0.46
2017-12-07,0.06,0.46
2017-12-08,0.1,0.46
2017-12-09,0.08,0.45
2017-12-10,0.0,0.45
2017-12-11,0.0,0.45
2017-12-12,0.0,0.45
2017-12-13,0.0,0.45
2017-12-14,0.32,0.45
2017-12-15,0.72,0.45
2017-12-16,0.64,0.45
2017-12-17,0.04,0.45
2017-12-18,0.0,0.45
2017-12-19,0.13,0.44
2017-12-20,0.09,0.44
2017-12-21,0.16,0.44
2017-12-22,0.0,0.44
2017-12-23,0.0,0.44
2017-12-24,0.0,0.43
2017-12-25,0.0,0.43
2017-12-26,0.0,0.43
2017-12-27,0.0,0.43
2017-12-28,0.0,0.43
2017-12-29,0.0,0.43
2017-12-30,0.0,0.42
2017-12-31,0.0,0.42
2018-01-01,0.0,0.42
2018-01-02,0.0,0.42
2018-01-03,0.0,0.42
2018-01-04,0.0,0.42
2018-01-05,0.0,0.42
2018-01-06,0.0,0.42
2018-01-07,0.07,0.42
2018-01-08,0.32,0.42
2018-01-09,0.38,0.42
2018-01-10,0.04,0.41
2018-01-11,0.0,0.41
2018-01-12,0.0,0.41
2018-01-13,0.0,0.41
2018-01-14,0.0,0.41
2018-01-15,0.0,0.41
2018-01-16,0.01,0.41
2018-01-17,0.11,0.41
2018-01-18,0.04,0.41
2018-01-19,0.01,0.41
2018-01-20,0.01,0.41
2018-01-21,0.0,0.41
2018-01-22,0.0,0.41
2018-01-23,0.01,0.41
2018-01-24,0.01,0.4
2018-01-25,0.0,0.4
2018-01-26,0.0,0.4
2018-01-27,0.01,0.4
2018-01-28,0.31,0.4
2018-01-29,0.07,0.4
2018-01-30,0.0,0.4
2018-01-31,0.0,0.4
2018-02-01,0.06,0.4
2018-02-02,0.64,0.4
2018-02-03,0.69,0.4
2018-02-04,0.02,0.4
2018-02-05,0.02,0.4
2018-02-06,0.01,0.4
2018-02-07,0.01,0.4
2018-02-08,0.0,0.39
2018-02-09,0.0,0.39
2018-02-10,0.0,0.39
2018-02-11,0.0,0.39
2018-02-12,0.0,0.39
2018-02-13,0.0,0.38
2018-02-14,0.0,0.38
2018-02-15,1.02,0.38
2018-02-16,0.13,0.38
2018-02-17,0.44,0.38
2018-02-18,1.77,0.38
2018-02-19,9.25,0.4
2018-02-20,53.8,0.45
2018-02-21,8.46,0.52
2018-02-22,0.34,0.51
2018-02-23,2.2,0.49
2018-02-24,5.57,0.48
2018-02-25,4.46,0.49
2018-02-26,14.51,0.5
2018-02-27,8.91,0.51
2018-02-28,2.91,0.51
2018-03-01,3.27,0.5
2018-03-02,1.32,0.49
2018-03-03,0.13,0.48
2018-03-04,1.52,0.47
2018-03-05,3.02,0.46
2018-03-06,17.04,0.48
2018-03-07,6.7,0.48
2018-03-08,0.84,0.48
2018-03-09,1.57,0.47
2018-03-10,2.68,0.47
2018-03-11,1.68,0.47
2018-03-12,5.63,0.47
2018-03-13,4.77,0.47
2018-03-14,2.99,0.47
2018-03-15,7.92,0.47
2018-03-16,33.65,0.5
2018-03-17,1.27,0.53
2018-03-18,1.22,0.52
2018-03-19,3.11,0.51
2018-03-20,2.3,0.5
2018-03-21,4.2,0.49
2018-03-22,9.75,0.5
2018-03-23,0.88,0.5
2018-03-24,4.23,0.49
2018-03-25,1.54,0.48
2018-03-26,2.44,0.48
2018-03-27,1.0,0.48
2018-03-28,0.28,0.47
2018-03-29,0.22,0.46
2018-03-30,1.74,0.45
2018-03-31,5.14,0.46
2018-04-01,9.75,0.48
2018-04-02,0.02,0.47
2018-04-03,0.32,0.47
2018-04-04,1.72,0.46
2018-04-05,5.4,0.46
2018-04-06,1.01,0.46
2018-04-07,3.7,0.46
2018-04-08,3.3,0.46
2018-04-09,0.49,0.45
2018-04-10,1.07,0.45
2018-04-11,0.27,0.45
2018-04-12,1.87,0.45
2018-04-13,19.34,0.46
2018-04-14,1.21,0.48
2018-04-15,1.04,0.47
2018-04-16,7.67,0.48
2018-04-17,8.52,0.48
2018-04-18,9.16,0.49
2018-04-19,11.61,0.51
2018-04-20,8.97,0.52
2018-04-21,0.78,0.52
2018-04-22,1.37,0.5
2018-04-23,5.79,0.49
2018-04-24,2.14,0.49
2018-04-25,3.66,0.48
2018-04-26,27.84,0.52
2018-04-27,2.94,0.53
2018-04-28,3.48,0.52
2018-04-29,2.07,0.52
2018-04-30,4.3,0.51
2018-05-01,3.95,0.51
2018-05-02,2.96,0.51
2018-05-03,4.02,0.5
2018-05-04,9.53,0.5
2018-05-05,10.77,0.51
2018-05-06,12.6,0.53
2018-05-07,0.48,0.52
2018-05-08,2.25,0.52
2018-05-09,2.38,0.51
2018-05-10,5.37,0.51
2018-05-11,11.28,0.52
2018-05-12,0.69,0.52
2018-05-13,1.35,0.51
2018-05-14,0.46,0.5
2018-05-15,1.56,0.49
2018-05-16,3.54,0.48
2018-05-17,25.54,0.49
2018-05-18,0.65,0.53
2018-05-19,1.49,0.52
2018-05-20,2.38,0.5
2018-05-21,2.6,0.5
2018-05-22,4.64,0.5
2018-05-23,5.96,0.5
2018-05-24,2.9,0.5
2018-05-25,2.28,0.5
2018-05-26,4.8,0.49
2018-05-27,5.42,0.5
2018-05-28,7.77,0.51
2018-05-29,4.59,0.51
2018-05-30,4.22,0.51
2018-05-31,5.92,0.51
2018-06-01,6.1,0.52
2018-06-02,3.39,0.51
2018-06-03,3.23,0.51
2018-06-04,2.02,0.51
2018-06-05,1.3,0.5
2018-06-06,0.49,0.49
2018-06-07,4.45,0.49
2018-06-08,4.4,0.49
2018-06-09,2.77,0.49
2018-06-10,6.36,0.5
2018-06-11,8.35,0.51
2018-06-12,2.18,0.5
2018-06-13,2.55,0.5
2018-06-14,2.49,0.49
2018-06-15,6.93,0.49
2018-06-16,15.33,0.51
2018-06-17,21.07,0.55
2018-06-18,22.7,0.56
2018-06-19,30.16,0.61
2018-06-20,2.17,0.62
2018-06-21,4.31,0.6
2018-06-22,37.02,0.63
2018-06-23,4.57,0.62
2018-06-24,16.21,0.62
2018-06-25,28.22,0.66
2018-06-26,7.91,0.65
2018-06-27,8.08,0.64
2018-06-28,5.57,0.63
2018-06-29,6.46,0.62
2018-06-30,3.97,0.61
2018-07-01,15.32,0.61
2018-07-02,15.94,0.63
2018-07-03,1.94,0.62
2018-07-04,5.08,0.61
2018-07-05,6.36,0.6
2018-07-06,20.41,0.62
2018-07-07,7.33,0.63
2018-07-08,1.33,0.62
2018-07-09,3.33,0.6
2018-07-10,0.55,0.59
2018-07-11,1.48,0.59
2018-07-12,5.49,0.59
2018-07-13,2.93,0.59
2018-07-14,3.54,0.59
2018-07-15,1.89,0.58
2018-07-16,1.97,0.57
2018-07-17,4.04,0.57
2018-07-18,8.41,0.58
2018-07-19,0.73,0.58
2018-07-20,4.05,0.57
2018-07-21,5.13,0.57
2018-07-22,2.14,0.58
2018-07-23,1.57,0.57
2018-07-24,7.54,0.57
2018-07-25,10.02,0.58
2018-07-26,1.78,0.59
2018-07-27,0.11,0.58
2018-07-28,1.68,0.57
2018-07-29,1.11,0.56
2018-07-30,0.66,0.55
2018-07-31,0.06,0.55
2018-08-01,0.2,0.54
2018-08-02,0.32,0.53
2018-08-03,0.75,0.53
2018-08-04,1.83,0.53
2018-08-05,0.25,0.52
2018-08-06,0.38,0.52
2018-08-07,1.29,0.52
2018-08-08,1.96,0.52
2018-08-09,2.32,0.52
2018-08-10,4.62,0.52
2018-08-11,3.78,0.52
2018-08-12,2.05,0.52
2018-08-13,3.46,0.52
2018-08-14,5.45,0.52
2018-08-15,3.39,0.53
2018-08-16,1.58,0.52
2018-08-17,10.85,0.52
2018-08-18,9.5,0.55
2018-08-19,8.33,0.55
2018-08-20,7.33,0.56
2018-08-21,3.62,0.56
2018-08-22,20.89,0.57
2018-08-23,10.72,0.6
2018-08-24,7.96,0.59
2018-08-25,16.31,0.61
2018-08-26,17.86,0.62
2018-08-27,5.82,0.63
2018-08-28,2.47,0.62
2018-08-29,6.49,0.61
2018-08-30,4.39,0.6
2018-08-31,6.94,0.6
2018-09-01,15.46,0.61
2018-09-02,4.6,0.61
2018-09-03,13.43,0.62
2018-09-04,5.68,0.62
2018-09-05,9.14,0.62
2018-09-06,3.88,0.61
2018-09-07,8.33,0.62
2018-09-08,15.2,0.62
2018-09-09,4.63,0.63
2018-09-10,4.77,0.62
2018-09-11,5.58,0.62
2018-09-12,7.48,0.62
2018-09-13,6.0,0.62
2018-09-14,0.59,0.62
2018-09-15,1.6,0.61
2018-09-16,1.12,0.6
2018-09-17,2.83,0.59
2018-09-18,3.33,0.59
2018-09-19,2.53,0.59
2018-09-20,3.0,0.59
2018-09-21,2.96,0.59
2018-09-22,4.68,0.59
2018-09-23,16.17,0.6
2018-09-24,2.31,0.62
2018-09-25,0.92,0.61
2018-09-26,19.78,0.62
2018-09-27,1.17,0.63
2018-09-28,3.45,0.62
2018-09-29,6.0,0.62
2018-09-30,6.81,0.62
2018-10-01,43.16,0.68
2018-10-02,1.93,0.68
2018-10-03,0.91,0.66
2018-10-04,2.37,0.65
2018-10-05,6.07,0.64
2018-10-06,7.83,0.64
2018-10-07,8.6,0.65
2018-10-08,0.22,0.64
2018-10-09,0.32,0.63
2018-10-10,0.56,0.62
2018-10-11,0.65,0.62
2018-10-12,0.33,0.61
2018-10-13,5.31,0.61
2018-10-14,8.82,0.61
2018-10-15,4.21,0.62
2018-10-16,8.57,0.62
2018-10-17,2.11,0.62
2018-10-18,3.01,0.62
2018-10-19,1.88,0.62
2018-10-20,0.79,0.61
2018-10-21,2.72,0.6
2018-10-22,6.68,0.6
2018-10-23,1.35,0.61
2018-10-24,0.35,0.6
2018-10-25,0.79,0.59
2018-10-26,0.42,0.59
2018-10-27,1.57,0.59
2018-10-28,7.19,0.59
2018-10-29,7.51,0.6
2018-10-30,7.17,0.62
2018-10-31,2.82,0.61
2018-11-01,4.01,0.61
2018-11-02,1.47,0.6
2018-11-03,1.72,0.59
2018-11-04,1.47,0.59
2018-11-05,2.56,0.59
2018-11-06,1.72,0.59
2018-11-07,0.66,0.59
2018-11-08,0.35,0.58
2018-11-09,0.63,0.58
2018-11-10,0.44,0.57
2018-11-11,0.21,0.57
2018-11-12,0.58,0.56
2018-11-13,0.34,0.56
2018-11-14,0.78,0.55
2018-11-15,3.25,0.55
2018-11-16,1.18,0.55
2018-11-17,2.66,0.55
2018-11-18,2.43,0.56
2018-11-19,2.99,0.55
2018-11-20,4.64,0.56
2018-11-21,0.44,0.56
2018-11-22,0.09,0.55
2018-11-23,0.61,0.55
2018-11-24,2.13,0.55
2018-11-25,1.05,0.55
2018-11-26,0.83,0.54
2018-11-27,1.61,0.54
2018-11-28,0.68,0.54
2018-11-29,0.83,0.53
2018-11-30,2.48,0.53
2018-12-01,3.34,0.53
2018-12-02,0.4,0.53
2018-12-03,0.01,0.52
2018-12-04,0.03,0.52
2018-12-05,0.15,0.52
2018-12-06,0.68,0.52
2018-12-07,0.0,0.51
2018-12-08,0.0,0.51
2018-12-09,0.0,0.5
2018-12-10,0.0,0.5
2018-12-11,0.0,0.49
2018-12-12,4.24,0.5
2018-12-13,4.02,0.51
2018-12-14,1.04,0.51
2018-12-15,0.01,0.5
2018-12-16,0.0,0.5
2018-12-17,0.0,0.49
2018-12-18,0.0,0.48
2018-12-19,0.13,0.48
2018-12-20,0.68,0.48
2018-12-21,4.94,0.48
2018-12-22,0.01,0.48
2018-12-23,0.0,0.48
2018-12-24,0.0,0.48
2018-12-25,0.0,0.48
2018-12-26,0.0,0.47
2018-12-27,0.0,0.47
2018-12-28,0.0,0.47
2018-12-29,0.0,0.47
2018-12-30,0.0,0.46
2018-12-31,0.0,0.46
2019-01-01,0.0,0.46
2019-01-02,0.0,0.45
2019-01-03,0.0,0.45
2019-01-04,0.0,0.45
2019-01-05,0.0,0.45
2019-01-06,0.0,0.45
2019-01-07,0.0,0.45
2019-01-08,0.0,0.45
2019-01-09,0.0,0.45
2019-01-10,0.0,0.44
2019-01-11,0.04,0.44
2019-01-12,0.03,0.44
2019-01-13,0.0,0.44
2019-01-14,0.0,0.44
2019-01-15,0.01,0.44
2019-01-16,0.24,0.44
2019-01-17,1.14,0.44
2019-01-18,3.76,0.44
2019-01-19,6.38,0.45
2019-01-20,0.17,0.45
2019-01-21,0.0,0.45
2019-01-22,0.0,0.44
2019-01-23,0.0,0.44
2019-01-24,0.0,0.43
2019-01-25,0.01,0.43
2019-01-26,0.0,0.43
2019-01-27,0.0,0.43
2019-01-28,0.0,0.42
2019-01-29,0.0,0.42
2019-01-30,0.01,0.42
2019-01-31,3.71,0.42
2019-02-01,5.93,0.43
2019-02-02,16.79,0.45
2019-02-03,3.71,0.47
2019-02-04,9.73,0.47
2019-02-05,8.29,0.5
2019-02-06,0.76,0.49
2019-02-07,0.22,0.48
2019-02-08,0.05,0.47
2019-02-09,0.12,0.46
2019-02-10,0.0,0.45
2019-02-11,0.0,0.45
2019-02-12,0.0,0.44
2019-02-13,0.0,0.44
2019-02-14,0.0,0.43
2019-02-15,0.0,0.43
2019-02-16,0.02,0.42
2019-02-17,0.26,0.42
2019-02-18,8.46,0.43
2019-02-19,10.75,0.45
2019-02-20,0.37,0.46
2019-02-21,0.09,0.45
2019-02-22,0.01,0.45
2019-02-23,0.02,0.45
2019-02-24,0.01,0.44
2019-02-25,0.35,0.44
2019-02-26,0.11,0.43
2019-02-27,0.07,0.43
2019-02-28,0.0,0.42
2019-03-01,0.0,0.42
2019-03-02,0.02,0.41
2019-03-03,0.0,0.41
2019-03-04,0.0,0.41
2019-03-05,0.06,0.41
2019-03-06,0.05,0.41
2019-03-07,0.09,0.41
2019-03-08,0.02,0.41
2019-03-09,0.28,0.41
2019-03-10,0.1,0.41
2019-03-11,0.02,0.41
2019-03-12,0.4,0.41
2019-03-13,0.14,0.4
2019-03-14,0.37,0.4
2019-03-15,2.25,0.4
2019-03-16,0.71,0.41
2019-03-17,7.14,0.41
2019-03-18,2.23,0.42
2019-03-19,0.92,0.41
2019-03-20,15.45,0.43
2019-03-21,1.16,0.45
2019-03-22,3.55,0.45
2019-03-23,0.39,0.44
2019-03-24,0.43,0.44
2019-03-25,3.85,0.44
2019-03-26,0.85,0.44
2019-03-27,7.61,0.44
2019-03-28,4.02,0.45
2019-03-29,6.56,0.45
2019-03-30,1.99,0.45
2019-03-31,4.01,0.45
2019-04-01,2.21,0.45
2019-04-02,8.37,0.45
2019-04-03,10.94,0.47
2019-04-04,8.57,0.48
2019-04-05,12.85,0.49
2019-04-06,0.5,0.49
2019-04-07,2.24,0.48
2019-04-08,7.33,0.48
2019-04-09,0.28,0.48
2019-04-10,4.21,0.47
2019-04-11,13.31,0.48
2019-04-12,1.92,0.49
2019-04-13,3.84,0.48
2019-04-14,9.77,0.48
2019-04-15,3.06,0.48
2019-04-16,10.93,0.48
2019-04-17,4.6,0.5
2019-04-18,3.65,0.48
2019-04-19,30.56,0.52
2019-04-20,1.3,0.52
2019-04-21,0.65,0.51
2019-04-22,4.22,0.5
2019-04-23,1.54,0.5
2019-04-24,0.64,0.49
2019-04-25,0.49,0.48
2019-04-26,16.81,0.48
2019-04-27,0.23,0.49
2019-04-28,1.92,0.48
2019-04-29,5.43,0.48
2019-04-30,4.56,0.48
2019-05-01,5.43,0.49
2019-05-02,6.52,0.5
2019-05-03,1.34,0.49
2019-05-04,17.42,0.5
2019-05-05,0.93,0.51
2019-05-06,0.2,0.5
2019-05-07,0.69,0.49
2019-05-08,0.3,0.48
2019-05-09,0.77,0.48
2019-05-10,0.45,0.47
2019-05-11,1.29,0.47
2019-05-12,1.22,0.46
2019-05-13,2.76,0.46
2019-05-14,2.49,0.46
2019-05-15,0.53,0.46
2019-05-16,0.72,0.45
2019-05-17,5.42,0.45
2019-05-18,11.93,0.46
2019-05-19,2.89,0.47
2019-05-20,4.4,0.47
2019-05-21,5.14,0.48
2019-05-22,21.17,0.5
2019-05-23,6.71,0.51
2019-05-24,1.38,0.51
2019-05-25,1.95,0.5
2019-05-26,0.49,0.49
2019-05-27,0.58,0.48
2019-05-28,0.24,0.48
2019-05-29,0.76,0.47
2019-05-30,1.27,0.46
2019-05-31,8.0,0.47
2019-06-01,5.4,0.48
2019-06-02,4.04,0.48
2019-06-03,4.92,0.48
2019-06-04,21.79,0.49
2019-06-05,7.47,0.52
2019-06-06,4.98,0.52
2019-06-07,13.15,0.52
2019-06-08,5.17,0.53
2019-06-09,4.66,0.52
2019-06-10,7.56,0.52
2019-06-11,4.3,0.53
2019-06-12,3.0,0.52
2019-06-13,1.36,0.51
2019-06-14,6.05,0.51
2019-06-15,1.68,0.51
2019-06-16,0.77,0.5
2019-06-17,0.69,0.49
2019-06-18,0.7,0.48
2019-06-19,0.58,0.48
2019-06-20,11.01,0.48
2019-06-21,8.66,0.48
2019-06-22,12.02,0.5
2019-06-23,13.47,0.52
2019-06-24,18.91,0.54
2019-06-25,2.75,0.55
2019-06-26,3.09,0.54
2019-06-27,3.63,0.53
2019-06-28,4.64,0.52
2019-06-29,5.86,0.52
2019-06-30,8.31,0.53
2019-07-01,2.62,0.52
2019-07-02,6.51,0.52
2019-07-03,14.0,0.53
2019-07-04,10.39,0.55
2019-07-05,2.76,0.55
2019-07-06,1.04,0.54
2019-07-07,1.71,0.52
2019-07-08,1.95,0.52
2019-07-09,1.54,0.52
2019-07-10,1.01,0.51
2019-07-11,0.11,0.5
2019-07-12,4.18,0.5
2019-07-13,3.0,0.5
2019-07-14,0.87,0.49
2019-07-15,0.22,0.48
2019-07-16,8.63,0.48
2019-07-17,8.95,0.49
2019-07-18,11.54,0.51
2019-07-19,14.12,0.52
2019-07-20,24.57,0.58
2019-07-21,3.57,0.57
2019-07-22,10.64,0.57
2019-07-23,5.48,0.57
2019-07-24,2.52,0.55
2019-07-25,4.02,0.55
2019-07-26,4.38,0.55
2019-07-27,8.84,0.55
2019-07-28,13.78,0.56
2019-07-29,9.65,0.57
2019-07-30,2.82,0.57
2019-07-31,1.44,0.55
2019-08-01,5.02,0.55
2019-08-02,9.43,0.55
2019-08-03,7.61,0.56
2019-08-04,1.54,0.55
2019-08-05,2.75,0.55
2019-08-06,6.17,0.55
2019-08-07,0.91,0.54
2019-08-08,3.91,0.53
2019-08-09,5.73,0.54
2019-08-10,2.27,0.54
2019-08-11,1.92,0.53
2019-08-12,0.95,0.52
2019-08-13,3.72,0.52
2019-08-14,4.27,0.52
2019-08-15,3.36,0.52
2019-08-16,4.44,0.52
2019-08-17,10.6,0.52
2019-08-18,35.22,0.59
2019-08-19,4.63,0.59
2019-08-20,28.56,0.61
2019-08-21,7.39,0.62
2019-08-22,1.25,0.6
2019-08-23,2.83,0.59
2019-08-24,7.87,0.59
2019-08-25,2.72,0.58
2019-08-26,12.97,0.58
2019-08-27,42.9,0.64
2019-08-28,30.95,0.67
2019-08-29,9.58,0.68
2019-08-30,4.7,0.66
2019-08-31,8.48,0.65
2019-09-01,10.42,0.65
2019-09-02,6.62,0.64
2019-09-03,4.13,0.63
2019-09-04,3.41,0.62
2019-09-05,11.65,0.62
2019-09-06,19.0,0.65
2019-09-07,15.43,0.65
2019-09-08,75.22,0.74
2019-09-09,30.41,0.77
2019-09-10,9.76,0.76
2019-09-11,3.65,0.73
2019-09-12,2.49,0.7
2019-09-13,2.36,0.69
2019-09-14,5.64,0.67
2019-09-15,8.12,0.67
2019-09-16,17.34,0.69
2019-09-17,4.01,0.69
2019-09-18,10.61,0.69
2019-09-19,7.56,0.68
2019-09-20,9.32,0.69
2019-09-21,8.35,0.69
2019-09-22,9.12,0.69
2019-09-23,11.11,0.7
2019-09-24,9.18,0.7
2019-09-25,7.19,0.69
2019-09-26,6.48,0.7
2019-09-27,7.27,0.69
2019-09-28,8.86,0.7
2019-09-29,1.09,0.69
2019-09-30,1.17,0.68
2019-10-01,3.12,0.67
2019-10-02,3.44,0.67
2019-10-03,2.47,0.66
2019-10-04,2.74,0.66
2019-10-05,6.42,0.67
2019-10-06,22.66,0.7
2019-10-07,5.64,0.7
2019-10-08,4.28,0.7
2019-10-09,5.0,0.69
2019-10-10,3.15,0.68
2019-10-11,6.58,0.68
2019-10-12,24.94,0.7
2019-10-13,5.31,0.71
2019-10-14,2.6,0.7
2019-10-15,0.83,0.69
2019-10-16,1.73,0.68
2019-10-17,1.44,0.68
2019-10-18,3.33,0.67
2019-10-19,3.26,0.67
2019-10-20,2.16,0.67
2019-10-21,3.16,0.67
2019-10-22,5.27,0.67
2019-10-23,9.63,0.68
2019-10-24,1.94,0.69
2019-10-25,2.53,0.68
2019-10-26,0.85,0.67
2019-10-27,1.73,0.67
2019-10-28,7.18,0.67
2019-10-29,54.07,0.74
2019-10-30,3.23,0.73
2019-10-31,12.57,0.73
2019-11-01,1.81,0.72
2019-11-02,2.39,0.71
2019-11-03,5.02,0.7
2019-11-04,3.3,0.7
2019-11-05,0.88,0.7
2019-11-06,0.37,0.69
2019-11-07,1.61,0.68
2019-11-08,1.73,0.68
2019-11-09,0.16,0.67
2019-11-10,0.1,0.66
2019-11-11,0.32,0.66
2019-11-12,3.8,0.66
2019-11-13,5.38,0.66
2019-11-14,10.76,0.67
2019-11-15,3.72,0.68
2019-11-16,1.69,0.68
2019-11-17,0.12,0.67
2019-11-18,0.11,0.67
2019-11-19,0.22,0.66
2019-11-20,0.02,0.66
2019-11-21,0.0,0.66
2019-11-22,0.74,0.65
2019-11-23,0.78,0.65
2019-11-24,2.55,0.65
2019-11-25,1.68,0.65
2019-11-26,1.04,0.65
2019-11-27,0.54,0.65
2019-11-28,0.88,0.64
2019-11-29,0.47,0.64
2019-11-30,0.35,0.63
2019-12-01,0.24,0.63
2019-12-02,0.26,0.63
2019-12-03,0.47,0.62
2019-12-04,0.08,0.62
2019-12-05,0.16,0.62
2019-12-06,0.37,0.62
2019-12-07,0.64,0.62
2019-12-08,1.58,0.62
2019-12-09,0.95,0.62
2019-12-10,0.15,0.62
2019-12-11,0.05,0.62
2019-12-12,0.38,0.61
2019-12-13,1.77,0.61
2019-12-14,3.24,0.61
2019-12-15,1.51,0.61
2019-12-16,0.4,0.61
2019-12-17,0.03,0.6
2019-12-18,0.03,0.59
2019-12-19,0.02,0.59
2019-12-20,0.0,0.59
2019-12-21,0.04,0.59
2019-12-22,0.0,0.59
2019-12-23,0.0,0.58
2019-12-24,0.0,0.58
2019-12-25,0.0,0.57
2019-12-26,0.0,0.57
2019-12-27,0.01,0.56
2019-12-28,0.02,0.56
2019-12-29,0.0,0.56
2019-12-30,0.0,0.55
2019-12-31,0.0,0.55
2020-01-01,0.01,0.55
2020-01-02,0.0,0.55
2020-01-03,0.0,0.54
2020-01-04,0.0,0.54
2020-01-05,0.0,0.54
2020-01-06,0.0,0.53
2020-01-07,0.0,0.53
2020-01-08,0.0,0.53
2020-01-09,0.0,0.53
2020-01-10,0.0,0.52
2020-01-11,0.25,0.52
2020-01-12,0.01,0.52
2020-01-13,0.0,0.52
2020-01-14,0.0,0.52
2020-01-15,0.0,0.52
2020-01-16,0.0,0.51
2020-01-17,0.0,0.51
2020-01-18,0.0,0.5
2020-01-19,0.0,0.5
2020-01-20,0.02,0.5
2020-01-21,0.37,0.5
2020-01-22,0.44,0.5
2020-01-23,0.02,0.5
2020-01-24,0.0,0.5
2020-01-25,0.0,0.49
2020-01-26,0.0,0.49
2020-01-27,0.0,0.49
2020-01-28,0.0,0.48
2020-01-29,0.0,0.48
2020-01-30,0.0,0.48
2020-01-31,0.0,0.48
2020-02-01,0.01,0.48
2020-02-02,0.02,0.48
2020-02-03,0.0,0.47
2020-02-04,0.0,0.47
2020-02-05,0.0,0.46
2020-02-06,0.0,0.46
2020-02-07,0.0,0.46
2020-02-08,0.0,0.45
2020-02-09,0.0,0.45
2020-02-10,1.66,0.45
2020-02-11,1.43,0.45
2020-02-12,0.0,0.45
2020-02-13,0.0,0.45
2020-02-14,0.0,0.45
2020-02-15,0.0,0.45
2020-02-16,0.0,0.45
2020-02-17,0.0,0.44
2020-02-18,0.03,0.44
2020-02-19,0.14,0.44
2020-02-20,0.25,0.44
2020-02-21,0.85,0.44
2020-02-22,0.45,0.44
2020-02-23,0.4,0.44
2020-02-24,0.23,0.44
2020-02-25,3.05,0.44
2020-02-26,0.03,0.44
2020-02-27,9.17,0.45
2020-02-28,12.64,0.46
2020-02-29,6.58,0.48
2020-03-01,4.29,0.48
2020-03-02,1.37,0.48
2020-03-03,2.37,0.48
2020-03-04,2.06,0.47
2020-03-05,4.34,0.47
2020-03-06,2.32,0.48
2020-03-07,2.61,0.47
2020-03-08,1.4,0.47
2020-03-09,11.58,0.47
2020-03-10,48.14,0.52
2020-03-11,1.31,0.57
2020-03-12,0.05,0.55
2020-03-13,0.07,0.53
2020-03-14,1.23,0.52
2020-03-15,6.37,0.52
2020-03-16,0.11,0.52
2020-03-17,4.12,0.51
2020-03-18,14.57,0.52
2020-03-19,1.8,0.52
2020-03-20,2.19,0.52
2020-03-21,4.23,0.52
2020-03-22,8.71,0.52
2020-03-23,14.8,0.55
2020-03-24,7.81,0.55
2020-03-25,2.78,0.55
2020-03-26,4.12,0.54
2020-03-27,1.72,0.53
2020-03-28,0.85,0.52
2020-03-29,1.86,0.52
2020-03-30,0.34,0.51
2020-03-31,1.02,0.5
2020-04-01,8.05,0.52
2020-04-02,1.07,0.52
2020-04-03,3.19,0.51
2020-04-04,11.48,0.52
2020-04-05,6.18,0.52
2020-04-06,8.91,0.53
2020-04-07,9.99,0.55
2020-04-08,10.16,0.55
2020-04-09,5.96,0.56
2020-04-10,4.44,0.55
2020-04-11,1.48,0.55
2020-04-12,1.43,0.54
2020-04-13,0.93,0.53
2020-04-14,4.05,0.52
2020-04-15,2.37,0.52
2020-04-16,0.21,0.52
2020-04-17,0.35,0.5
2020-04-18,1.41,0.5
2020-04-19,2.07,0.5
2020-04-20,11.31,0.52
2020-04-21,0.83,0.52
2020-04-22,0.63,0.51
2020-04-23,6.32,0.51
2020-04-24,2.87,0.52
2020-04-25,3.15,0.51
2020-04-26,12.66,0.52
2020-04-27,1.15,0.52
2020-04-28,2.36,0.52
2020-04-29,4.74,0.51
2020-04-30,9.6,0.52
2020-05-01,0.94,0.52
2020-05-02,3.48,0.52
2020-05-03,6.63,0.52
2020-05-04,5.97,0.52
2020-05-05,6.11,0.52
2020-05-06,5.57,0.52
2020-05-07,6.35,0.53
2020-05-08,4.37,0.52
2020-05-09,5.69,0.53
2020-05-10,4.89,0.52
2020-05-11,21.93,0.54
2020-05-12,0.38,0.55
2020-05-13,0.36,0.54
2020-05-14,0.72,0.53
2020-05-15,2.07,0.52
2020-05-16,11.73,0.53
2020-05-17,18.11,0.55
2020-05-18,11.27,0.58
2020-05-19,3.42,0.57
2020-05-20,8.27,0.56
2020-05-21,2.27,0.56
2020-05-22,2.9,0.55
2020-05-23,3.02,0.54
2020-05-24,2.88,0.54
2020-05-25,6.23,0.53
2020-05-26,7.94,0.55
2020-05-27,3.44,0.54
2020-05-28,4.33,0.54
2020-05-29,6.97,0.54
2020-05-30,2.78,0.54
2020-05-31,1.98,0.54
2020-06-01,6.22,0.54
2020-06-02,9.26,0.55
2020-06-03,2.04,0.55
2020-06-04,3.88,0.55
2020-06-05,9.91,0.55
2020-06-06,14.15,0.56
2020-06-07,9.57,0.58
2020-06-08,1.39,0.57
2020-06-09,11.36,0.56
2020-06-10,20.37,0.59
2020-06-11,6.21,0.61
2020-06-12,3.88,0.59
2020-06-13,9.25,0.59
2020-06-14,9.57,0.59
2020-06-15,2.34,0.59
2020-06-16,1.42,0.58
2020-06-17,8.37,0.58
2020-06-18,8.8,0.59
2020-06-19,3.72,0.59
2020-06-20,2.52,0.58
2020-06-21,1.83,0.57
2020-06-22,4.4,0.57
2020-06-23,2.74,0.56
2020-06-24,4.24,0.56
2020-06-25,19.33,0.57
2020-06-26,13.96,0.6
2020-06-27,10.92,0.61
2020-06-28,7.21,0.61
2020-06-29,14.54,0.61
2020-06-30,3.3,0.61
2020-07-01,6.59,0.6
2020-07-02,13.54,0.61
2020-07-03,17.45,0.62
2020-07-04,20.5,0.64
2020-07-05,0.47,0.64
2020-07-06,0.3,0.62
2020-07-07,1.01,0.61
2020-07-08,1.72,0.6
2020-07-09,2.17,0.59
2020-07-10,6.71,0.59
2020-07-11,5.02,0.6
2020-07-12,1.56,0.59
2020-07-13,2.61,0.59
2020-07-14,6.9,0.59
2020-07-15,0.4,0.59
2020-07-16,0.22,0.58
2020-07-17,2.45,0.58
2020-07-18,1.36,0.57
2020-07-19,2.92,0.57
2020-07-20,4.66,0.57
2020-07-21,8.36,0.58
2020-07-22,10.25,0.59
2020-07-23,7.41,0.6
2020-07-24,5.63,0.59
2020-07-25,4.11,0.6
2020-07-26,1.17,0.59
2020-07-27,2.29,0.59
2020-07-28,2.08,0.58
2020-07-29,1.65,0.57
2020-07-30,4.46,0.57
2020-07-31,7.58,0.57
2020-08-01,12.29,0.59
2020-08-02,2.61,0.59
2020-08-03,0.36,0.59
2020-08-04,0.23,0.57
2020-08-05,0.17,0.56
2020-08-06,1.22,0.55
2020-08-07,1.89,0.55
2020-08-08,2.61,0.55
2020-08-09,0.31,0.55
2020-08-10,0.66,0.54
2020-08-11,6.46,0.55
2020-08-12,0.25,0.55
2020-08-13,0.03,0.54
2020-08-14,6.49,0.54
2020-08-15,29.57,0.58
2020-08-16,3.79,0.59
2020-08-17,3.04,0.59
2020-08-18,7.99,0.58
2020-08-19,3.84,0.59
2020-08-20,1.64,0.57
2020-08-21,2.16,0.56
2020-08-22,5.08,0.56
2020-08-23,5.49,0.57
2020-08-24,0.23,0.56
2020-08-25,0.37,0.55
2020-08-26,0.82,0.55
2020-08-27,2.95,0.54
2020-08-28,9.86,0.55
2020-08-29,4.5,0.55
2020-08-30,2.69,0.55
2020-08-31,2.58,0.55
2020-09-01,1.07,0.55
2020-09-02,5.68,0.55
2020-09-03,28.02,0.59
2020-09-04,8.52,0.6
2020-09-05,10.14,0.59
2020-09-06,26.18,0.64
2020-09-07,1.76,0.62
2020-09-08,33.84,0.64
2020-09-09,11.26,0.68
2020-09-10,5.01,0.66
2020-09-11,6.09,0.65
2020-09-12,15.65,0.65
2020-09-13,9.42,0.66
2020-09-14,3.42,0.65
2020-09-15,6.77,0.63
2020-09-16,7.59,0.63
2020-09-17,6.53,0.63
2020-09-18,1.65,0.62
2020-09-19,5.59,0.62
2020-09-20,5.11,0.62
2020-09-21,0.99,0.62
2020-09-22,1.29,0.61
2020-09-23,6.59,0.6
2020-09-24,13.68,0.62
2020-09-25,2.18,0.62
2020-09-26,4.09,0.62
2020-09-27,2.92,0.62
2020-09-28,1.38,0.61
2020-09-29,1.52,0.6
2020-09-30,4.26,0.6
2020-10-01,3.89,0.6
2020-10-02,6.92,0.61
2020-10-03,16.81,0.63
2020-10-04,3.06,0.63
2020-10-05,11.67,0.63
2020-10-06,5.43,0.63
2020-10-07,9.77,0.65
2020-10-08,9.9,0.65
2020-10-09,5.86,0.65
2020-10-10,8.16,0.65
2020-10-11,10.89,0.65
2020-10-12,30.42,0.69
2020-10-13,4.13,0.68
2020-10-14,11.14,0.67
2020-10-15,14.23,0.68
2020-10-16,7.44,0.68
2020-10-17,1.24,0.66
2020-10-18,4.52,0.66
2020-10-19,3.98,0.65
2020-10-20,6.4,0.65
2020-10-21,4.0,0.65
2020-10-22,1.38,0.64
2020-10-23,1.36,0.63
2020-10-24,0.18,0.62
2020-10-25,0.42,0.62
2020-10-26,0.58,0.62
2020-10-27,0.67,0.61
2020-10-28,0.32,0.61
2020-10-29,0.28,0.6
2020-10-30,0.14,0.6
2020-10-31,0.22,0.59
2020-11-01,0.39,0.59
2020-11-02,1.93,0.59
2020-11-03,0.79,0.59
2020-11-04,1.23,0.59
2020-11-05,3.1,0.59
2020-11-06,1.4,0.59
2020-11-07,0.07,0.59
2020-11-08,0.43,0.59
2020-11-09,2.27,0.59
2020-11-10,1.5,0.59
2020-11-11,2.18,0.58
2020-11-12,0.51,0.58
2020-11-13,0.03,0.57
2020-11-14,0.1,0.56
2020-11-15,0.12,0.56
2020-11-16,0.27,0.55
2020-11-17,0.37,0.55
2020-11-18,0.58,0.55
2020-11-19,0.31,0.55
2020-11-20,0.15,0.55
2020-11-21,1.82,0.54
2020-11-22,0.57,0.55
2020-11-23,0.08,0.54
2020-11-24,0.19,0.54
2020-11-25,0.1,0.53
2020-11-26,0.02,0.53
2020-11-27,0.05,0.53
2020-11-28,0.09,0.52
2020-11-29,0.25,0.52
2020-11-30,0.23,0.52
2020-12-01,0.09,0.52
2020-12-02,0.07,0.52
2020-12-03,0.11,0.52
2020-12-04,0.03,0.51
2020-12-05,0.07,0.51
2020-12-06,0.1,0.5
2020-12-07,0.92,0.5
2020-12-08,4.8,0.5
2020-12-09,3.2,0.51
2020-12-10,3.01,0.51
2020-12-11,1.8,0.51
2020-12-12,2.87,0.51
2020-12-13,3.25,0.51
2020-12-14,9.8,0.52
2020-12-15,12.45,0.54
2020-12-16,9.12,0.55
2020-12-17,12.14,0.57
2020-12-18,0.74,0.57
2020-12-19,0.67,0.56
2020-12-20,0.66,0.55
2020-12-21,0.5,0.55
2020-12-22,0.06,0.53
2020-12-23,0.03,0.52
2020-12-24,0.61,0.52
2020-12-25,0.67,0.52
2020-12-26,0.1,0.51
2020-12-27,0.0,0.51
2020-12-28,0.0,0.5
2020-12-29,0.0,0.49
2020-12-30,0.0,0.49
2020-12-31,0.0,0.48
2021-01-01,0.14,0.48
2021-01-02,1.01,0.48
2021-01-03,3.48,0.48
2021-01-04,7.21,0.49
2021-01-05,12.51,0.51
2021-01-06,0.25,0.51
2021-01-07,0.48,0.51
2021-01-08,0.39,0.5
2021-01-09,1.16,0.5
2021-01-10,0.38,0.49
2021-01-11,1.61,0.49
2021-01-12,1.32,0.49
2021-01-13,0.18,0.49
2021-01-14,0.04,0.48
2021-01-15,0.02,0.48
2021-01-16,0.0,0.48
2021-01-17,0.01,0.47
2021-01-18,0.0,0.47
2021-01-19,0.0,0.46
2021-01-20,0.01,0.46
2021-01-21,0.0,0.46
2021-01-22,0.0,0.45
2021-01-23,0.0,0.45
2021-01-24,0.0,0.45
2021-01-25,0.0,0.45
2021-01-26,0.0,0.45
2021-01-27,0.0,0.45
2021-01-28,0.0,0.45
2021-01-29,0.0,0.45
2021-01-30,0.01,0.44
2021-01-31,0.0,0.44
2021-02-01,0.0,0.44
2021-02-02,0.0,0.44
2021-02-03,0.0,0.44
2021-02-04,0.0,0.43
2021-02-05,0.37,0.43
2021-02-06,0.99,0.43
2021-02-07,0.33,0.43
2021-02-08,0.65,0.43
2021-02-09,0.11,0.43
2021-02-10,0.15,0.43
2021-02-11,0.09,0.43
2021-02-12,0.22,0.42
2021-02-13,0.47,0.42
2021-02-14,2.23,0.42
2021-02-15,13.26,0.44
2021-02-16,18.65,0.48
2021-02-17,6.35,0.49
2021-02-18,13.09,0.5
2021-02-19,0.24,0.5
2021-02-20,0.0,0.49
2021-02-21,0.0,0.48
2021-02-22,0.0,0.47
2021-02-23,0.0,0.46
2021-02-24,0.0,0.45
2021-02-25,0.1,0.45
2021-02-26,0.33,0.45
2021-02-27,0.15,0.45
2021-02-28,1.21,0.44
2021-03-01,0.36,0.44
2021-03-02,0.09,0.44
2021-03-03,0.19,0.43
2021-03-04,0.42,0.43
2021-03-05,1.54,0.43
2021-03-06,2.38,0.43
2021-03-07,2.27,0.43
2021-03-08,2.2,0.44
2021-03-09,6.76,0.45
2021-03-10,4.76,0.45
2021-03-11,8.79,0.46
2021-03-12,0.65,0.46
2021-03-13,1.26,0.46
2021-03-14,1.19,0.46
2021-03-15,0.74,0.45
2021-03-16,0.64,0.45
2021-03-17,13.29,0.45
2021-03-18,6.49,0.48
2021-03-19,0.99,0.48
2021-03-20,3.1,0.48
2021-03-21,4.47,0.48
2021-03-22,4.33,0.48
2021-03-23,2.17,0.48
2021-03-24,3.35,0.48
2021-03-25,0.65,0.48
2021-03-26,0.43,0.47
2021-03-27,3.52,0.46
2021-03-28,4.31,0.46
2021-03-29,2.89,0.46
2021-03-30,0.63,0.46
2021-03-31,0.43,0.45
2021-04-01,0.17,0.45
2021-04-02,0.65,0.44
2021-04-03,0.8,0.44
2021-04-04,1.92,0.44
2021-04-05,3.19,0.44
2021-04-06,2.64,0.44
2021-04-07,2.47,0.45
2021-04-08,3.25,0.45
2021-04-09,7.85,0.45
2021-04-10,2.05,0.46
2021-04-11,2.28,0.45
2021-04-12,2.63,0.45
2021-04-13,13.36,0.45
2021-04-14,75.12,0.57
2021-04-15,1.09,0.57
2021-04-16,11.21,0.55
2021-04-17,27.01,0.59
2021-04-18,6.56,0.59
2021-04-19,7.38,0.59
2021-04-20,2.13,0.57
2021-04-21,7.17,0.56
2021-04-22,2.41,0.55
2021-04-23,3.73,0.55
2021-04-24,13.49,0.55
2021-04-25,5.2,0.55
2021-04-26,0.78,0.54
2021-04-27,3.01,0.53
2021-04-28,3.17,0.53
2021-04-29,0.33,0.52
2021-04-30,0.72,0.51
2021-05-01,0.35,0.5
2021-05-02,3.74,0.5
2021-05-03,4.29,0.5
2021-05-04,0.65,0.5
2021-05-05,2.36,0.49
2021-05-06,0.57,0.49
2021-05-07,0.13,0.48
2021-05-08,1.15,0.48
2021-05-09,0.98,0.48
2021-05-10,0.7,0.47
2021-05-11,0.87,0.46
2021-05-12,0.99,0.46
2021-05-13,1.17,0.46
2021-05-14,2.39,0.45
2021-05-15,2.94,0.46
2021-05-16,4.74,0.47
2021-05-17,2.06,0.47
2021-05-18,5.81,0.47
2021-05-19,1.81,0.48
2021-05-20,2.41,0.47
2021-05-21,5.57,0.48
2021-05-22,1.68,0.48
2021-05-23,4.65,0.48
2021-05-24,6.71,0.48
2021-05-25,3.44,0.48
2021-05-26,2.27,0.48
2021-05-27,5.43,0.48
2021-05-28,4.39,0.48
2021-05-29,1.12,0.48
2021-05-30,7.83,0.48
2021-05-31,17.85,0.52
2021-06-01,0.74,0.52
2021-06-02,2.66,0.5
2021-06-03,2.92,0.5
2021-06-04,2.7,0.49
2021-06-05,8.43,0.49
2021-06-06,12.27,0.51
2021-06-07,5.53,0.52
2021-06-08,6.73,0.52
2021-06-09,13.37,0.52
2021-06-10,16.39,0.55
2021-06-11,2.49,0.55
2021-06-12,2.29,0.53
2021-06-13,4.08,0.52
2021-06-14,10.57,0.52
2021-06-15,20.02,0.55
2021-06-16,5.32,0.56
2021-06-17,1.19,0.55
2021-06-18,5.85,0.54
2021-06-19,13.93,0.55
2021-06-20,10.08,0.55
2021-06-21,10.39,0.56
2021-06-22,11.42,0.58
2021-06-23,28.04,0.58
2021-06-24,74.48,0.68
2021-06-25,16.69,0.68
2021-06-26,11.98,0.68
2021-06-27,6.31,0.66
2021-06-28,1.63,0.64
2021-06-29,4.18,0.62
2021-06-30,7.67,0.62
2021-07-01,10.3,0.62
2021-07-02,9.05,0.62
2021-07-03,9.32,0.62
2021-07-04,12.11,0.62
2021-07-05,5.63,0.62
2021-07-06,5.1,0.62
2021-07-07,1.78,0.61
2021-07-08,4.47,0.6
2021-07-09,7.37,0.6
2021-07-10,1.8,0.6
2021-07-11,1.05,0.59
2021-07-12,1.42,0.59
2021-07-13,1.38,0.58
2021-07-14,4.5,0.57
2021-07-15,18.91,0.59
2021-07-16,27.05,0.61
2021-07-17,17.99,0.66
2021-07-18,1.43,0.65
2021-07-19,6.41,0.63
2021-07-20,2.18,0.62
2021-07-21,1.2,0.61
2021-07-22,3.29,0.6
2021-07-23,3.45,0.59
2021-07-24,2.39,0.59
2021-07-25,5.79,0.59
2021-07-26,4.3,0.59
2021-07-27,3.54,0.59
2021-07-28,7.47,0.59
2021-07-29,4.01,0.59
2021-07-30,1.73,0.59
2021-07-31,12.82,0.59
2021-08-01,10.11,0.62
2021-08-02,0.59,0.61
2021-08-03,0.86,0.59
2021-08-04,3.85,0.59
2021-08-05,4.55,0.59
2021-08-06,1.61,0.59
2021-08-07,0.78,0.58
2021-08-08,4.95,0.58
2021-08-09,4.11,0.58
2021-08-10,3.34,0.58
2021-08-11,8.14,0.59
2021-08-12,17.5,0.6
2021-08-13,4.99,0.62
2021-08-14,0.13,0.6
2021-08-15,0.65,0.59
2021-08-16,0.57,0.59
2021-08-17,0.55,0.58
2021-08-18,0.4,0.57
2021-08-19,1.27,0.56
2021-08-20,8.41,0.57
2021-08-21,10.68,0.58
2021-08-22,46.13,0.65
2021-08-23,2.88,0.66
2021-08-24,6.13,0.65
2021-08-25,9.5,0.64
2021-08-26,12.02,0.66
2021-08-27,7.61,0.66
2021-08-28,7.28,0.65
2021-08-29,39.24,0.69
2021-08-30,4.42,0.7
2021-08-31,8.01,0.69
2021-09-01,1.92,0.67
2021-09-02,7.55,0.66
2021-09-03,6.64,0.66
2021-09-04,4.95,0.66
2021-09-05,8.05,0.66
2021-09-06,3.91,0.66
2021-09-07,0.74,0.65
2021-09-08,0.91,0.64
2021-09-09,4.99,0.64
2021-09-10,8.91,0.65
2021-09-11,9.78,0.65
2021-09-12,26.52,0.69
2021-09-13,2.09,0.68
2021-09-14,5.77,0.67
2021-09-15,23.98,0.69
2021-09-16,3.83,0.7
2021-09-17,7.76,0.69
2021-09-18,2.39,0.68
2021-09-19,4.51,0.67
2021-09-20,4.41,0.66
2021-09-21,2.98,0.66
2021-09-22,2.3,0.66
2021-09-23,5.47,0.66
2021-09-24,7.97,0.66
2021-09-25,11.32,0.67
2021-09-26,74.5,0.74
2021-09-27,0.8,0.74
2021-09-28,2.26,0.71
2021-09-29,4.12,0.7
2021-09-30,6.41,0.69
2021-10-01,13.45,0.69
2021-10-02,4.91,0.7
2021-10-03,2.18,0.69
2021-10-04,2.21,0.68
2021-10-05,3.83,0.67
2021-10-06,5.31,0.67
2021-10-07,3.72,0.67
2021-10-08,1.34,0.67
2021-10-09,2.99,0.66
2021-10-10,9.77,0.67
2021-10-11,8.18,0.68
2021-10-12,2.09,0.68
2021-10-13,2.38,0.67
2021-10-14,2.7,0.66
2021-10-15,1.54,0.66
2021-10-16,2.21,0.66
2021-10-17,1.01,0.66
2021-10-18,3.35,0.65
2021-10-19,6.13,0.66
2021-10-20,10.91,0.66
2021-10-21,19.42,0.7
2021-10-22,4.52,0.7
2021-10-23,7.37,0.7
2021-10-24,6.69,0.7
2021-10-25,11.65,0.7
2021-10-26,4.66,0.7
2021-10-27,4.08,0.69
2021-10-28,6.34,0.69
2021-10-29,5.22,0.69
2021-10-30,4.39,0.68
2021-10-31,2.82,0.68
2021-11-01,4.16,0.68
2021-11-02,0.58,0.67
2021-11-03,1.21,0.66
2021-11-04,3.14,0.66
2021-11-05,6.31,0.66
2021-11-06,4.2,0.67
2021-11-07,0.68,0.66
2021-11-08,3.5,0.66
2021-11-09,7.97,0.66
2021-11-10,5.04,0.67
2021-11-11,3.34,0.67
2021-11-12,6.46,0.67
2021-11-13,3.55,0.67
2021-11-14,0.9,0.67
2021-11-15,1.76,0.66
2021-11-16,3.49,0.66
2021-11-17,0.31,0.66
2021-11-18,0.82,0.66
2021-11-19,0.58,0.65
2021-11-20,0.3,0.65
2021-11-21,0.24,0.64
2021-11-22,0.46,0.64
2021-11-23,0.39,0.63
2021-11-24,0.09,0.63
2021-11-25,0.13,0.62
2021-11-26,0.18,0.62
2021-11-27,1.09,0.62
2021-11-28,0.64,0.62
2021-11-29,1.04,0.62
2021-11-30,0.58,0.62
2021-12-01,0.22,0.62
2021-12-02,0.0,0.62
2021-12-03,0.01,0.62
2021-12-04,0.0,0.61
2021-12-05,0.0,0.61
2021-12-06,0.0,0.6
2021-12-07,0.14,0.6
2021-12-08,0.08,0.6
2021-12-09,0.07,0.59
2021-12-10,0.08,0.59
2021-12-11,0.12,0.59
2021-12-12,0.03,0.59
2021-12-13,0.02,0.58
2021-12-14,0.14,0.58
2021-12-15,0.6,0.58
2021-12-16,0.47,0.58
2021-12-17,0.04,0.57
2021-12-18,0.04,0.57
2021-12-19,0.02,0.56
2021-12-20,0.03,0.56
2021-12-21,0.0,0.56
2021-12-22,0.0,0.55
2021-12-23,0.0,0.55
2021-12-24,0.01,0.55
2021-12-25,0.04,0.55
2021-12-26,0.12,0.55
2021-12-27,0.25,0.55
2021-12-28,0.04,0.54
2021-12-29,0.26,0.54
2021-12-30,0.19,0.54
2021-12-31,0.51,0.53
2022-01-01,3.58,0.54
2022-01-02,5.38,0.55
2022-01-03,0.43,0.55
2022-01-04,0.31,0.54
2022-01-05,8.21,0.55
2022-01-06,0.0,0.55
2022-01-07,0.0,0.54
2022-01-08,0.0,0.54
2022-01-09,0.0,0.53
2022-01-10,0.01,0.52
2022-01-11,0.04,0.52
2022-01-12,0.03,0.52
2022-01-13,0.01,0.52
2022-01-14,0.18,0.51
2022-01-15,0.06,0.51
2022-01-16,0.0,0.51
2022-01-17,0.0,0.5
2022-01-18,0.0,0.5
2022-01-19,0.0,0.49
2022-01-20,0.0,0.49
2022-01-21,0.0,0.49
2022-01-22,0.0,0.48
2022-01-23,0.0,0.48
2022-01-24,0.0,0.48
2022-01-25,0.0,0.48
2022-01-26,0.0,0.48
2022-01-27,0.0,0.48
2022-01-28,0.0,0.47
2022-01-29,0.0,0.47
2022-01-30,0.0,0.47
2022-01-31,0.0,0.46
2022-02-01,0.0,0.46
2022-02-02,0.0,0.46
2022-02-03,0.0,0.45
2022-02-04,0.0,0.45
2022-02-05,0.0,0.45
2022-02-06,0.02,0.45
2022-02-07,0.02,0.45
2022-02-08,0.01,0.45
2022-02-09,0.0,0.45
2022-02-10,0.07,0.45
2022-02-11,0.19,0.45
2022-02-12,0.31,0.45
2022-02-13,0.11,0.44
2022-02-14,2.86,0.44
2022-02-15,0.0,0.44
2022-02-16,0.0,0.44
2022-02-17,0.0,0.44
2022-02-18,0.0,0.44
2022-02-19,0.0,0.43
2022-02-20,0.98,0.43
2022-02-21,1.28,0.43
2022-02-22,0.54,0.43
2022-02-23,0.05,0.43
2022-02-24,0.12,0.43
2022-02-25,1.59,0.43
2022-02-26,3.51,0.43
2022-02-27,6.78,0.44
2022-02-28,2.62,0.45
2022-03-01,2.19,0.45
2022-03-02,4.14,0.45
2022-03-03,0.35,0.45
2022-03-04,6.94,0.46
2022-03-05,4.39,0.46
2022-03-06,1.46,0.46
2022-03-07,0.71,0.46
2022-03-08,0.57,0.45
2022-03-09,0.55,0.45
2022-03-10,0.58,0.45
2022-03-11,0.58,0.44
2022-03-12,3.98,0.44
2022-03-13,5.44,0.45
2022-03-14,12.53,0.46
2022-03-15,6.03,0.48
2022-03-16,5.3,0.48
2022-03-17,3.28,0.48
2022-03-18,2.58,0.48
2022-03-19,13.88,0.49
2022-03-20,9.84,0.51
2022-03-21,5.9,0.51
2022-03-22,1.39,0.51
2022-03-23,1.66,0.5
2022-03-24,3.02,0.49
2022-03-25,3.73,0.49
2022-03-26,3.26,0.49
2022-03-27,1.5,0.48
2022-03-28,2.4,0.48
2022-03-29,0.46,0.48
2022-03-30,1.34,0.48
2022-03-31,2.43,0.47
2022-04-01,3.67,0.48
2022-04-02,1.05,0.48
2022-04-03,0.04,0.47
2022-04-04,0.16,0.46
2022-04-05,0.26,0.45
2022-04-06,8.64,0.46
2022-04-07,4.57,0.47
2022-04-08,6.99,0.47
2022-04-09,9.38,0.48
2022-04-10,8.17,0.48
2022-04-11,2.38,0.49
2022-04-12,3.52,0.48
2022-04-13,24.33,0.49
2022-04-14,8.55,0.53
2022-04-15,3.44,0.53
2022-04-16,5.73,0.52
2022-04-17,1.1,0.52
2022-04-18,0.67,0.51
2022-04-19,2.38,0.5
2022-04-20,1.53,0.49
2022-04-21,6.18,0.49
2022-04-22,9.94,0.51
2022-04-23,4.05,0.5
2022-04-24,7.22,0.51
2022-04-25,2.62,0.51
2022-04-26,1.57,0.5
2022-04-27,1.1,0.49
2022-04-28,8.56,0.49
2022-04-29,0.55,0.49
2022-04-30,1.03,0.48
2022-05-01,5.05,0.48
2022-05-02,6.34,0.49
2022-05-03,3.59,0.49
2022-05-04,6.98,0.49
2022-05-05,12.91,0.51
2022-05-06,5.94,0.52
2022-05-07,2.61,0.52
2022-05-08,7.8,0.52
2022-05-09,5.9,0.52
2022-05-10,7.58,0.52
2022-05-11,3.93,0.52
2022-05-12,7.59,0.52
2022-05-13,3.49,0.52
2022-05-14,7.11,0.52
2022-05-15,6.47,0.52
2022-05-16,2.77,0.52
2022-05-17,1.49,0.52
2022-05-18,3.79,0.52
2022-05-19,5.73,0.51
2022-05-20,20.19,0.54
2022-05-21,3.04,0.54
2022-05-22,15.6,0.55
2022-05-23,2.66,0.55
2022-05-24,6.15,0.55
2022-05-25,3.04,0.55
2022-05-26,5.59,0.54
2022-05-27,3.66,0.54
2022-05-28,2.09,0.53
2022-05-29,1.61,0.52
2022-05-30,2.41,0.52
2022-05-31,4.42,0.52
2022-06-01,2.78,0.52
2022-06-02,0.72,0.52
2022-06-03,4.63,0.51
2022-06-04,1.87,0.51
2022-06-05,1.83,0.51
2022-06-06,6.8,0.51
2022-06-07,7.58,0.52
2022-06-08,0.21,0.51
2022-06-09,2.88,0.5
2022-06-10,5.51,0.5
2022-06-11,7.71,0.51
2022-06-12,3.69,0.52
2022-06-13,1.64,0.52
2022-06-14,3.94,0.51
2022-06-15,16.14,0.52
2022-06-16,42.2,0.58
2022-06-17,23.49,0.62
2022-06-18,5.5,0.63
2022-06-19,0.3,0.61
2022-06-20,6.3,0.59
2022-06-21,5.61,0.59
2022-06-22,4.08,0.59
2022-06-23,9.4,0.59
2022-06-24,10.86,0.58
2022-06-25,4.25,0.59
2022-06-26,0.82,0.57
2022-06-27,3.23,0.56
2022-06-28,5.95,0.56
2022-06-29,2.98,0.56
2022-06-30,4.57,0.56
2022-07-01,1.31,0.56
2022-07-02,3.36,0.55
2022-07-03,1.79,0.55
2022-07-04,2.84,0.55
2022-07-05,5.28,0.55
2022-07-06,4.39,0.55
2022-07-07,4.88,0.55
2022-07-08,13.53,0.55
2022-07-09,16.13,0.58
2022-07-10,2.8,0.58
2022-07-11,2.64,0.57
2022-07-12,2.28,0.56
2022-07-13,5.09,0.55
2022-07-14,5.09,0.55
2022-07-15,3.74,0.56
2022-07-16,3.1,0.55
2022-07-17,5.36,0.55
2022-07-18,3.91,0.55
2022-07-19,1.75,0.55
2022-07-20,0.97,0.55
2022-07-21,0.73,0.54
2022-07-22,0.44,0.52
2022-07-23,2.93,0.52
2022-07-24,3.14,0.52
2022-07-25,1.02,0.52
2022-07-26,7.25,0.52
2022-07-27,5.54,0.53
2022-07-28,2.35,0.53
2022-07-29,0.69,0.53
2022-07-30,2.16,0.52
2022-07-31,4.65,0.52
2022-08-01,16.89,0.54
2022-08-02,8.69,0.56
2022-08-03,1.6,0.55
2022-08-04,0.91,0.55
2022-08-05,0.55,0.54
2022-08-06,0.14,0.52
2022-08-07,0.06,0.52
2022-08-08,0.34,0.51
2022-08-09,2.6,0.51
2022-08-10,2.18,0.5
2022-08-11,0.71,0.5
2022-08-12,3.58,0.5
2022-08-13,10.72,0.52
2022-08-14,8.2,0.53
2022-08-15,8.13,0.54
2022-08-16,3.35,0.54
2022-08-17,0.43,0.54
2022-08-18,1.21,0.53
2022-08-19,5.6,0.52
2022-08-20,7.05,0.53
2022-08-21,3.53,0.53
2022-08-22,3.66,0.52
2022-08-23,52.33,0.55
2022-08-24,4.82,0.62
2022-08-25,0.44,0.59
2022-08-26,3.95,0.58
2022-08-27,14.92,0.59
2022-08-28,11.42,0.6
2022-08-29,2.39,0.59
2022-08-30,3.89,0.58
2022-08-31,13.61,0.59
2022-09-01,19.01,0.62
2022-09-02,1.97,0.61
2022-09-03,9.3,0.6
2022-09-04,8.7,0.6
2022-09-05,39.02,0.63
2022-09-06,106.65,0.75
2022-09-07,11.93,0.75
2022-09-08,6.98,0.72
2022-09-09,13.38,0.71
2022-09-10,22.88,0.72
2022-09-11,2.61,0.7
2022-09-12,6.62,0.69
2022-09-13,11.77,0.69
2022-09-14,4.42,0.67
2022-09-15,6.86,0.66
2022-09-16,15.21,0.66
2022-09-17,34.85,0.72
2022-09-18,1.23,0.71
2022-09-19,2.69,0.69
2022-09-20,27.05,0.7
2022-09-21,9.33,0.71
2022-09-22,2.95,0.7
2022-09-23,17.42,0.7
2022-09-24,19.04,0.72
2022-09-25,39.2,0.74
2022-09-26,17.56,0.76
2022-09-27,8.06,0.74
2022-09-28,5.82,0.73
2022-09-29,5.28,0.72
2022-09-30,3.66,0.71
2022-10-01,2.31,0.7
2022-10-02,4.54,0.7
2022-10-03,2.19,0.7
2022-10-04,3.66,0.69
2022-10-05,3.86,0.69
2022-10-06,0.51,0.69
2022-10-07,4.57,0.68
2022-10-08,12.83,0.7
2022-10-09,2.98,0.7
2022-10-10,0.69,0.69
2022-10-11,4.21,0.69
2022-10-12,1.63,0.68
2022-10-13,2.96,0.68
2022-10-14,7.62,0.68
2022-10-15,57.2,0.74
2022-10-16,1.05,0.75
2022-10-17,0.99,0.73
2022-10-18,9.72,0.71
2022-10-19,13.99,0.72
2022-10-20,6.83,0.73
2022-10-21,0.73,0.72
2022-10-22,2.83,0.71
2022-10-23,1.48,0.7
2022-10-24,0.93,0.7
2022-10-25,1.25,0.7
2022-10-26,0.87,0.69
2022-10-27,1.03,0.69
2022-10-28,3.66,0.69
2022-10-29,0.52,0.69
2022-10-30,0.08,0.68
2022-10-31,3.47,0.67
2022-11-01,6.0,0.68
2022-11-02,1.24,0.68
2022-11-03,0.52,0.68
2022-11-04,0.47,0.67
2022-11-05,2.09,0.67
2022-11-06,3.72,0.67
2022-11-07,0.87,0.67
2022-11-08,0.07,0.67
2022-11-09,0.09,0.66
2022-11-10,2.64,0.66
2022-11-11,0.82,0.66
2022-11-12,2.45,0.66
2022-11-13,4.85,0.66
2022-11-14,2.71,0.66
2022-11-15,2.38,0.66
2022-11-16,0.12,0.66
2022-11-17,0.0,0.66
2022-11-18,0.0,0.65
2022-11-19,0.1,0.64
2022-11-20,0.96,0.64
2022-11-21,0.53,0.64
2022-11-22,0.04,0.64
2022-11-23,0.01,0.63
2022-11-24,0.22,0.63
2022-11-25,0.06,0.63
2022-11-26,0.01,0.62
2022-11-27,0.18,0.62
2022-11-28,1.91,0.62
2022-11-29,1.4,0.62
2022-11-30,2.85,0.62
2022-12-01,3.11,0.62
2022-12-02,1.51,0.63
2022-12-03,1.26,0.63
2022-12-04,0.71,0.62
2022-12-05,0.64,0.62
2022-12-06,0.19,0.62
2022-12-07,0.14,0.62
2022-12-08,0.05,0.62
2022-12-09,0.27,0.62
2022-12-10,0.15,0.62
2022-12-11,0.03,0.61
2022-12-12,0.01,0.61
2022-12-13,0.0,0.6
2022-12-14,0.0,0.6
2022-12-15,0.0,0.6
2022-12-16,0.0,0.59
2022-12-17,0.02,0.59
2022-12-18,0.09,0.59
2022-12-19,0.02,0.59
2022-12-20,0.01,0.58
2022-12-21,0.0,0.58
2022-12-22,0.0,0.57
2022-12-23,0.0,0.57
2022-12-24,0.0,0.56
2022-12-25,0.0,0.56
2022-12-26,0.0,0.56
2022-12-27,0.0,0.55
2022-12-28,0.0,0.55
2022-12-29,0.0,0.55
2022-12-30,0.0,0.55
2022-12-31,0.0,0.55
2023-01-01,0.0,0.55
2023-01-02,0.0,0.55
2023-01-03,0.0,0.54
2023-01-04,0.0,0.54
2023-01-05,0.0,0.53
2023-01-06,0.0,0.53
2023-01-07,0.0,0.53
2023-01-08,0.0,0.53
2023-01-09,0.0,0.52
2023-01-10,0.0,0.52
2023-01-11,0.0,0.52
2023-01-12,0.0,0.52
2023-01-13,0.0,0.52
2023-01-14,0.0,0.51
2023-01-15,0.0,0.51
2023-01-16,0.0,0.51
2023-01-17,0.0,0.5
2023-01-18,0.0,0.5
2023-01-19,0.0,0.5
2023-01-20,0.0,0.5
2023-01-21,0.01,0.49
2023-01-22,0.26,0.49
2023-01-23,0.65,0.49
2023-01-24,0.56,0.5
2023-01-25,0.45,0.5
2023-01-26,0.61,0.5
2023-01-27,1.2,0.5
2023-01-28,0.44,0.5
2023-01-29,0.52,0.49
2023-01-30,0.2,0.49
2023-01-31,0.21,0.48
2023-02-01,0.14,0.48
2023-02-02,0.31,0.48
2023-02-03,0.53,0.48
2023-02-04,2.04,0.48
2023-02-05,3.13,0.48
2023-02-06,0.08,0.48
2023-02-07,1.28,0.48
2023-02-08,1.45,0.48
2023-02-09,0.62,0.48
2023-02-10,0.26,0.48
2023-02-11,0.18,0.48
2023-02-12,0.8,0.47
2023-02-13,0.59,0.47
2023-02-14,0.23,0.47
2023-02-15,1.19,0.46
2023-02-16,0.49,0.46
2023-02-17,0.04,0.46
2023-02-18,0.0,0.45
2023-02-19,0.0,0.45
2023-02-20,0.0,0.45
2023-02-21,0.0,0.45
2023-02-22,0.19,0.45
2023-02-23,1.14,0.45
2023-02-24,3.64,0.45
2023-02-25,1.41,0.45
2023-02-26,1.39,0.46
2023-02-27,1.25,0.46
2023-02-28,1.9,0.46
2023-03-01,3.82,0.47
2023-03-02,13.26,0.48
2023-03-03,6.33,0.49
2023-03-04,20.62,0.51
2023-03-05,17.71,0.55
2023-03-06,6.94,0.55
2023-03-07,1.92,0.54
2023-03-08,0.56,0.53
2023-03-09,1.76,0.52
2023-03-10,3.19,0.52
2023-03-11,6.32,0.52
2023-03-12,1.09,0.52
2023-03-13,0.31,0.51
2023-03-14,1.5,0.5
2023-03-15,1.75,0.49
2023-03-16,1.35,0.48
2023-03-17,13.26,0.49
2023-03-18,17.11,0.51
2023-03-19,14.65,0.55
2023-03-20,2.14,0.54
2023-03-21,11.22,0.54
2023-03-22,17.89,0.55
2023-03-23,17.01,0.59
2023-03-24,6.21,0.59
2023-03-25,5.62,0.59
2023-03-26,1.8,0.57
2023-03-27,11.63,0.56
2023-03-28,4.51,0.57
2023-03-29,3.15,0.56
2023-03-30,6.87,0.56
2023-03-31,2.94,0.55
2023-04-01,0.76,0.55
2023-04-02,0.92,0.54
2023-04-03,1.93,0.53
2023-04-04,1.48,0.52
2023-04-05,0.82,0.52
2023-04-06,0.73,0.52
2023-04-07,1.37,0.51
2023-04-08,0.88,0.5
2023-04-09,1.92,0.5
2023-04-10,1.04,0.5
2023-04-11,0.74,0.49
2023-04-12,0.43,0.48
2023-04-13,1.87,0.48
2023-04-14,2.21,0.48
2023-04-15,3.43,0.49
2023-04-16,3.12,0.49
2023-04-17,5.51,0.5
2023-04-18,6.8,0.5
2023-04-19,7.32,0.51
2023-04-20,3.79,0.52
2023-04-21,0.88,0.51
2023-04-22,1.69,0.5
2023-04-23,3.97,0.5
2023-04-24,9.6,0.51
2023-04-25,3.72,0.52
2023-04-26,6.6,0.52
2023-04-27,1.11,0.52
2023-04-28,1.85,0.51
2023-04-29,1.19,0.51
2023-04-30,4.07,0.5
2023-05-01,4.61,0.51
2023-05-02,0.64,0.5
2023-05-03,2.51,0.5
2023-05-04,2.26,0.49
2023-05-05,3.67,0.49
2023-05-06,1.71,0.48
2023-05-07,2.41,0.48
2023-05-08,1.49,0.48
2023-05-09,0.78,0.48
2023-05-10,4.6,0.48
2023-05-11,1.09,0.48
2023-05-12,1.95,0.48
2023-05-13,5.7,0.48
2023-05-14,8.89,0.48
2023-05-15,31.46,0.52
2023-05-16,3.73,0.55
2023-05-17,0.44,0.54
2023-05-18,3.42,0.52
2023-05-19,7.54,0.52
2023-05-20,4.02,0.53
2023-05-21,6.34,0.53
2023-05-22,8.57,0.54
2023-05-23,28.58,0.56
2023-05-24,9.11,0.58
2023-05-25,19.32,0.59
2023-05-26,3.14,0.59
2023-05-27,3.1,0.59
2023-05-28,5.13,0.58
2023-05-29,1.28,0.57
2023-05-30,3.96,0.55
2023-05-31,12.09,0.56
2023-06-01,11.45,0.58
2023-06-02,13.96,0.59
2023-06-03,10.27,0.6
2023-06-04,4.05,0.59
2023-06-05,7.75,0.59
2023-06-06,12.88,0.6
2023-06-07,10.44,0.6
2023-06-08,5.68,0.6
2023-06-09,5.79,0.59
2023-06-10,12.77,0.59
2023-06-11,39.51,0.62
2023-06-12,2.73,0.66
2023-06-13,0.99,0.63
2023-06-14,4.75,0.62
2023-06-15,2.24,0.6
2023-06-16,3.28,0.59
2023-06-17,2.99,0.59
2023-06-18,1.7,0.59
2023-06-19,3.08,0.58
2023-06-20,15.54,0.59
2023-06-21,42.11,0.62
2023-06-22,6.52,0.66
2023-06-23,7.61,0.65
2023-06-24,7.89,0.64
2023-06-25,3.72,0.63
2023-06-26,7.69,0.62
2023-06-27,6.59,0.62
2023-06-28,3.48,0.62
2023-06-29,4.14,0.62
2023-06-30,1.12,0.61
2023-07-01,0.79,0.6
2023-07-02,4.98,0.59
2023-07-03,8.79,0.6
2023-07-04,14.26,0.62
2023-07-05,8.19,0.62
2023-07-06,12.23,0.63
2023-07-07,3.48,0.63
2023-07-08,8.13,0.62
2023-07-09,7.59,0.62
2023-07-10,2.82,0.62
2023-07-11,3.98,0.62
2023-07-12,1.59,0.62
2023-07-13,4.21,0.62
2023-07-14,5.65,0.62
2023-07-15,4.43,0.62
2023-07-16,5.69,0.62
2023-07-17,8.44,0.62
2023-07-18,1.42,0.62
2023-07-19,2.76,0.62
2023-07-20,1.66,0.62
2023-07-21,1.92,0.61
2023-07-22,4.44,0.61
2023-07-23,2.23,0.61
2023-07-24,2.12,0.6
2023-07-25,1.94,0.6
2023-07-26,0.94,0.59
2023-07-27,1.7,0.59
2023-07-28,2.57,0.59
2023-07-29,6.93,0.59
2023-07-30,7.98,0.59
2023-07-31,5.85,0.6
2023-08-01,3.98,0.6
2023-08-02,5.86,0.61
2023-08-03,11.83,0.62
2023-08-04,2.08,0.62
2023-08-05,1.71,0.61
2023-08-06,1.31,0.6
2023-08-07,1.32,0.59
2023-08-08,2.76,0.59
2023-08-09,10.19,0.6
2023-08-10,8.16,0.61
2023-08-11,1.98,0.61
2023-08-12,3.53,0.6
2023-08-13,14.14,0.62
2023-08-14,2.41,0.62
2023-08-15,0.77,0.61
2023-08-16,1.37,0.6
2023-08-17,3.26,0.59
2023-08-18,20.36,0.62
2023-08-19,4.74,0.62
2023-08-20,4.83,0.62
2023-08-21,4.27,0.62
2023-08-22,2.84,0.61
2023-08-23,5.35,0.61
2023-08-24,1.02,0.61
2023-08-25,0.32,0.59
2023-08-26,1.86,0.59
2023-08-27,2.01,0.59
2023-08-28,0.38,0.58
2023-08-29,5.61,0.58
2023-08-30,2.51,0.59
2023-08-31,1.79,0.59
2023-09-01,4.34,0.58
2023-09-02,4.54,0.59
2023-09-03,2.66,0.58
2023-09-04,1.49,0.58
2023-09-05,2.12,0.58
2023-09-06,1.12,0.57
2023-09-07,0.35,0.56
2023-09-08,3.98,0.56
2023-09-09,11.96,0.57
2023-09-10,24.21,0.62
2023-09-11,1.47,0.62
2023-09-12,5.6,0.61
2023-09-13,1.53,0.6
2023-09-14,1.21,0.6
2023-09-15,1.85,0.59
2023-09-16,1.77,0.59
2023-09-17,3.96,0.59
2023-09-18,2.94,0.59
2023-09-19,1.02,0.59
2023-09-20,2.22,0.58
2023-09-21,4.02,0.58
2023-09-22,2.33,0.58
2023-09-23,5.23,0.58
2023-09-24,2.59,0.58
2023-09-25,1.95,0.58
2023-09-26,2.15,0.57
2023-09-27,1.55,0.56
2023-09-28,1.93,0.56
2023-09-29,2.02,0.55
2023-09-30,3.43,0.55
2023-10-01,1.97,0.55
2023-10-02,4.77,0.55
2023-10-03,8.04,0.56
2023-10-04,4.8,0.57
2023-10-05,2.4,0.57
2023-10-06,5.82,0.56
2023-10-07,6.68,0.57
2023-10-08,14.12,0.58
2023-10-09,35.26,0.65
2023-10-10,2.69,0.64
2023-10-11,3.47,0.62
2023-10-12,8.53,0.62
2023-10-13,1.54,0.62
2023-10-14,4.74,0.61
2023-10-15,7.42,0.61
2023-10-16,6.68,0.61
2023-10-17,5.63,0.61
2023-10-18,1.47,0.61
2023-10-19,3.21,0.6
2023-10-20,3.38,0.59
2023-10-21,2.04,0.59
2023-10-22,1.67,0.59
2023-10-23,4.68,0.58
2023-10-24,3.44,0.59
2023-10-25,0.86,0.59
2023-10-26,1.04,0.58
2023-10-27,1.05,0.57
2023-10-28,0.37,0.56
2023-10-29,0.21,0.55
2023-10-30,2.51,0.55
2023-10-31,3.55,0.55
2023-11-01,1.49,0.55
2023-11-02,0.9,0.55
2023-11-03,1.8,0.55
2023-11-04,1.1,0.55
2023-11-05,0.54,0.54
2023-11-06,1.0,0.54
2023-11-07,10.81,0.55
2023-11-08,8.01,0.56
2023-11-09,3.09,0.56
2023-11-10,5.02,0.56
2023-11-11,5.66,0.56
2023-11-12,2.92,0.56
2023-11-13,2.33,0.56
2023-11-14,2.37,0.55
2023-11-15,1.7,0.55
2023-11-16,2.91,0.55
2023-11-17,2.59,0.54
2023-11-18,2.8,0.54
2023-11-19,1.43,0.54
2023-11-20,0.51,0.54
2023-11-21,0.55,0.54
2023-11-22,1.6,0.53
2023-11-23,1.23,0.53
2023-11-24,1.36,0.52
2023-11-25,10.94,0.53
2023-11-26,12.56,0.55
2023-11-27,1.46,0.56
2023-11-28,3.56,0.55
2023-11-29,5.76,0.55
2023-11-30,3.27,0.55
2023-12-01,3.41,0.55
2023-12-02,4.18,0.56
2023-12-03,1.0,0.55
2023-12-04,0.69,0.55
2023-12-05,0.43,0.54
2023-12-06,0.29,0.53
2023-12-07,0.65,0.52
2023-12-08,6.47,0.52
2023-12-09,0.35,0.52
2023-12-10,0.14,0.52
2023-12-11,1.04,0.52
2023-12-12,0.0,0.51
2023-12-13,0.0,0.51
2023-12-14,0.0,0.5
2023-12-15,0.0,0.49
2023-12-16,0.0,0.49
2023-12-17,0.0,0.49
2023-12-18,0.0,0.48
2023-12-19,0.0,0.48
2023-12-20,0.0,0.48
2023-12-21,0.0,0.48
2023-12-22,0.0,0.47
2023-12-23,0.0,0.47
2023-12-24,0.0,0.47
2023-12-25,0.0,0.46
2023-12-26,0.0,0.46
2023-12-27,0.0,0.46
2023-12-28,0.0,0.45
2023-12-29,0.0,0.45
2023-12-30,0.0,0.45
2023-12-31,0.0,0.45
