date,cocoa_price_euro
2023-12-29,160.0
2023-12-28,216.0
2023-12-26,241.0
2023-12-22,263.67
2023-12-21,246.67
2023-12-20,254.0
2023-12-19,239.33
2023-12-18,231.33
2023-12-15,200.0
2023-12-15,200.0
2023-12-14,214.67
2023-12-13,184.67
2023-12-12,169.33
2023-12-11,138.33
2023-12-07,162.67
2023-12-05,72.0
2023-12-04,112.67
2023-12-01,168.33
2023-11-30,241.67
2023-11-29,230.0
2023-11-28,168.33
2023-11-27,99.0
2023-11-24,51.67
2023-11-23,51.17
2023-11-22,50.67
2023-11-21,97.33
2023-11-20,18.0
2023-11-17,84.0
2023-11-16,19.0
2023-11-15,971.67
2023-11-14,953.33
2023-11-13,48.33
2023-11-10,14.0
2023-11-09,953.0
2023-11-08,917.0
2023-11-07,889.0
2023-11-06,930.67
2023-11-03,915.67
2023-11-02,872.33
2023-11-01,808.33
2023-10-31,835.0
2023-10-30,842.67
2023-10-27,864.33
2023-10-26,827.0
2023-10-25,749.0
2023-10-24,745.67
2023-10-23,767.33
2023-10-20,710.33
2023-10-19,656.67
2023-10-18,638.67
2023-10-17,644.67
2023-10-16,586.67
2023-10-13,522.67
2023-10-12,498.33
2023-10-11,446.33
2023-10-10,476.67
2023-10-09,436.0
2023-10-06,469.0
2023-10-05,402.67
2023-10-04,430.33
2023-10-03,430.33
2023-10-02,499.33
2023-09-29,418.67
2023-09-28,446.67
2023-09-27,437.33
2023-09-26,498.33
2023-09-25,489.33
2023-09-22,570.67
2023-09-21,566.67
2023-09-20,573.0
2023-09-19,629.33
2023-09-18,619.0
2023-09-15,740.33
2023-09-14,725.67
2023-09-13,722.33
2023-09-12,651.67
2023-09-11,669.67
2023-09-08,656.0
2023-09-07,610.67
2023-09-06,656.67
2023-09-05,655.33
2023-09-04,634.0
2023-09-01,612.67
2023-08-31,639.67
2023-08-30,635.33
2023-08-29,588.0
2023-08-28,492.0
2023-08-25,469.0
2023-08-24,434.67
2023-08-23,418.67
2023-08-22,412.33
2023-08-21,448.67
2023-08-18,433.0
2023-08-17,480.33
2023-08-16,444.33
2023-08-15,424.0
2023-08-14,357.0
2023-08-11,334.67
2023-08-10,316.67
2023-08-09,339.0
2023-08-08,358.67
2023-08-07,487.67
2023-08-04,497.0
2023-08-03,489.0
2023-08-02,540.67
2023-08-01,547.33
2023-07-31,543.33
2023-07-28,513.67
2023-07-27,519.33
2023-07-26,543.0
2023-07-25,459.0
2023-07-24,410.0
2023-07-21,395.33
2023-07-20,389.33
2023-07-19,408.0
2023-07-18,401.67
2023-07-17,359.67
2023-07-14,335.33
2023-07-13,281.67
2023-07-12,335.67
2023-07-11,340.67
2023-07-10,329.67
2023-07-07,307.67
2023-07-06,321.67
2023-07-05,368.0
2023-07-04,380.5
2023-07-03,393.0
2023-06-30,342.33
2023-06-29,273.67
2023-06-28,341.67
2023-06-27,262.67
2023-06-26,256.67
2023-06-23,207.0
2023-06-22,206.33
2023-06-21,227.33
2023-06-20,204.33
2023-06-19,217.5
2023-06-16,230.67
2023-06-15,245.67
2023-06-14,206.67
2023-06-13,176.67
2023-06-12,132.33
2023-06-09,171.67
2023-06-08,147.67
2023-06-07,94.0
2023-06-06,51.0
2023-06-05,58.0
2023-06-02,32.67
2023-06-01,16.0
2023-05-31,8.67
2023-05-30,17.33
2023-05-26,5.67
2023-05-25,18.67
2023-05-24,20.67
2023-05-23,18.0
2023-05-22,891.64
2023-05-19,68.67
2023-05-18,990.67
2023-05-17,3.67
2023-05-16,988.0
2023-05-15,981.0
2023-05-12,987.67
2023-05-11,11.33
2023-05-10,28.0
2023-05-09,7.0
2023-05-08,964.0
2023-05-05,946.0
2023-05-04,922.67
2023-05-03,869.0
2023-05-02,895.0
2023-05-01,932.0
2023-04-28,936.33
2023-04-27,912.67
2023-04-26,938.0
2023-04-25,912.33
2023-04-24,957.67
2023-04-21,965.67
2023-04-20,938.67
2023-04-19,956.33
2023-04-18,949.0
2023-04-17,901.67
2023-04-14,915.67
2023-04-13,941.0
2023-04-12,893.0
2023-04-11,923.33
2023-04-10,874.67
2023-04-06,884.33
2023-04-05,884.67
2023-04-04,891.33
2023-04-03,842.67
2023-03-31,895.33
2023-03-30,892.67
2023-03-29,852.67
2023-03-28,874.67
2023-03-27,864.33
2023-03-24,841.33
2023-03-23,831.33
2023-03-22,832.33
2023-03-21,788.67
2023-03-20,767.0
2023-03-17,719.67
2023-03-16,673.33
2023-03-15,618.0
2023-03-14,663.0
2023-03-13,653.0
2023-03-10,707.0
2023-03-09,730.0
2023-03-08,734.67
2023-03-07,758.0
2023-03-06,798.67
2023-03-03,762.0
2023-03-02,786.0
2023-03-01,835.67
2023-02-28,789.33
2023-02-27,753.67
2023-02-24,736.67
2023-02-23,765.67
2023-02-22,771.0
2023-02-21,772.67
2023-02-20,766.83
2023-02-17,761.0
2023-02-16,734.0
2023-02-15,717.67
2023-02-14,657.0
2023-02-13,649.33
2023-02-10,603.0
2023-02-09,604.33
2023-02-08,602.67
2023-02-07,603.0
2023-02-06,607.33
2023-02-03,607.67
2023-02-02,623.33
2023-02-01,616.33
2023-01-31,616.0
2023-01-30,646.0
2023-01-27,647.67
2023-01-26,649.0
2023-01-25,616.0
2023-01-24,610.33
2023-01-23,621.33
2023-01-20,589.0
2023-01-19,581.33
2023-01-18,635.0
2023-01-17,657.0
2023-01-16,655.67
2023-01-13,654.33
2023-01-12,652.67
2023-01-11,644.0
2023-01-10,618.67
2023-01-09,693.67
2023-01-06,611.67
2023-01-05,623.67
2023-01-04,607.0
2023-01-03,572.67
2022-12-30,601.33
2022-12-29,576.67
2022-12-28,620.33
2022-12-27,631.33
2022-12-23,629.33
2022-12-22,606.0
2022-12-21,535.33
2022-12-20,502.67
2022-12-19,500.0
2022-12-16,478.67
2022-12-15,525.33
2022-12-14,531.33
2022-12-13,527.67
2022-12-12,506.33
2022-12-09,506.67
2022-12-08,541.33
2022-12-07,502.0
2022-12-06,488.67
2022-12-05,482.33
2022-12-02,541.67
2022-12-01,530.67
2022-11-30,498.33
2022-11-29,479.67
2022-11-28,490.67
2022-11-25,482.0
2022-11-24,463.33
2022-11-23,444.67
2022-11-22,451.0
2022-11-21,453.33
2022-11-18,458.67
2022-11-17,452.0
2022-11-16,503.0
2022-11-15,495.67
2022-11-14,495.67
2022-11-11,520.0
2022-11-10,557.33
2022-11-09,526.67
2022-11-08,517.0
2022-11-07,493.0
2022-11-04,424.0
2022-11-03,367.67
2022-11-02,384.33
2022-11-01,352.33
2022-10-31,335.0
2022-10-28,313.67
2022-10-27,322.0
2022-10-26,294.67
2022-10-25,303.0
2022-10-24,333.33
2022-10-21,311.33
2022-10-20,321.0
2022-10-19,308.67
2022-10-18,316.33
2022-10-17,328.67
2022-10-14,371.67
2022-10-13,366.33
2022-10-12,310.67
2022-10-11,342.67
2022-10-10,351.33
2022-10-07,381.0
2022-10-06,363.0
2022-10-05,377.33
2022-10-04,356.33
2022-10-03,323.33
2022-09-30,338.33
2022-09-29,314.33
2022-09-28,272.0
2022-09-27,272.0
2022-09-26,231.0
2022-09-23,387.68
2022-09-22,322.33
2022-09-21,341.33
2022-09-20,345.0
2022-09-19,358.33
2022-09-16,348.33
2022-09-15,364.67
2022-09-14,310.33
2022-09-13,347.67
2022-09-12,383.0
2022-09-09,359.0
2022-09-08,324.33
2022-09-07,342.67
2022-09-06,366.33
2022-09-05,381.5
2022-09-02,396.67
2022-09-01,358.0
2022-08-31,404.33
2022-08-30,396.33
2022-08-29,412.67
2022-08-26,405.0
2022-08-25,406.67
2022-08-24,383.0
2022-08-23,336.33
2022-08-22,121.17
2022-08-19,374.33
2022-08-18,415.33
2022-08-17,421.33
2022-08-16,384.33
2022-08-15,411.0
2022-08-12,384.67
2022-08-11,431.67
2022-08-10,433.67
2022-08-09,388.67
2022-08-08,374.0
2022-08-05,337.0
2022-08-04,383.33
2022-08-03,324.0
2022-08-02,378.33
2022-08-01,382.67
2022-07-29,368.33
2022-07-28,354.67
2022-07-27,376.33
2022-07-26,419.67
2022-07-25,398.33
2022-07-22,326.67
2022-07-21,346.67
2022-07-20,391.67
2022-07-19,382.33
2022-07-18,361.0
2022-07-15,355.0
2022-07-14,285.67
2022-07-13,336.0
2022-07-12,382.0
2022-07-11,396.67
2022-07-08,355.67
2022-07-07,372.33
2022-07-06,366.33
2022-07-05,344.33
2022-07-04,345.33
2022-07-01,346.33
2022-06-30,374.33
2022-06-29,394.67
2022-06-28,431.0
2022-06-27,440.0
2022-06-24,467.33
2022-06-23,455.67
2022-06-22,484.67
2022-06-21,495.67
2022-06-20,476.33
2022-06-17,457.0
2022-06-16,406.33
2022-06-15,405.33
2022-06-14,359.67
2022-06-13,370.33
2022-06-10,432.67
2022-06-09,471.33
2022-06-08,494.0
2022-06-07,503.67
2022-06-06,517.33
2022-06-03,500.0
2022-06-02,513.0
2022-06-01,543.0
2022-05-31,521.0
2022-05-30,505.83
2022-05-27,490.67
2022-05-26,486.33
2022-05-25,437.0
2022-05-24,463.0
2022-05-23,475.67
2022-05-20,450.0
2022-05-19,484.33
2022-05-18,494.0
2022-05-17,523.0
2022-05-16,519.33
2022-05-13,488.67
2022-05-12,452.67
2022-05-11,506.0
2022-05-10,473.67
2022-05-09,473.67
2022-05-06,510.0
2022-05-05,531.67
2022-05-04,595.67
2022-05-03,610.33
2022-05-02,612.0
2022-04-29,575.0
2022-04-28,574.0
2022-04-27,549.33
2022-04-26,533.0
2022-04-25,513.0
2022-04-22,567.0
2022-04-21,611.33
2022-04-20,614.67
2022-04-19,597.67
2022-04-18,608.67
2022-04-14,638.33
2022-04-13,615.0
2022-04-12,623.0
2022-04-11,655.0
2022-04-08,672.0
2022-04-07,610.0
2022-04-06,596.0
2022-04-05,586.0
2022-04-04,599.67
2022-04-01,630.67
2022-03-31,675.33
2022-03-30,673.67
2022-03-29,654.67
2022-03-28,633.67
2022-03-25,599.0
2022-03-24,587.33
2022-03-23,654.33
2022-03-22,602.67
2022-03-21,549.33
2022-03-18,563.33
2022-03-17,533.67
2022-03-16,546.67
2022-03-15,545.67
2022-03-14,632.67
2022-03-11,650.33
2022-03-10,676.0
2022-03-09,670.0
2022-03-08,643.33
2022-03-07,650.33
2022-03-04,623.33
2022-03-03,576.33
2022-03-02,542.67
2022-03-01,544.33
2022-02-28,548.33
2022-02-25,629.0
2022-02-24,635.67
2022-02-23,684.33
2022-02-22,663.33
2022-02-21,660.33
2022-02-18,657.33
2022-02-17,672.0
2022-02-16,713.0
2022-02-15,733.67
2022-02-14,723.0
2022-02-11,805.0
2022-02-10,816.67
2022-02-09,792.0
2022-02-08,712.33
2022-02-07,677.0
2022-02-04,712.33
2022-02-03,681.0
2022-02-02,665.33
2022-02-01,648.67
2022-01-31,567.67
2022-01-28,530.33
2022-01-27,491.67
2022-01-26,555.33
2022-01-25,548.67
2022-01-24,541.0
2022-01-21,620.0
2022-01-20,692.67
2022-01-19,695.67
2022-01-18,665.33
2022-01-17,678.5
2022-01-14,691.67
2022-01-13,651.0
2022-01-12,596.67
2022-01-11,617.0
2022-01-10,553.67
2022-01-07,548.33
2022-01-06,456.33
2022-01-05,495.67
2022-01-04,502.67
2022-01-03,523.67
2021-12-31,555.33
2021-12-30,573.67
2021-12-29,526.33
2021-12-28,510.67
2021-12-27,497.33
2021-12-23,492.33
2021-12-22,487.0
2021-12-21,482.0
2021-12-20,452.67
2021-12-17,515.33
2021-12-16,564.0
2021-12-15,561.33
2021-12-14,523.0
2021-12-13,537.0
2021-12-10,471.33
2021-12-09,470.0
2021-12-08,488.0
2021-12-07,487.0
2021-12-06,478.33
2021-12-03,470.67
2021-12-02,454.0
2021-12-01,361.0
2021-11-30,365.67
2021-11-29,397.33
2021-11-26,413.33
2021-11-25,462.0
2021-11-24,510.67
2021-11-23,574.33
2021-11-22,593.67
2021-11-19,588.33
2021-11-18,588.0
2021-11-17,570.33
2021-11-16,554.67
2021-11-15,533.67
2021-11-12,503.33
2021-11-11,524.0
2021-11-10,498.33
2021-11-09,448.33
2021-11-08,472.0
2021-11-05,436.67
2021-11-04,467.33
2021-11-03,459.67
2021-11-02,502.33
2021-11-01,584.67
2021-10-29,581.67
2021-10-28,604.67
2021-10-27,622.0
2021-10-26,615.67
2021-10-25,637.0
2021-10-22,617.67
2021-10-21,597.67
2021-10-20,548.33
2021-10-19,569.33
2021-10-18,636.33
2021-10-15,639.67
2021-10-14,619.0
2021-10-13,636.0
2021-10-12,702.67
2021-10-11,705.33
2021-10-08,775.33
2021-10-07,753.0
2021-10-06,745.67
2021-10-05,773.67
2021-10-04,769.67
2021-10-01,728.0
2021-09-30,669.33
2021-09-29,609.0
2021-09-28,570.67
2021-09-27,569.67
2021-09-24,609.33
2021-09-23,631.0
2021-09-22,672.0
2021-09-21,620.67
2021-09-20,603.33
2021-09-17,677.67
2021-09-16,671.0
2021-09-15,668.67
2021-09-14,671.33
2021-09-13,646.33
2021-09-10,628.0
2021-09-09,688.0
2021-09-08,695.67
2021-09-07,715.0
2021-09-06,686.33
2021-09-03,657.67
2021-09-02,623.33
2021-09-01,553.67
2021-08-31,553.67
2021-08-30,606.0
2021-08-27,591.33
2021-08-26,627.0
2021-08-25,622.0
2021-08-24,594.67
2021-08-23,578.67
2021-08-20,577.33
2021-08-19,638.67
2021-08-18,678.67
2021-08-17,658.33
2021-08-16,627.67
2021-08-13,589.67
2021-08-12,567.33
2021-08-11,561.0
2021-08-10,517.33
2021-08-09,463.0
2021-08-06,462.33
2021-08-05,444.0
2021-08-04,436.0
2021-08-03,456.67
2021-08-02,400.67
2021-07-30,407.67
2021-07-29,460.0
2021-07-28,460.0
2021-07-27,421.0
2021-07-26,416.0
2021-07-23,367.67
2021-07-22,351.33
2021-07-21,309.0
2021-07-20,298.0
2021-07-19,287.67
2021-07-16,357.0
2021-07-15,406.0
2021-07-14,429.33
2021-07-13,429.67
2021-07-12,464.33
2021-07-09,375.33
2021-07-08,326.33
2021-07-07,349.67
2021-07-06,340.0
2021-07-05,352.33
2021-07-02,364.67
2021-07-01,396.33
2021-06-30,422.33
2021-06-29,421.33
2021-06-28,415.0
2021-06-25,408.0
2021-06-24,380.0
2021-06-23,406.33
2021-06-22,431.33
2021-06-21,413.33
2021-06-18,408.33
2021-06-17,420.0
2021-06-16,455.33
2021-06-15,455.33
2021-06-14,438.67
2021-06-11,397.33
2021-06-10,420.33
2021-06-09,393.33
2021-06-08,426.0
2021-06-07,402.67
2021-06-04,451.0
2021-06-03,446.0
2021-06-02,466.0
2021-06-01,461.0
2021-05-28,459.33
2021-05-27,468.0
2021-05-26,458.0
2021-05-25,426.67
2021-05-24,431.0
2021-05-21,490.0
2021-05-20,486.67
2021-05-19,513.67
2021-05-18,551.67
2021-05-17,565.33
2021-05-14,507.0
2021-05-13,536.33
2021-05-12,544.33
2021-05-11,506.33
2021-05-10,536.67
2021-05-07,484.33
2021-05-06,438.33
2021-05-05,426.67
2021-05-04,363.67
2021-05-03,380.67
2021-04-30,406.67
2021-04-29,512.67
2021-04-28,489.33
2021-04-27,495.0
2021-04-26,499.67
2021-04-23,465.0
2021-04-22,460.67
2021-04-21,446.67
2021-04-20,435.67
2021-04-19,506.33
2021-04-16,474.0
2021-04-15,472.33
2021-04-14,446.67
2021-04-13,418.67
2021-04-12,394.33
2021-04-09,384.33
2021-04-08,387.0
2021-04-07,408.67
2021-04-06,408.67
2021-04-05,367.67
2021-04-01,409.33
2021-03-31,385.0
2021-03-30,377.33
2021-03-29,451.0
2021-03-26,468.0
2021-03-25,475.0
2021-03-24,442.67
2021-03-23,460.0
2021-03-22,512.67
2021-03-19,498.67
2021-03-18,544.0
2021-03-17,516.33
2021-03-16,536.33
2021-03-15,539.33
2021-03-12,577.67
2021-03-11,590.67
2021-03-10,580.67
2021-03-09,552.67
2021-03-08,538.33
2021-03-05,547.0
2021-03-04,616.67
2021-03-03,651.33
2021-03-02,640.33
2021-03-01,644.0
2021-02-26,591.0
2021-02-25,607.33
2021-02-24,548.0
2021-02-23,487.33
2021-02-22,486.33
2021-02-19,436.67
2021-02-18,381.33
2021-02-17,374.67
2021-02-16,418.33
2021-02-15,290.53
2021-02-12,466.33
2021-02-11,434.0
2021-02-10,552.67
2021-02-09,485.67
2021-02-08,492.67
2021-02-05,509.0
2021-02-04,479.33
2021-02-03,475.33
2021-02-02,519.33
2021-02-01,512.0
2021-01-29,492.33
2021-01-28,477.33
2021-01-27,468.33
2021-01-26,506.67
2021-01-25,478.67
2021-01-22,503.0
2021-01-21,522.67
2021-01-20,532.0
2021-01-19,565.0
2021-01-18,532.83
2021-01-15,500.67
2021-01-14,480.0
2021-01-13,462.67
2021-01-12,467.67
2021-01-11,447.33
2021-01-08,469.67
2021-01-07,500.67
2021-01-06,455.33
2021-01-05,484.67
2021-01-04,512.33
2020-12-31,544.33
2020-12-30,534.0
2020-12-29,459.33
2020-12-28,502.0
2020-12-24,537.33
2020-12-23,511.33
2020-12-22,487.33
2020-12-21,510.67
2020-12-18,473.67
2020-12-17,514.33
2020-12-16,474.67
2020-12-15,499.67
2020-12-14,545.0
2020-12-11,575.33
2020-12-10,532.33
2020-12-09,517.0
2020-12-08,551.0
2020-12-07,594.67
2020-12-04,620.0
2020-12-03,617.0
2020-12-02,609.0
2020-12-01,652.33
2020-11-30,688.67
2020-11-27,701.33
2020-11-26,689.17
2020-11-25,677.0
2020-11-24,734.0
2020-11-23,718.33
2020-11-20,702.67
2020-11-19,635.33
2020-11-18,565.33
2020-11-17,501.67
2020-11-16,420.33
2020-11-13,369.33
2020-11-12,343.0
2020-11-11,362.67
2020-11-10,361.0
2020-11-09,381.67
2020-11-06,334.67
2020-11-05,309.67
2020-11-04,281.67
2020-11-03,290.67
2020-11-02,253.0
2020-10-30,298.0
2020-10-29,335.33
2020-10-28,373.0
2020-10-27,449.33
2020-10-26,497.33
2020-10-23,473.33
2020-10-22,463.0
2020-10-21,424.0
2020-10-20,387.0
2020-10-19,418.33
2020-10-16,359.33
2020-10-15,334.67
2020-10-14,382.0
2020-10-13,375.0
2020-10-12,429.67
2020-10-09,423.0
2020-10-08,468.67
2020-10-07,447.67
2020-10-06,423.67
2020-10-05,452.33
2020-10-02,459.33
2020-10-01,491.67
2020-09-30,520.67
2020-09-29,576.0
2020-09-28,573.33
2020-09-25,552.67
2020-09-24,580.33
2020-09-23,571.67
2020-09-22,538.0
2020-09-21,609.0
2020-09-18,634.33
2020-09-17,593.33
2020-09-16,590.0
2020-09-15,661.67
2020-09-14,539.0
2020-09-11,542.0
2020-09-10,525.67
2020-09-09,550.33
2020-09-08,545.0
2020-09-07,569.5
2020-09-04,594.0
2020-09-03,628.0
2020-09-02,684.33
2020-09-01,648.67
2020-08-31,638.67
2020-08-28,332.04
2020-08-27,541.33
2020-08-26,466.67
2020-08-25,476.67
2020-08-24,455.67
2020-08-21,402.33
2020-08-20,400.67
2020-08-19,444.33
2020-08-18,437.67
2020-08-17,433.67
2020-08-14,449.0
2020-08-13,480.33
2020-08-12,458.67
2020-08-11,450.67
2020-08-10,482.67
2020-08-07,528.0
2020-08-06,498.67
2020-08-05,470.67
2020-08-04,443.33
2020-08-03,457.0
2020-07-31,399.0
2020-07-30,344.67
2020-07-29,331.0
2020-07-28,281.33
2020-07-27,275.67
2020-07-24,223.33
2020-07-23,201.33
2020-07-22,202.67
2020-07-21,179.0
2020-07-20,218.33
2020-07-17,167.33
2020-07-16,170.0
2020-07-15,147.0
2020-07-14,162.33
2020-07-13,190.67
2020-07-10,173.33
2020-07-09,154.0
2020-07-08,110.67
2020-07-07,152.67
2020-07-06,160.33
2020-07-03,165.83
2020-07-02,171.33
2020-07-01,163.33
2020-06-30,174.67
2020-06-29,226.0
2020-06-26,252.67
2020-06-25,349.33
2020-06-24,276.0
2020-06-23,261.33
2020-06-22,248.33
2020-06-19,225.33
2020-06-18,243.0
2020-06-17,223.33
2020-06-16,257.67
2020-06-15,254.33
2020-06-12,331.33
2020-06-11,318.0
2020-06-10,411.67
2020-06-09,433.0
2020-06-08,387.67
2020-06-05,386.0
2020-06-04,377.67
2020-06-03,381.0
2020-06-02,387.33
2020-06-01,452.67
2020-05-29,404.67
2020-05-28,384.67
2020-05-27,326.0
2020-05-26,366.33
2020-05-22,347.0
2020-05-21,312.0
2020-05-20,372.0
2020-05-19,390.67
2020-05-18,372.33
2020-05-15,360.0
2020-05-14,377.33
2020-05-13,416.67
2020-05-12,367.0
2020-05-11,432.0
2020-05-08,362.33
2020-05-07,352.33
2020-05-06,337.33
2020-05-05,341.67
2020-05-04,353.0
2020-05-01,374.67
2020-04-30,386.0
2020-04-29,357.33
2020-04-28,331.33
2020-04-27,309.67
2020-04-24,315.33
2020-04-23,348.0
2020-04-22,351.33
2020-04-21,309.33
2020-04-20,340.33
2020-04-17,347.67
2020-04-16,257.67
2020-04-15,228.0
2020-04-14,269.33
2020-04-13,266.67
2020-04-09,305.0
2020-04-08,368.67
2020-04-07,394.0
2020-04-06,361.33
2020-04-03,260.0
2020-04-02,280.0
2020-04-01,245.67
2020-03-31,254.33
2020-03-30,264.67
2020-03-27,268.33
2020-03-26,255.0
2020-03-25,248.0
2020-03-24,263.0
2020-03-23,243.67
2020-03-20,218.0
2020-03-19,217.0
2020-03-18,264.67
2020-03-17,306.67
2020-03-16,337.33
2020-03-13,418.0
2020-03-12,496.0
2020-03-11,611.33
2020-03-10,595.33
2020-03-09,550.67
2020-03-06,575.67
2020-03-05,606.67
2020-03-04,633.67
2020-03-03,664.0
2020-03-02,658.33
2020-02-28,678.33
2020-02-27,747.0
2020-02-26,739.33
2020-02-25,809.33
2020-02-24,816.67
2020-02-21,842.0
2020-02-20,863.67
2020-02-19,850.0
2020-02-18,848.33
2020-02-17,871.83
2020-02-14,895.33
2020-02-13,929.33
2020-02-12,879.33
2020-02-11,901.67
2020-02-10,898.0
2020-02-07,894.67
2020-02-06,867.0
2020-02-05,805.33
2020-02-04,770.0
2020-02-03,752.33
2020-01-31,794.67
2020-01-30,827.0
2020-01-29,748.67
2020-01-28,721.33
2020-01-27,763.33
2020-01-24,755.0
2020-01-23,786.67
2020-01-22,817.33
2020-01-21,825.0
2020-01-20,820.33
2020-01-17,815.67
2020-01-16,734.33
2020-01-15,710.67
2020-01-14,663.33
2020-01-13,599.67
2020-01-10,602.67
2020-01-09,566.67
2020-01-08,509.33
2020-01-07,539.0
2020-01-06,492.67
2020-01-03,527.67
2020-01-02,526.33
2019-12-31,538.33
2019-12-30,467.67
2019-12-27,493.0
2019-12-26,410.67
2019-12-24,435.33
2019-12-23,424.67
2019-12-20,422.33
2019-12-19,448.33
2019-12-18,509.67
2019-12-17,546.33
2019-12-16,559.0
2019-12-13,583.67
2019-12-12,543.0
2019-12-11,576.0
2019-12-10,597.33
2019-12-09,605.67
2019-12-06,616.0
2019-12-05,600.33
2019-12-04,565.33
2019-12-03,579.0
2019-12-02,555.33
2019-11-29,582.0
2019-11-28,595.0
2019-11-27,608.0
2019-11-26,662.33
2019-11-25,616.0
2019-11-22,629.33
2019-11-21,652.33
2019-11-20,643.33
2019-11-19,661.67
2019-11-18,673.33
2019-11-15,686.0
2019-11-14,701.33
2019-11-13,672.0
2019-11-12,624.0
2019-11-11,521.0
2019-11-08,507.0
2019-11-07,450.0
2019-11-06,468.67
2019-11-05,503.33
2019-11-04,496.33
2019-11-01,485.0
2019-10-31,435.33
2019-10-30,488.33
2019-10-29,512.0
2019-10-28,495.33
2019-10-25,470.0
2019-10-24,493.33
2019-10-23,483.33
2019-10-22,478.67
2019-10-21,494.67
2019-10-18,500.0
2019-10-17,511.0
2019-10-16,524.0
2019-10-15,531.0
2019-10-14,467.0
2019-10-11,510.33
2019-10-10,469.67
2019-10-09,418.0
2019-10-08,460.33
2019-10-07,441.33
2019-10-04,488.0
2019-10-03,527.0
2019-10-02,486.67
2019-10-01,458.0
2019-09-30,460.33
2019-09-27,483.67
2019-09-26,502.33
2019-09-25,480.33
2019-09-24,451.67
2019-09-23,464.0
2019-09-20,478.67
2019-09-19,468.0
2019-09-18,406.67
2019-09-17,401.33
2019-09-16,374.67
2019-09-13,332.0
2019-09-12,315.67
2019-09-11,306.33
2019-09-10,293.0
2019-09-09,302.0
2019-09-06,272.0
2019-09-05,238.33
2019-09-04,275.0
2019-09-03,245.33
2019-09-02,236.83
2019-08-30,228.33
2019-08-29,199.33
2019-08-28,257.0
2019-08-27,260.0
2019-08-26,249.33
2019-08-23,243.67
2019-08-22,238.67
2019-08-21,215.33
2019-08-20,186.67
2019-08-19,208.67
2019-08-16,212.0
2019-08-15,218.0
2019-08-14,203.0
2019-08-13,194.33
2019-08-12,240.0
2019-08-09,237.67
2019-08-08,239.0
2019-08-07,264.33
2019-08-06,291.67
2019-08-05,336.33
2019-08-02,344.33
2019-08-01,366.0
2019-07-31,378.33
2019-07-30,408.0
2019-07-29,418.33
2019-07-26,431.67
2019-07-25,480.33
2019-07-24,499.0
2019-07-23,507.0
2019-07-22,546.67
2019-07-19,493.33
2019-07-18,461.67
2019-07-17,448.67
2019-07-16,457.33
2019-07-15,450.67
2019-07-12,525.33
2019-07-11,524.67
2019-07-10,538.0
2019-07-09,546.0
2019-07-08,588.33
2019-07-05,482.67
2019-07-04,474.67
2019-07-03,466.67
2019-07-02,499.67
2019-07-01,517.67
2019-06-28,452.67
2019-06-27,477.67
2019-06-26,484.67
2019-06-25,492.33
2019-06-24,505.0
2019-06-21,517.33
2019-06-20,467.0
2019-06-19,527.33
2019-06-18,506.0
2019-06-17,494.67
2019-06-14,507.0
2019-06-13,521.67
2019-06-12,558.67
2019-06-11,537.33
2019-06-10,518.67
2019-06-07,467.0
2019-06-06,429.67
2019-06-05,406.33
2019-06-04,369.0
2019-06-03,356.33
2019-05-31,407.33
2019-05-30,441.33
2019-05-29,442.0
2019-05-28,450.0
2019-05-24,459.33
2019-05-23,428.0
2019-05-22,415.67
2019-05-21,437.0
2019-05-20,384.67
2019-05-17,351.33
2019-05-16,368.0
2019-05-15,319.33
2019-05-14,296.0
2019-05-13,293.33
2019-05-10,314.33
2019-05-09,337.33
2019-05-08,313.33
2019-05-07,310.0
2019-05-06,352.33
2019-05-03,378.67
2019-05-02,383.0
2019-05-01,329.33
2019-04-30,363.67
2019-04-29,386.67
2019-04-26,336.0
2019-04-25,288.67
2019-04-24,262.0
2019-04-23,307.67
2019-04-22,351.33
2019-04-18,392.33
2019-04-17,407.67
2019-04-16,358.0
2019-04-15,403.67
2019-04-12,418.67
2019-04-11,385.67
2019-04-10,432.67
2019-04-09,428.33
2019-04-08,419.0
2019-04-05,414.33
2019-04-04,409.67
2019-04-03,375.0
2019-04-02,359.33
2019-04-01,318.67
2019-03-29,274.0
2019-03-28,252.0
2019-03-27,247.0
2019-03-26,235.33
2019-03-25,227.67
2019-03-22,166.0
2019-03-21,146.67
2019-03-20,160.0
2019-03-19,214.67
2019-03-18,203.0
2019-03-15,215.67
2019-03-14,227.33
2019-03-13,227.67
2019-03-12,227.33
2019-03-11,215.33
2019-03-08,218.67
2019-03-07,197.33
2019-03-06,259.67
2019-03-05,176.0
2019-03-04,174.67
2019-03-01,236.67
2019-02-28,268.67
2019-02-27,329.0
2019-02-26,303.0
2019-02-25,276.0
2019-02-22,308.0
2019-02-21,294.67
2019-02-20,330.0
2019-02-19,368.0
2019-02-18,357.5
2019-02-15,347.0
2019-02-14,265.0
2019-02-13,278.33
2019-02-12,254.33
2019-02-11,247.0
2019-02-08,226.0
2019-02-07,246.33
2019-02-06,277.67
2019-02-05,248.0
2019-02-04,249.33
2019-02-01,212.0
2019-01-31,199.33
2019-01-30,204.67
2019-01-29,244.67
2019-01-28,280.0
2019-01-25,253.33
2019-01-24,283.33
2019-01-23,276.0
2019-01-22,273.67
2019-01-21,304.67
2019-01-18,335.67
2019-01-17,370.0
2019-01-16,348.33
2019-01-15,300.0
2019-01-14,368.67
2019-01-11,391.0
2019-01-10,399.0
2019-01-09,390.0
2019-01-08,410.0
2019-01-07,433.0
2019-01-04,389.0
2019-01-03,425.0
2019-01-02,422.0
2018-12-31,440.67
2018-12-28,417.67
2018-12-27,388.0
2018-12-26,451.67
2018-12-24,333.67
2018-12-21,289.67
2018-12-20,287.0
2018-12-19,325.67
2018-12-18,302.67
2018-12-17,243.33
2018-12-14,250.0
2018-12-13,249.33
2018-12-12,179.67
2018-12-11,123.67
2018-12-10,212.0
2018-12-07,243.33
2018-12-06,148.0
2018-12-05,123.0
2018-12-04,192.67
2018-12-03,210.0
2018-11-30,211.67
2018-11-29,183.67
2018-11-28,135.67
2018-11-27,152.33
2018-11-26,132.33
2018-11-23,137.0
2018-11-22,145.0
2018-11-21,153.0
2018-11-20,201.33
2018-11-19,216.0
2018-11-16,249.67
2018-11-15,221.67
2018-11-14,200.0
2018-11-13,241.33
2018-11-12,241.67
2018-11-09,273.67
2018-11-08,302.67
2018-11-07,396.0
2018-11-06,381.0
2018-11-05,325.67
2018-11-02,294.0
2018-11-01,284.33
2018-10-31,248.0
2018-10-30,229.0
2018-10-29,208.67
2018-10-26,261.33
2018-10-25,219.0
2018-10-24,163.67
2018-10-23,209.0
2018-10-22,233.67
2018-10-19,175.0
2018-10-18,161.67
2018-10-17,228.0
2018-10-16,202.33
2018-10-15,150.33
2018-10-12,167.67
2018-10-11,118.33
2018-10-10,115.0
2018-10-09,145.0
2018-10-08,116.33
2018-10-05,57.0
2018-10-04,30.67
2018-10-03,36.67
2018-10-02,97.0
2018-10-01,20.67
2018-09-28,87.33
2018-09-27,141.67
2018-09-26,183.0
2018-09-25,210.67
2018-09-24,249.33
2018-09-21,182.0
2018-09-20,223.0
2018-09-19,207.33
2018-09-18,260.0
2018-09-17,251.67
2018-09-14,232.67
2018-09-13,319.0
2018-09-12,328.67
2018-09-11,299.33
2018-09-10,313.33
2018-09-07,273.0
2018-09-06,295.33
2018-09-05,316.0
2018-09-04,338.0
2018-09-03,340.5
2018-08-31,343.0
2018-08-30,290.33
2018-08-29,359.67
2018-08-28,332.0
2018-08-27,350.67
2018-08-24,370.0
2018-08-23,347.33
2018-08-22,318.33
2018-08-21,266.33
2018-08-20,203.67
2018-08-17,161.33
2018-08-16,170.33
2018-08-15,156.0
2018-08-14,132.67
2018-08-13,133.0
2018-08-10,116.33
2018-08-09,119.33
2018-08-08,146.0
2018-08-07,136.67
2018-08-06,162.0
2018-08-03,99.0
2018-08-02,126.0
2018-08-01,121.67
2018-07-31,199.0
2018-07-30,266.33
2018-07-27,262.33
2018-07-26,331.33
2018-07-25,278.0
2018-07-24,278.33
2018-07-23,321.67
2018-07-20,346.0
2018-07-19,316.33
2018-07-18,360.33
2018-07-17,419.67
2018-07-16,417.33
2018-07-13,523.33
2018-07-12,488.33
2018-07-11,486.67
2018-07-10,515.33
2018-07-09,466.0
2018-07-06,481.33
2018-07-05,492.0
2018-07-04,479.5
2018-07-03,467.0
2018-07-02,511.33
2018-06-29,521.33
2018-06-28,464.67
2018-06-27,397.67
2018-06-26,490.33
2018-06-25,508.0
2018-06-22,533.33
2018-06-21,531.67
2018-06-20,570.0
2018-06-19,469.33
2018-06-18,487.33
2018-06-15,528.33
2018-06-14,438.67
2018-06-13,393.33
2018-06-12,429.67
2018-06-11,403.33
2018-06-08,410.67
2018-06-07,320.33
2018-06-06,345.0
2018-06-05,346.0
2018-06-04,395.0
2018-06-01,495.33
2018-05-31,499.67
2018-05-30,572.33
2018-05-29,539.33
2018-05-25,597.0
2018-05-24,639.67
2018-05-23,654.33
2018-05-22,629.33
2018-05-21,652.67
2018-05-18,687.33
2018-05-17,656.67
2018-05-16,751.33
2018-05-15,688.33
2018-05-14,792.0
2018-05-11,819.0
2018-05-10,774.0
2018-05-09,785.33
2018-05-08,789.33
2018-05-07,868.67
2018-05-04,794.0
2018-05-03,847.33
2018-05-02,825.67
2018-05-01,898.67
2018-04-30,822.33
2018-04-27,823.33
2018-04-26,796.67
2018-04-25,841.33
2018-04-24,821.0
2018-04-23,744.67
2018-04-20,743.33
2018-04-19,810.67
2018-04-18,812.33
2018-04-17,714.33
2018-04-16,723.67
2018-04-13,572.67
2018-04-12,560.33
2018-04-11,581.0
2018-04-10,530.67
2018-04-09,542.0
2018-04-06,490.33
2018-04-05,531.33
2018-04-04,521.33
2018-04-03,525.33
2018-04-02,650.67
2018-03-29,573.0
2018-03-28,612.33
2018-03-27,586.67
2018-03-26,653.33
2018-03-23,654.33
2018-03-22,553.67
2018-03-21,554.33
2018-03-20,512.0
2018-03-19,466.67
2018-03-16,548.0
2018-03-15,550.0
2018-03-14,564.67
2018-03-13,552.33
2018-03-12,560.0
2018-03-09,478.67
2018-03-08,504.0
2018-03-07,457.0
2018-03-06,453.67
2018-03-05,460.67
2018-03-02,346.0
2018-03-01,279.0
2018-02-28,239.33
2018-02-27,244.0
2018-02-26,230.33
2018-02-23,218.0
2018-02-22,176.0
2018-02-21,192.67
2018-02-20,168.67
2018-02-19,159.0
2018-02-16,149.33
2018-02-15,148.0
2018-02-14,105.67
2018-02-13,32.0
2018-02-12,995.67
2018-02-09,59.0
2018-02-08,53.0
2018-02-07,39.0
2018-02-06,60.33
2018-02-05,61.67
2018-02-02,74.33
2018-02-01,36.0
2018-01-31,3.33
2018-01-30,990.33
2018-01-29,961.33
2018-01-26,8.67
2018-01-25,972.67
2018-01-24,980.0
2018-01-23,946.33
2018-01-22,960.67
2018-01-19,945.33
2018-01-18,999.33
2018-01-17,4.67
2018-01-16,948.33
2018-01-15,937.67
2018-01-12,927.0
2018-01-11,933.67
2018-01-10,949.33
2018-01-09,908.33
2018-01-08,912.0
2018-01-05,897.0
2018-01-04,899.67
2018-01-03,893.67
2018-01-02,937.67
2017-12-29,893.67
2017-12-28,898.33
2017-12-27,868.67
2017-12-26,854.67
2017-12-22,823.33
2017-12-21,911.0
2017-12-20,923.33
2017-12-19,907.33
2017-12-18,928.33
2017-12-15,885.33
2017-12-14,880.67
2017-12-13,899.67
2017-12-12,875.33
2017-12-11,916.33
2017-12-08,900.33
2017-12-07,878.67
2017-12-06,910.67
2017-12-05,940.67
2017-12-04,3.0
2017-12-01,42.33
2017-11-30,58.67
2017-11-29,111.33
2017-11-28,52.0
2017-11-27,71.33
2017-11-24,111.67
2017-11-23,119.5
2017-11-22,127.33
2017-11-21,120.0
2017-11-20,102.0
2017-11-17,139.0
2017-11-16,149.67
2017-11-15,148.0
2017-11-14,163.33
2017-11-13,199.33
2017-11-10,219.33
2017-11-09,185.33
2017-11-08,192.67
2017-11-07,158.0
2017-11-06,115.0
2017-11-03,54.0
2017-11-02,60.33
2017-11-01,122.0
2017-10-31,91.0
2017-10-30,115.33
2017-10-27,113.0
2017-10-26,125.0
2017-10-25,84.67
2017-10-24,90.33
2017-10-23,127.33
2017-10-20,129.33
2017-10-19,139.0
2017-10-18,77.0
2017-10-17,76.33
2017-10-16,59.67
2017-10-13,96.67
2017-10-12,103.33
2017-10-11,122.0
2017-10-10,56.0
2017-10-09,28.33
2017-10-06,88.0
2017-10-05,88.0
2017-10-04,75.0
2017-10-03,79.0
2017-10-02,40.0
2017-09-29,36.33
2017-09-28,979.67
2017-09-27,13.67
2017-09-26,971.33
2017-09-25,977.0
2017-09-22,985.67
2017-09-21,23.0
2017-09-20,5.67
2017-09-19,977.33
2017-09-18,982.67
2017-09-15,8.33
2017-09-14,978.67
2017-09-13,988.67
2017-09-12,961.0
2017-09-11,942.67
2017-09-08,946.33
2017-09-07,922.0
2017-09-06,932.33
2017-09-05,964.33
2017-09-04,968.0
2017-09-01,971.67
2017-08-31,944.0
2017-08-30,944.33
2017-08-29,975.67
2017-08-28,13.33
2017-08-25,939.33
2017-08-24,906.0
2017-08-23,889.33
2017-08-22,893.33
2017-08-21,918.67
2017-08-18,898.0
2017-08-17,888.33
2017-08-16,855.0
2017-08-15,881.67
2017-08-14,940.67
2017-08-11,985.0
2017-08-10,970.67
2017-08-09,8.33
2017-08-08,38.0
2017-08-07,41.67
2017-08-04,27.0
2017-08-03,84.67
2017-08-02,90.0
2017-08-01,44.33
2017-07-31,91.33
2017-07-28,83.33
2017-07-27,33.33
2017-07-26,948.67
2017-07-25,961.33
2017-07-24,1.33
2017-07-21,999.67
2017-07-20,988.0
2017-07-19,972.67
2017-07-18,942.67
2017-07-17,940.67
2017-07-14,943.0
2017-07-13,909.33
2017-07-12,851.33
2017-07-11,844.0
2017-07-10,865.0
2017-07-07,901.0
2017-07-06,951.33
2017-07-05,975.67
2017-07-04,983.67
2017-07-03,991.67
2017-06-30,956.33
2017-06-29,886.33
2017-06-28,907.33
2017-06-27,888.0
2017-06-26,868.33
2017-06-23,901.67
2017-06-22,853.0
2017-06-21,872.0
2017-06-20,943.33
2017-06-19,961.33
2017-06-16,53.0
2017-06-15,90.33
2017-06-14,64.0
2017-06-13,39.67
2017-06-12,76.67
2017-06-09,43.33
2017-06-08,992.33
2017-06-07,985.0
2017-06-06,0.33
2017-06-05,6.0
2017-06-02,13.0
2017-06-01,39.0
2017-05-31,54.33
2017-05-30,43.33
2017-05-26,926.0
2017-05-25,903.67
2017-05-24,913.33
2017-05-23,25.67
2017-05-22,45.33
2017-05-19,39.33
2017-05-18,97.33
2017-05-17,64.0
2017-05-16,46.67
2017-05-15,57.0
2017-05-12,16.0
2017-05-11,965.67
2017-05-10,966.0
2017-05-09,973.67
2017-05-08,963.67
2017-05-05,877.67
2017-05-04,850.67
2017-05-03,797.33
2017-05-02,822.0
2017-05-01,830.33
2017-04-28,842.67
2017-04-27,878.0
2017-04-26,885.33
2017-04-25,862.0
2017-04-24,828.33
2017-04-21,859.0
2017-04-20,810.33
2017-04-19,883.67
2017-04-18,934.0
2017-04-17,935.0
2017-04-13,909.33
2017-04-12,955.0
2017-04-11,984.0
2017-04-10,962.33
2017-04-07,15.33
2017-04-06,83.33
2017-04-05,114.0
2017-04-04,109.0
2017-04-03,106.33
2017-03-31,91.33
2017-03-30,103.67
2017-03-29,94.67
2017-03-28,135.33
2017-03-27,156.33
2017-03-24,140.0
2017-03-23,177.33
2017-03-22,171.33
2017-03-21,162.0
2017-03-20,118.33
2017-03-17,28.33
2017-03-16,36.33
2017-03-15,53.0
2017-03-14,57.67
2017-03-13,19.33
2017-03-10,939.67
2017-03-09,909.0
2017-03-08,924.0
2017-03-07,923.33
2017-03-06,946.0
2017-03-03,963.67
2017-03-02,938.67
2017-03-01,923.67
2017-02-28,918.0
2017-02-27,995.0
2017-02-24,10.33
2017-02-23,38.33
2017-02-22,9.0
2017-02-21,12.0
2017-02-20,16.67
2017-02-17,21.33
2017-02-16,50.33
2017-02-15,993.33
2017-02-14,920.33
2017-02-13,915.67
2017-02-10,955.33
2017-02-09,990.0
2017-02-08,6.33
2017-02-07,17.67
2017-02-06,55.0
2017-02-03,79.0
2017-02-02,96.33
2017-02-01,115.67
2017-01-31,101.33
2017-01-30,83.67
2017-01-27,104.67
2017-01-26,142.33
2017-01-25,201.67
2017-01-24,206.0
2017-01-23,171.33
2017-01-20,141.0
2017-01-19,161.33
2017-01-18,222.0
2017-01-17,228.33
2017-01-16,212.67
2017-01-13,197.0
2017-01-12,208.33
2017-01-11,116.0
2017-01-10,196.33
2017-01-09,170.0
2017-01-06,248.33
2017-01-05,249.0
2017-01-04,224.67
2017-01-03,167.33
2016-12-30,127.67
2016-12-29,155.0
2016-12-28,198.67
2016-12-27,240.67
2016-12-23,253.67
2016-12-22,188.67
2016-12-21,269.67
2016-12-20,259.33
2016-12-19,291.0
2016-12-16,267.0
2016-12-15,242.33
2016-12-14,319.0
2016-12-13,286.33
2016-12-12,241.0
2016-12-09,176.33
2016-12-08,263.0
2016-12-07,318.0
2016-12-06,347.0
2016-12-05,362.67
2016-12-02,392.33
2016-12-01,397.33
2016-11-30,374.67
2016-11-29,409.0
2016-11-28,395.67
2016-11-25,408.33
2016-11-24,420.33
2016-11-23,432.33
2016-11-22,436.0
2016-11-21,425.67
2016-11-18,416.67
2016-11-17,419.67
2016-11-16,414.0
2016-11-15,395.67
2016-11-14,406.0
2016-11-11,469.33
2016-11-10,450.0
2016-11-09,459.0
2016-11-08,473.67
2016-11-07,462.67
2016-11-04,558.67
2016-11-03,646.33
2016-11-02,653.0
2016-11-01,642.67
2016-10-31,665.33
2016-10-28,674.67
2016-10-27,654.0
2016-10-26,686.67
2016-10-25,668.0
2016-10-24,649.67
2016-10-21,661.33
2016-10-20,655.0
2016-10-19,662.0
2016-10-18,643.67
2016-10-17,641.67
2016-10-14,670.0
2016-10-13,658.67
2016-10-12,614.67
2016-10-11,644.33
2016-10-10,635.33
2016-10-07,739.67
2016-10-06,750.33
2016-10-05,789.67
2016-10-04,769.33
2016-10-03,758.33
2016-09-30,742.67
2016-09-29,710.67
2016-09-28,799.67
2016-09-27,844.0
2016-09-26,822.0
2016-09-23,824.67
2016-09-22,900.67
2016-09-21,847.33
2016-09-20,838.0
2016-09-19,846.33
2016-09-16,794.33
2016-09-15,822.67
2016-09-14,802.0
2016-09-13,774.33
2016-09-12,780.67
2016-09-09,747.33
2016-09-08,862.0
2016-09-07,887.33
2016-09-06,904.67
2016-09-05,893.17
2016-09-02,881.67
2016-09-01,869.67
2016-08-31,888.0
2016-08-30,877.0
2016-08-29,912.33
2016-08-26,993.67
2016-08-25,10.67
2016-08-24,5.67
2016-08-23,29.0
2016-08-22,973.33
2016-08-19,72.33
2016-08-18,86.67
2016-08-17,51.0
2016-08-16,34.0
2016-08-15,992.33
2016-08-12,973.33
2016-08-11,985.67
2016-08-10,1.67
2016-08-09,948.67
2016-08-08,984.0
2016-08-05,981.0
2016-08-04,958.0
2016-08-03,969.67
2016-08-02,875.33
2016-08-01,911.67
2016-07-29,826.33
2016-07-28,852.67
2016-07-27,853.0
2016-07-26,849.67
2016-07-25,854.0
2016-07-22,883.67
2016-07-21,915.33
2016-07-20,956.67
2016-07-19,986.0
2016-07-18,63.67
2016-07-15,42.33
2016-07-14,129.67
2016-07-13,110.33
2016-07-12,84.67
2016-07-11,68.0
2016-07-08,64.67
2016-07-07,71.0
2016-07-06,54.67
2016-07-05,31.33
2016-07-04,997.67
2016-07-01,964.0
2016-06-30,940.67
2016-06-29,0.67
2016-06-28,972.0
2016-06-27,961.0
2016-06-24,986.0
2016-06-23,154.33
2016-06-22,131.33
2016-06-21,119.0
2016-06-20,100.0
2016-06-17,40.67
2016-06-16,996.0
2016-06-15,90.67
2016-06-14,105.67
2016-06-13,114.33
2016-06-10,101.67
2016-06-09,91.33
2016-06-08,90.0
2016-06-07,75.0
2016-06-06,41.67
2016-06-03,11.0
2016-06-02,34.67
2016-06-01,10.67
2016-05-31,28.67
2016-05-27,971.33
2016-05-26,934.0
2016-05-25,931.33
2016-05-24,961.67
2016-05-23,968.0
2016-05-20,924.33
2016-05-19,894.0
2016-05-18,935.67
2016-05-17,897.33
2016-05-16,925.33
2016-05-13,965.33
2016-05-12,6.0
2016-05-11,69.0
2016-05-10,95.67
2016-05-09,81.67
2016-05-06,72.67
2016-05-05,154.67
2016-05-04,171.67
2016-05-03,194.67
2016-05-02,211.67
2016-04-29,217.33
2016-04-28,164.0
2016-04-27,178.33
2016-04-26,194.67
2016-04-25,154.33
2016-04-22,140.67
2016-04-21,75.0
2016-04-20,68.0
2016-04-19,64.67
2016-04-18,19.67
2016-04-15,963.67
2016-04-14,974.0
2016-04-13,936.33
2016-04-12,940.67
2016-04-11,924.0
2016-04-08,878.0
2016-04-07,858.33
2016-04-06,905.0
2016-04-05,886.67
2016-04-04,863.33
2016-04-01,897.0
2016-03-31,948.67
2016-03-30,974.33
2016-03-29,973.0
2016-03-28,967.0
2016-03-24,969.0
2016-03-23,954.67
2016-03-22,31.67
2016-03-21,64.67
2016-03-18,112.67
2016-03-17,113.0
2016-03-16,30.0
2016-03-15,45.33
2016-03-14,74.67
2016-03-11,49.0
2016-03-10,54.67
2016-03-09,15.33
2016-03-08,958.67
2016-03-07,993.0
2016-03-04,983.0
2016-03-03,947.33
2016-03-02,941.0
2016-03-01,925.33
2016-02-29,941.67
2016-02-26,878.33
2016-02-25,936.67
2016-02-24,920.0
2016-02-23,889.0
2016-02-22,877.67
2016-02-19,840.0
2016-02-18,904.33
2016-02-17,871.33
2016-02-16,832.67
2016-02-15,839.5
2016-02-12,846.33
2016-02-11,793.0
2016-02-10,833.0
2016-02-09,847.33
2016-02-08,860.33
2016-02-05,793.67
2016-02-04,774.0
2016-02-03,840.0
2016-02-02,766.33
2016-02-01,868.67
2016-01-29,762.67
2016-01-28,792.67
2016-01-27,765.33
2016-01-26,830.33
2016-01-25,824.33
2016-01-22,875.0
2016-01-21,865.0
2016-01-20,800.0
2016-01-19,928.67
2016-01-18,920.17
2016-01-15,911.67
2016-01-14,853.33
2016-01-13,894.33
2016-01-12,874.0
2016-01-11,894.33
2016-01-08,11.0
2016-01-07,969.0
2016-01-06,978.0
2016-01-05,61.67
2016-01-04,128.0
2015-12-31,208.33
2015-12-30,214.67
2015-12-29,202.67
2015-12-28,193.67
2015-12-24,211.33
2015-12-23,245.67
2015-12-22,188.67
2015-12-21,234.33
2015-12-18,249.33
2015-12-17,253.33
2015-12-16,286.67
2015-12-15,346.33
2015-12-14,368.33
2015-12-11,346.33
2015-12-10,341.67
2015-12-09,367.33
2015-12-08,314.33
2015-12-07,403.67
2015-12-04,381.0
2015-12-03,373.0
2015-12-02,331.33
2015-12-01,335.0
2015-11-30,331.67
2015-11-27,305.0
2015-11-26,304.83
2015-11-25,304.67
2015-11-24,335.67
2015-11-23,310.0
2015-11-20,361.67
2015-11-19,376.67
2015-11-18,340.0
2015-11-17,356.33
2015-11-16,364.67
2015-11-13,348.33
2015-11-12,310.0
2015-11-11,305.67
2015-11-10,272.0
2015-11-09,193.33
2015-11-06,231.0
2015-11-05,267.67
2015-11-04,228.33
2015-11-03,289.0
2015-11-02,291.0
2015-10-30,256.0
2015-10-29,217.0
2015-10-28,213.67
2015-10-27,193.67
2015-10-26,182.0
2015-10-23,130.0
2015-10-22,140.0
2015-10-21,137.0
2015-10-20,194.67
2015-10-19,165.67
2015-10-16,118.67
2015-10-15,106.67
2015-10-14,107.67
2015-10-13,117.0
2015-10-12,90.67
2015-10-09,56.67
2015-10-08,66.67
2015-10-07,67.67
2015-10-06,81.33
2015-10-05,91.0
2015-10-02,97.0
2015-10-01,107.0
2015-09-30,120.33
2015-09-29,177.33
2015-09-28,237.67
2015-09-25,269.0
2015-09-24,291.67
2015-09-23,303.67
2015-09-22,297.33
2015-09-21,295.67
2015-09-18,303.33
2015-09-17,269.67
2015-09-16,241.0
2015-09-15,213.33
2015-09-14,272.67
2015-09-11,245.0
2015-09-10,255.0
2015-09-09,256.33
2015-09-08,212.0
2015-09-07,185.5
2015-09-04,159.0
2015-09-03,110.67
2015-09-02,88.67
2015-09-01,130.67
2015-08-31,102.0
2015-08-28,90.0
2015-08-27,104.67
2015-08-26,93.67
2015-08-25,96.0
2015-08-24,91.0
2015-08-21,78.33
2015-08-20,123.67
2015-08-19,104.67
2015-08-18,77.33
2015-08-17,56.33
2015-08-14,56.67
2015-08-13,64.67
2015-08-12,34.33
2015-08-11,92.33
2015-08-10,105.0
2015-08-07,117.67
2015-08-06,70.67
2015-08-05,127.0
2015-08-04,175.33
2015-08-03,174.33
2015-07-31,214.33
2015-07-30,230.0
2015-07-29,222.67
2015-07-28,209.0
2015-07-27,194.67
2015-07-24,186.0
2015-07-23,243.33
2015-07-22,275.0
2015-07-21,332.67
2015-07-20,348.67
2015-07-17,338.33
2015-07-16,344.0
2015-07-15,346.67
2015-07-14,358.67
2015-07-13,298.67
2015-07-10,290.67
2015-07-09,265.67
2015-07-08,238.0
2015-07-07,243.33
2015-07-06,267.67
2015-07-03,271.5
2015-07-02,275.33
2015-07-01,262.33
2015-06-30,263.0
2015-06-29,314.33
2015-06-26,304.67
2015-06-25,255.33
2015-06-24,271.67
2015-06-23,233.67
2015-06-22,268.67
2015-06-19,240.33
2015-06-18,269.67
2015-06-17,205.67
2015-06-16,220.0
2015-06-15,185.0
2015-06-12,142.33
2015-06-11,96.33
2015-06-10,116.33
2015-06-09,102.33
2015-06-08,107.67
2015-06-05,103.33
2015-06-04,107.0
2015-06-03,130.0
2015-06-02,108.67
2015-06-01,53.67
2015-05-29,83.33
2015-05-28,109.33
2015-05-27,119.67
2015-05-26,135.33
2015-05-22,131.33
2015-05-21,155.33
2015-05-20,102.67
2015-05-19,127.33
2015-05-18,126.33
2015-05-15,115.33
2015-05-14,74.67
2015-05-13,46.67
2015-05-12,32.33
2015-05-11,988.33
2015-05-08,934.67
2015-05-07,920.0
2015-05-06,905.0
2015-05-05,925.67
2015-05-04,874.0
2015-05-01,875.0
2015-04-30,927.33
2015-04-29,931.0
2015-04-28,906.67
2015-04-27,903.67
2015-04-24,866.0
2015-04-23,789.67
2015-04-22,773.0
2015-04-21,771.67
2015-04-20,777.67
2015-04-17,824.67
2015-04-16,850.67
2015-04-15,808.33
2015-04-14,843.67
2015-04-13,794.0
2015-04-10,775.0
2015-04-09,783.33
2015-04-08,782.0
2015-04-07,776.67
2015-04-06,784.0
2015-04-02,758.0
2015-04-01,742.0
2015-03-31,703.67
2015-03-30,685.67
2015-03-27,741.33
2015-03-26,758.33
2015-03-25,771.67
2015-03-24,772.0
2015-03-23,755.33
2015-03-20,771.0
2015-03-19,706.33
2015-03-18,747.0
2015-03-17,783.33
2015-03-16,783.0
2015-03-13,815.0
2015-03-12,831.0
2015-03-11,834.67
2015-03-10,896.33
2015-03-09,918.67
2015-03-06,921.0
2015-03-05,974.33
2015-03-04,983.0
2015-03-03,16.0
2015-03-02,990.0
2015-02-27,1.0
2015-02-26,963.0
2015-02-25,949.67
2015-02-24,997.0
2015-02-23,980.0
2015-02-20,959.0
2015-02-19,941.33
2015-02-18,949.0
2015-02-17,920.33
2015-02-16,921.0
2015-02-13,921.67
2015-02-12,928.0
2015-02-11,877.33
2015-02-10,856.0
2015-02-09,858.0
2015-02-06,773.33
2015-02-05,753.33
2015-02-04,730.67
2015-02-03,703.67
2015-02-02,677.0
2015-01-30,691.67
2015-01-29,691.67
2015-01-28,718.0
2015-01-27,747.67
2015-01-26,737.33
2015-01-23,759.0
2015-01-22,799.67
2015-01-21,844.33
2015-01-20,916.33
2015-01-19,923.67
2015-01-16,931.0
2015-01-15,962.67
2015-01-14,976.0
2015-01-13,973.33
2015-01-12,980.0
2015-01-09,938.67
2015-01-08,965.0
2015-01-07,900.0
2015-01-06,882.0
2015-01-05,927.67
2015-01-02,930.67
2014-12-31,895.0
2014-12-30,954.67
2014-12-29,945.33
2014-12-26,925.33
2014-12-24,949.67
2014-12-23,939.33
2014-12-22,961.0
2014-12-19,958.0
2014-12-18,943.0
2014-12-17,901.33
2014-12-16,896.33
2014-12-15,864.0
2014-12-12,853.67
2014-12-11,846.33
2014-12-10,918.0
2014-12-09,933.33
2014-12-08,894.33
2014-12-05,885.67
2014-12-04,861.33
2014-12-03,847.67
2014-12-02,852.0
2014-12-01,889.33
2014-11-28,852.33
2014-11-27,861.0
2014-11-26,869.67
2014-11-25,815.0
2014-11-24,865.0
2014-11-21,822.67
2014-11-20,823.67
2014-11-19,826.67
2014-11-18,808.0
2014-11-17,820.33
2014-11-14,809.0
2014-11-13,815.67
2014-11-12,855.0
2014-11-11,919.0
2014-11-10,902.33
2014-11-07,874.67
2014-11-06,875.33
2014-11-05,865.0
2014-11-04,883.33
2014-11-03,862.67
2014-10-31,890.67
2014-10-30,938.0
2014-10-29,926.67
2014-10-28,922.0
2014-10-27,950.0
2014-10-24,26.33
2014-10-23,87.67
2014-10-22,88.33
2014-10-21,91.0
2014-10-20,102.33
2014-10-17,89.67
2014-10-16,48.67
2014-10-15,110.0
2014-10-14,91.0
2014-10-13,41.67
2014-10-10,126.67
2014-10-09,35.33
2014-10-08,20.67
2014-10-07,35.33
2014-10-06,57.33
2014-10-03,44.33
2014-10-02,66.67
2014-10-01,151.67
2014-09-30,262.0
2014-09-29,278.33
2014-09-26,277.0
2014-09-25,289.67
2014-09-24,328.0
2014-09-23,259.33
2014-09-22,288.67
2014-09-19,232.33
2014-09-18,163.67
2014-09-17,127.67
2014-09-16,61.67
2014-09-15,47.0
2014-09-12,48.33
2014-09-11,23.33
2014-09-10,49.67
2014-09-09,67.0
2014-09-08,57.67
2014-09-05,83.0
2014-09-04,125.33
2014-09-03,136.0
2014-09-02,147.0
2014-09-01,177.5
2014-08-29,208.0
2014-08-28,211.33
2014-08-27,192.33
2014-08-26,204.33
2014-08-25,214.33
2014-08-22,181.0
2014-08-21,182.33
2014-08-20,209.33
2014-08-19,191.0
2014-08-18,243.33
2014-08-15,226.0
2014-08-14,210.33
2014-08-13,226.0
2014-08-12,230.33
2014-08-11,217.33
2014-08-08,209.33
2014-08-07,215.33
2014-08-06,200.67
2014-08-05,183.0
2014-08-04,173.67
2014-08-01,180.0
2014-07-31,181.33
2014-07-30,180.0
2014-07-29,158.67
2014-07-28,147.67
2014-07-25,159.67
2014-07-24,155.33
2014-07-23,156.67
2014-07-22,108.0
2014-07-21,112.67
2014-07-18,80.0
2014-07-17,55.33
2014-07-16,65.33
2014-07-15,99.0
2014-07-14,79.33
2014-07-11,89.0
2014-07-10,87.33
2014-07-09,85.33
2014-07-08,118.67
2014-07-07,90.33
2014-07-04,96.83
2014-07-03,103.33
2014-07-02,126.67
2014-07-01,117.67
2014-06-30,128.33
2014-06-27,133.0
2014-06-26,55.0
2014-06-25,72.67
2014-06-24,48.0
2014-06-23,81.33
2014-06-20,106.67
2014-06-19,111.33
2014-06-18,113.0
2014-06-17,107.0
2014-06-16,104.67
2014-06-13,112.0
2014-06-12,58.67
2014-06-11,113.33
2014-06-10,87.33
2014-06-09,81.0
2014-06-06,66.33
2014-06-05,92.67
2014-06-04,85.0
2014-06-03,74.67
2014-06-02,65.0
2014-05-30,64.67
2014-05-29,49.0
2014-05-28,33.0
2014-05-27,32.67
2014-05-23,30.33
2014-05-22,6.67
2014-05-21,991.0
2014-05-20,976.0
2014-05-19,941.33
2014-05-16,931.33
2014-05-15,910.67
2014-05-14,902.67
2014-05-13,905.0
2014-05-12,884.0
2014-05-09,871.33
2014-05-08,899.0
2014-05-07,905.0
2014-05-06,933.67
2014-05-05,937.0
2014-05-02,928.67
2014-05-01,931.0
2014-04-30,983.0
2014-04-29,960.33
2014-04-28,947.67
2014-04-25,961.33
2014-04-24,976.33
2014-04-23,22.0
2014-04-22,11.33
2014-04-21,7.67
2014-04-17,25.0
2014-04-16,984.67
2014-04-15,983.33
2014-04-14,997.0
2014-04-11,989.33
2014-04-10,991.33
2014-04-09,23.67
2014-04-08,0.67
2014-04-07,971.33
2014-04-04,980.67
2014-04-03,932.0
2014-04-02,937.0
2014-04-01,958.33
2014-03-31,963.0
2014-03-28,997.33
2014-03-27,952.67
2014-03-26,971.67
2014-03-25,965.67
2014-03-24,945.0
2014-03-21,965.0
2014-03-20,989.33
2014-03-19,31.0
2014-03-18,21.67
2014-03-17,30.33
2014-03-14,998.67
2014-03-13,11.67
2014-03-12,957.67
2014-03-11,10.33
2014-03-10,992.67
2014-03-07,985.0
2014-03-06,966.67
2014-03-05,975.33
2014-03-04,961.67
2014-03-03,921.67
2014-02-28,956.33
2014-02-27,955.0
2014-02-26,936.0
2014-02-25,919.67
2014-02-24,955.0
2014-02-21,954.0
2014-02-20,984.33
2014-02-19,935.33
2014-02-18,952.0
2014-02-17,956.33
2014-02-14,960.67
2014-02-13,943.0
2014-02-12,956.67
2014-02-11,930.67
2014-02-10,920.33
2014-02-07,932.0
2014-02-06,897.67
2014-02-05,892.33
2014-02-04,900.0
2014-02-03,925.67
2014-01-31,908.0
2014-01-30,917.33
2014-01-29,924.0
2014-01-28,909.67
2014-01-27,899.33
2014-01-24,797.67
2014-01-23,801.67
2014-01-22,708.33
2014-01-21,686.0
2014-01-20,693.5
2014-01-17,701.0
2014-01-16,756.67
2014-01-15,754.33
2014-01-14,755.67
2014-01-13,713.67
2014-01-10,717.33
2014-01-09,691.0
2014-01-08,705.0
2014-01-07,687.67
2014-01-06,675.67
2014-01-03,703.0
2014-01-02,646.67
