date,cocoa_price_euro,Brent_Price,precipitation,soil_moisture
2023-12-29,160.0,77.69,0.0,0.45
2023-12-28,216.0,79.04,0.0,0.45
2023-12-26,241.0,,0.0,0.46
2023-12-22,263.67,80.23,0.0,0.47
2023-12-21,246.67,80.73,0.0,0.48
2023-12-20,254.0,81.1,0.0,0.48
2023-12-19,239.33,79.82,0.0,0.48
2023-12-18,231.33,78.89,0.0,0.48
2023-12-15,200.0,76.84,0.0,0.49
2023-12-14,214.67,77.05,0.0,0.5
2023-12-13,184.67,74.14,0.0,0.51
2023-12-12,169.33,74.11,0.0,0.51
2023-12-11,138.33,75.75,1.04,0.52
2023-12-07,162.67,74.21,0.65,0.52
2023-12-05,72.0,77.27,0.43,0.54
2023-12-04,112.67,78.16,0.69,0.55
2023-12-01,168.33,78.72,3.41,0.55
2023-11-30,241.67,81.72,3.27,0.55
2023-11-29,230.0,82.98,5.76,0.55
2023-11-28,168.33,81.66,3.56,0.55
2023-11-27,99.0,79.49,1.46,0.56
2023-11-24,51.67,79.82,1.36,0.52
2023-11-23,51.17,80.85,1.23,0.53
2023-11-22,50.67,81.76,1.6,0.53
2023-11-21,97.33,82.42,0.55,0.54
2023-11-20,18.0,83.25,0.51,0.54
2023-11-17,84.0,81.22,2.59,0.54
2023-11-16,19.0,77.73,2.91,0.55
2023-11-15,971.67,82.4,1.7,0.55
2023-11-14,953.33,84.2,2.37,0.55
2023-11-13,48.33,84.09,2.33,0.56
2023-11-10,14.0,83.66,5.02,0.56
2023-11-09,953.0,81.74,3.09,0.56
2023-11-08,917.0,81.46,8.01,0.56
2023-11-07,889.0,83.43,10.81,0.55
2023-11-06,930.67,87.31,1.0,0.54
2023-11-03,915.67,87.55,1.8,0.55
2023-11-02,872.33,89.02,0.9,0.55
2023-11-01,808.33,86.92,1.49,0.55
2023-10-31,835.0,86.82,3.55,0.55
2023-10-30,842.67,90.73,2.51,0.55
2023-10-27,864.33,90.73,1.05,0.57
2023-10-26,827.0,88.45,1.04,0.58
2023-10-25,749.0,90.14,0.86,0.59
2023-10-24,745.67,88.0,3.44,0.59
2023-10-23,767.33,91.88,4.68,0.58
2023-10-20,710.33,93.72,3.38,0.59
2023-10-19,656.67,93.12,3.21,0.6
2023-10-18,638.67,91.99,1.47,0.61
2023-10-17,644.67,92.52,5.63,0.61
2023-10-16,586.67,90.99,6.68,0.61
2023-10-13,522.67,94.33,1.54,0.62
2023-10-12,498.33,88.4,8.53,0.62
2023-10-11,446.33,87.58,3.47,0.62
2023-10-10,476.67,90.7,2.69,0.64
2023-10-09,436.0,91.37,35.26,0.65
2023-10-06,469.0,87.86,5.82,0.56
2023-10-05,402.67,88.28,2.4,0.57
2023-10-04,430.33,89.83,4.8,0.57
2023-10-03,430.33,94.46,8.04,0.56
2023-10-02,499.33,91.21,4.77,0.55
2023-09-29,418.67,95.86,2.02,0.55
2023-09-28,446.67,96.64,1.93,0.56
2023-09-27,437.33,97.1,1.55,0.56
2023-09-26,498.33,94.46,2.15,0.57
2023-09-25,489.33,94.01,1.95,0.58
2023-09-22,570.67,93.99,2.33,0.58
2023-09-21,566.67,93.7,4.02,0.58
2023-09-20,573.0,94.56,2.22,0.58
2023-09-19,629.33,96.11,1.02,0.59
2023-09-18,619.0,95.95,2.94,0.59
2023-09-15,740.33,95.55,1.85,0.59
2023-09-14,725.67,95.2,1.21,0.6
2023-09-13,722.33,93.04,1.53,0.6
2023-09-12,651.67,93.58,5.6,0.61
2023-09-11,669.67,91.97,1.47,0.62
2023-09-08,656.0,91.85,3.98,0.56
2023-09-07,610.67,91.16,0.35,0.56
2023-09-06,656.67,91.79,1.12,0.57
2023-09-05,655.33,91.25,2.12,0.58
2023-09-04,634.0,90.42,1.49,0.58
2023-09-01,612.67,89.98,4.34,0.58
2023-08-31,639.67,87.29,1.79,0.59
2023-08-30,635.33,86.62,2.51,0.59
2023-08-29,588.0,86.37,5.61,0.58
2023-08-28,492.0,,0.38,0.58
2023-08-25,469.0,85.42,0.32,0.59
2023-08-24,434.67,84.07,1.02,0.61
2023-08-23,418.67,83.94,5.35,0.61
2023-08-22,412.33,84.7,2.84,0.61
2023-08-21,448.67,85.44,4.27,0.62
2023-08-18,433.0,85.92,20.36,0.62
2023-08-17,480.33,85.24,3.26,0.59
2023-08-16,444.33,84.49,1.37,0.6
2023-08-15,424.0,86.28,0.77,0.61
2023-08-14,357.0,87.4,2.41,0.62
2023-08-11,334.67,87.93,1.98,0.61
2023-08-10,316.67,87.44,8.16,0.61
2023-08-09,339.0,89.31,10.19,0.6
2023-08-08,358.67,88.0,2.76,0.59
2023-08-07,487.67,86.47,1.32,0.59
2023-08-04,497.0,87.38,2.08,0.62
2023-08-03,489.0,86.19,11.83,0.62
2023-08-02,540.67,84.01,5.86,0.61
2023-08-01,547.33,85.34,3.98,0.6
2023-07-31,543.33,85.22,5.85,0.6
2023-07-28,513.67,84.49,2.57,0.59
2023-07-27,519.33,84.28,1.7,0.59
2023-07-26,543.0,82.98,0.94,0.59
2023-07-25,459.0,83.46,1.94,0.6
2023-07-24,410.0,82.53,2.12,0.6
2023-07-21,395.33,81.06,1.92,0.61
2023-07-20,389.33,79.62,1.66,0.62
2023-07-19,408.0,79.38,2.76,0.62
2023-07-18,401.67,79.54,1.42,0.62
2023-07-17,359.67,77.8,8.44,0.62
2023-07-14,335.33,79.9,5.65,0.62
2023-07-13,281.67,81.31,4.21,0.62
2023-07-12,335.67,80.35,1.59,0.62
2023-07-11,340.67,79.54,3.98,0.62
2023-07-10,329.67,77.83,2.82,0.62
2023-07-07,307.67,78.77,3.48,0.63
2023-07-06,321.67,76.72,12.23,0.63
2023-07-05,368.0,76.74,8.19,0.62
2023-07-04,380.5,76.23,14.26,0.62
2023-07-03,393.0,74.52,8.79,0.6
2023-06-30,342.33,74.51,1.12,0.61
2023-06-29,273.67,73.86,4.14,0.62
2023-06-28,341.67,73.64,3.48,0.62
2023-06-27,262.67,71.88,6.59,0.62
2023-06-26,256.67,73.86,7.69,0.62
2023-06-23,207.0,73.56,7.61,0.65
2023-06-22,206.33,73.93,6.52,0.66
2023-06-21,227.33,76.92,42.11,0.62
2023-06-20,204.33,75.79,15.54,0.59
2023-06-19,217.5,76.09,3.08,0.58
2023-06-16,230.67,76.76,3.28,0.59
2023-06-15,245.67,75.75,2.24,0.6
2023-06-14,206.67,73.39,4.75,0.62
2023-06-13,176.67,74.24,0.99,0.63
2023-06-12,132.33,71.8,2.73,0.66
2023-06-09,171.67,74.74,5.79,0.59
2023-06-08,147.67,75.88,5.68,0.6
2023-06-07,94.0,76.85,10.44,0.6
2023-06-06,51.0,76.22,12.88,0.6
2023-06-05,58.0,76.61,7.75,0.59
2023-06-02,32.67,76.0,13.96,0.59
2023-06-01,16.0,74.18,11.45,0.58
2023-05-31,8.67,71.98,12.09,0.56
2023-05-30,17.33,73.38,3.96,0.55
2023-05-26,5.67,76.33,3.14,0.59
2023-05-25,18.67,75.66,19.32,0.59
2023-05-24,20.67,77.99,9.11,0.58
2023-05-23,18.0,76.66,28.58,0.56
2023-05-22,891.64,75.77,8.57,0.54
2023-05-19,68.67,75.42,7.54,0.52
2023-05-18,990.67,75.75,3.42,0.52
2023-05-17,3.67,76.98,0.44,0.54
2023-05-16,988.0,75.15,3.73,0.55
2023-05-15,981.0,75.46,31.46,0.52
2023-05-12,987.67,74.54,1.95,0.48
2023-05-11,11.33,75.32,1.09,0.48
2023-05-10,28.0,76.7,4.6,0.48
2023-05-09,7.0,77.76,0.78,0.48
2023-05-08,964.0,,1.49,0.48
2023-05-05,946.0,75.85,3.67,0.49
2023-05-04,922.67,73.0,2.26,0.49
2023-05-03,869.0,72.91,2.51,0.5
2023-05-02,895.0,76.71,0.64,0.5
2023-05-01,932.0,,4.61,0.51
2023-04-28,936.33,81.32,1.85,0.51
2023-04-27,912.67,80.11,1.11,0.52
2023-04-26,938.0,79.19,6.6,0.52
2023-04-25,912.33,82.13,3.72,0.52
2023-04-24,957.67,84.23,9.6,0.51
2023-04-21,965.67,83.36,0.88,0.51
2023-04-20,938.67,83.29,3.79,0.52
2023-04-19,956.33,85.34,7.32,0.51
2023-04-18,949.0,85.48,6.8,0.5
2023-04-17,901.67,85.63,5.51,0.5
2023-04-14,915.67,87.31,2.21,0.48
2023-04-13,941.0,86.51,1.87,0.48
2023-04-12,893.0,88.31,0.43,0.48
2023-04-11,923.33,87.32,0.74,0.49
2023-04-10,874.67,,1.04,0.5
2023-04-06,884.33,86.56,0.73,0.52
2023-04-05,884.67,85.89,0.82,0.52
2023-04-04,891.33,85.7,1.48,0.52
2023-04-03,842.67,85.81,1.93,0.53
2023-03-31,895.33,79.19,2.94,0.55
2023-03-30,892.67,78.45,6.87,0.56
2023-03-29,852.67,77.51,3.15,0.56
2023-03-28,874.67,78.07,4.51,0.57
2023-03-27,864.33,76.8,11.63,0.56
2023-03-24,841.33,73.63,6.21,0.59
2023-03-23,831.33,74.31,17.01,0.59
2023-03-22,832.33,76.08,17.89,0.55
2023-03-21,788.67,74.78,11.22,0.54
2023-03-20,767.0,72.42,2.14,0.54
2023-03-17,719.67,71.03,13.26,0.49
2023-03-16,673.33,73.12,1.35,0.48
2023-03-15,618.0,74.3,1.75,0.49
2023-03-14,663.0,76.77,1.5,0.5
2023-03-13,653.0,79.67,0.31,0.51
2023-03-10,707.0,82.3,3.19,0.52
2023-03-09,730.0,81.0,1.76,0.52
2023-03-08,734.67,82.1,0.56,0.53
2023-03-07,758.0,,1.92,0.54
2023-03-06,798.67,85.86,6.94,0.55
2023-03-03,762.0,85.74,6.33,0.49
2023-03-02,786.0,84.15,13.26,0.48
2023-03-01,835.67,83.68,3.82,0.47
2023-02-28,789.33,83.21,1.9,0.46
2023-02-27,753.67,81.24,1.25,0.46
2023-02-24,736.67,82.31,3.64,0.45
2023-02-23,765.67,82.08,1.14,0.45
2023-02-22,771.0,79.55,0.19,0.45
2023-02-21,772.67,82.14,0.0,0.45
2023-02-20,766.83,82.79,0.0,0.45
2023-02-17,761.0,81.97,0.04,0.46
2023-02-16,734.0,83.84,0.49,0.46
2023-02-15,717.67,84.11,1.19,0.46
2023-02-14,657.0,84.96,0.23,0.47
2023-02-13,649.33,85.98,0.59,0.47
2023-02-10,603.0,85.46,0.26,0.48
2023-02-09,604.33,83.46,0.62,0.48
2023-02-08,602.67,84.17,1.45,0.48
2023-02-07,603.0,82.92,1.28,0.48
2023-02-06,607.33,80.48,0.08,0.48
2023-02-03,607.67,78.85,0.53,0.48
2023-02-02,623.33,80.57,0.31,0.48
2023-02-01,616.33,81.61,0.14,0.48
2023-01-31,616.0,83.42,0.21,0.48
2023-01-30,646.0,84.9,0.2,0.49
2023-01-27,647.67,85.36,1.2,0.5
2023-01-26,649.0,86.29,0.61,0.5
2023-01-25,616.0,85.08,0.45,0.5
2023-01-24,610.33,85.25,0.56,0.5
2023-01-23,621.33,87.54,0.65,0.49
2023-01-20,589.0,86.96,0.0,0.5
2023-01-19,581.33,85.08,0.0,0.5
2023-01-18,635.0,83.78,0.0,0.5
2023-01-17,657.0,84.38,0.0,0.5
2023-01-16,655.67,82.65,0.0,0.51
2023-01-13,654.33,83.43,0.0,0.52
2023-01-12,652.67,82.59,0.0,0.52
2023-01-11,644.0,81.11,0.0,0.52
2023-01-10,618.67,78.4,0.0,0.52
2023-01-09,693.67,77.5,0.0,0.52
2023-01-06,611.67,76.41,0.0,0.53
2023-01-05,623.67,76.73,0.0,0.53
2023-01-04,607.0,75.31,0.0,0.54
2023-01-03,572.67,80.36,0.0,0.54
2022-12-30,601.33,82.82,0.0,0.55
2022-12-29,576.67,80.96,0.0,0.55
2022-12-28,620.33,81.7,0.0,0.55
2022-12-27,631.33,,0.0,0.55
2022-12-23,629.33,82.45,0.0,0.57
2022-12-22,606.0,79.58,0.0,0.57
2022-12-21,535.33,80.25,0.0,0.58
2022-12-20,502.67,79.45,0.01,0.58
2022-12-19,500.0,81.66,0.02,0.59
2022-12-16,478.67,80.2,0.0,0.59
2022-12-15,525.33,82.34,0.0,0.6
2022-12-14,531.33,83.33,0.0,0.6
2022-12-13,527.67,,0.0,0.6
2022-12-12,506.33,78.0,0.01,0.61
2022-12-09,506.67,76.37,0.27,0.62
2022-12-08,541.33,76.02,0.05,0.62
2022-12-07,502.0,77.11,0.14,0.62
2022-12-06,488.67,79.92,0.19,0.62
2022-12-05,482.33,83.36,0.64,0.62
2022-12-02,541.67,86.54,1.51,0.63
2022-12-01,530.67,86.28,3.11,0.62
2022-11-30,498.33,85.61,2.85,0.62
2022-11-29,479.67,83.22,1.4,0.62
2022-11-28,490.67,83.5,1.91,0.62
2022-11-25,482.0,83.4,0.06,0.63
2022-11-24,463.33,85.59,0.22,0.63
2022-11-23,444.67,85.9,0.01,0.63
2022-11-22,451.0,88.65,0.04,0.64
2022-11-21,453.33,88.44,0.53,0.64
2022-11-18,458.67,88.93,0.0,0.65
2022-11-17,452.0,91.0,0.0,0.66
2022-11-16,503.0,92.61,0.12,0.66
2022-11-15,495.67,94.3,2.38,0.66
2022-11-14,495.67,93.59,2.71,0.66
2022-11-11,520.0,96.37,0.82,0.66
2022-11-10,557.33,94.25,2.64,0.66
2022-11-09,526.67,93.05,0.09,0.66
2022-11-08,517.0,96.85,0.07,0.67
2022-11-07,493.0,99.87,0.87,0.67
2022-11-04,424.0,99.53,0.47,0.67
2022-11-03,367.67,95.29,0.52,0.68
2022-11-02,384.33,96.07,1.24,0.68
2022-11-01,352.33,95.12,6.0,0.68
2022-10-31,335.0,93.3,3.47,0.67
2022-10-28,313.67,94.64,3.66,0.69
2022-10-27,322.0,94.17,1.03,0.69
2022-10-26,294.67,92.93,0.87,0.69
2022-10-25,303.0,,1.25,0.7
2022-10-24,333.33,91.57,0.93,0.7
2022-10-21,311.33,91.82,0.73,0.72
2022-10-20,321.0,91.52,6.83,0.73
2022-10-19,308.67,91.34,13.99,0.72
2022-10-18,316.33,89.46,9.72,0.71
2022-10-17,328.67,91.04,0.99,0.73
2022-10-14,371.67,92.22,7.62,0.68
2022-10-13,366.33,95.16,2.96,0.68
2022-10-12,310.67,93.44,1.63,0.68
2022-10-11,342.67,95.17,4.21,0.69
2022-10-10,351.33,97.13,0.69,0.69
2022-10-07,381.0,98.88,4.57,0.68
2022-10-06,363.0,95.65,0.51,0.69
2022-10-05,377.33,94.35,3.86,0.69
2022-10-04,356.33,93.74,3.66,0.69
2022-10-03,323.33,90.68,2.19,0.7
2022-09-30,338.33,88.9,3.66,0.71
2022-09-29,314.33,89.41,5.28,0.72
2022-09-28,272.0,89.55,5.82,0.73
2022-09-27,272.0,85.97,8.06,0.74
2022-09-26,231.0,82.55,17.56,0.76
2022-09-23,387.68,84.29,17.42,0.7
2022-09-22,322.33,90.4,2.95,0.7
2022-09-21,341.33,89.86,9.33,0.71
2022-09-20,345.0,89.62,27.05,0.7
2022-09-19,358.33,,2.69,0.69
2022-09-16,348.33,89.43,15.21,0.66
2022-09-15,364.67,89.28,6.86,0.66
2022-09-14,310.33,92.83,4.42,0.67
2022-09-13,347.67,92.04,11.77,0.69
2022-09-12,383.0,93.45,6.62,0.69
2022-09-09,359.0,91.68,13.38,0.71
2022-09-08,324.33,87.99,6.98,0.72
2022-09-07,342.67,86.83,11.93,0.75
2022-09-06,366.33,91.43,106.65,0.75
2022-09-05,381.5,94.22,39.02,0.63
2022-09-02,396.67,93.09,1.97,0.61
2022-09-01,358.0,92.24,19.01,0.62
2022-08-31,404.33,96.55,13.61,0.59
2022-08-30,396.33,99.34,3.89,0.58
2022-08-29,412.67,,2.39,0.59
2022-08-26,405.0,101.13,3.95,0.58
2022-08-25,406.67,98.81,0.44,0.59
2022-08-24,383.0,99.87,4.82,0.62
2022-08-23,336.33,99.49,52.33,0.55
2022-08-22,121.17,95.06,3.66,0.52
2022-08-19,374.33,96.45,5.6,0.52
2022-08-18,415.33,96.35,1.21,0.53
2022-08-17,421.33,97.22,0.43,0.54
2022-08-16,384.33,95.36,3.35,0.54
2022-08-15,411.0,98.25,8.13,0.54
2022-08-12,384.67,103.7,3.58,0.5
2022-08-11,431.67,107.19,0.71,0.5
2022-08-10,433.67,105.06,2.18,0.5
2022-08-09,388.67,103.81,2.6,0.51
2022-08-08,374.0,103.46,0.34,0.51
2022-08-05,337.0,100.31,0.55,0.54
2022-08-04,383.33,97.99,0.91,0.55
2022-08-03,324.0,101.82,1.6,0.55
2022-08-02,378.33,106.51,8.69,0.56
2022-08-01,382.67,106.09,16.89,0.54
2022-07-29,368.33,111.51,0.69,0.53
2022-07-28,354.67,109.68,2.35,0.53
2022-07-27,376.33,109.64,5.54,0.53
2022-07-26,419.67,107.32,7.25,0.52
2022-07-25,398.33,108.23,1.02,0.52
2022-07-22,326.67,106.77,0.44,0.52
2022-07-21,346.67,112.81,0.73,0.54
2022-07-20,391.67,115.86,0.97,0.55
2022-07-19,382.33,114.96,1.75,0.55
2022-07-18,361.0,117.27,3.91,0.55
2022-07-15,355.0,112.26,3.74,0.56
2022-07-14,285.67,107.74,5.09,0.55
2022-07-13,336.0,107.17,5.09,0.55
2022-07-12,382.0,106.98,2.28,0.56
2022-07-11,396.67,114.85,2.64,0.57
2022-07-08,355.67,113.95,13.53,0.55
2022-07-07,372.33,113.4,4.88,0.55
2022-07-06,366.33,108.54,4.39,0.55
2022-07-05,344.33,110.49,5.28,0.55
2022-07-04,345.33,121.8,2.84,0.55
2022-07-01,346.33,119.21,1.31,0.56
2022-06-30,374.33,119.78,4.57,0.56
2022-06-29,394.67,120.8,2.98,0.56
2022-06-28,431.0,122.21,5.95,0.56
2022-06-27,440.0,119.69,3.23,0.56
2022-06-24,467.33,117.36,10.86,0.58
2022-06-23,455.67,114.5,9.4,0.59
2022-06-22,484.67,115.54,4.08,0.59
2022-06-21,495.67,118.51,5.61,0.59
2022-06-20,476.33,118.25,6.3,0.59
2022-06-17,457.0,119.22,23.49,0.62
2022-06-16,406.33,125.78,42.2,0.58
2022-06-15,405.33,124.96,16.14,0.52
2022-06-14,359.67,127.02,3.94,0.51
2022-06-13,370.33,128.44,1.64,0.52
2022-06-10,432.67,127.44,5.51,0.5
2022-06-09,471.33,128.47,2.88,0.5
2022-06-08,494.0,129.2,0.21,0.51
2022-06-07,503.67,126.89,7.58,0.52
2022-06-06,517.33,124.99,6.8,0.51
2022-06-03,500.0,125.68,4.63,0.51
2022-06-02,513.0,,0.72,0.52
2022-06-01,543.0,122.2,2.78,0.52
2022-05-31,521.0,125.53,4.42,0.52
2022-05-30,505.83,123.01,2.41,0.52
2022-05-27,490.67,121.19,3.66,0.54
2022-05-26,486.33,119.81,5.59,0.54
2022-05-25,437.0,116.41,3.04,0.55
2022-05-24,463.0,115.77,6.15,0.55
2022-05-23,475.67,115.13,2.66,0.55
2022-05-20,450.0,113.63,20.19,0.54
2022-05-19,484.33,113.22,5.73,0.51
2022-05-18,494.0,110.04,3.79,0.52
2022-05-17,523.0,112.89,1.49,0.52
2022-05-16,519.33,114.86,2.77,0.52
2022-05-13,488.67,112.12,3.49,0.52
2022-05-12,452.67,108.06,7.59,0.52
2022-05-11,506.0,107.7,3.93,0.52
2022-05-10,473.67,102.61,7.58,0.52
2022-05-09,473.67,106.67,5.9,0.52
2022-05-06,510.0,113.86,5.94,0.52
2022-05-05,531.67,112.11,12.91,0.51
2022-05-04,595.67,110.53,6.98,0.49
2022-05-03,610.33,104.94,3.59,0.49
2022-05-02,612.0,,6.34,0.49
2022-04-29,575.0,108.36,0.55,0.49
2022-04-28,574.0,105.78,8.56,0.49
2022-04-27,549.33,103.3,1.1,0.49
2022-04-26,533.0,102.89,1.57,0.5
2022-04-25,513.0,99.27,2.62,0.51
2022-04-22,567.0,105.15,9.94,0.51
2022-04-21,611.33,107.2,6.18,0.49
2022-04-20,614.67,105.05,1.53,0.49
2022-04-19,597.67,105.49,2.38,0.5
2022-04-18,608.67,,0.67,0.51
2022-04-14,638.33,110.83,8.55,0.53
2022-04-13,615.0,108.49,24.33,0.49
2022-04-12,623.0,104.42,3.52,0.48
2022-04-11,655.0,97.92,2.38,0.49
2022-04-08,672.0,101.26,6.99,0.47
2022-04-07,610.0,99.83,4.57,0.47
2022-04-06,596.0,100.81,8.64,0.46
2022-04-05,586.0,106.6,0.26,0.45
2022-04-04,599.67,108.15,0.16,0.46
2022-04-01,630.67,106.13,3.67,0.48
2022-03-31,675.33,107.29,2.43,0.47
2022-03-30,673.67,115.59,1.34,0.48
2022-03-29,654.67,112.79,0.46,0.48
2022-03-28,633.67,114.5,2.4,0.48
2022-03-25,599.0,122.67,3.73,0.49
2022-03-24,587.33,123.98,3.02,0.49
2022-03-23,654.33,127.52,1.66,0.5
2022-03-22,602.67,121.53,1.39,0.51
2022-03-21,549.33,122.29,5.9,0.51
2022-03-18,563.33,114.32,2.58,0.48
2022-03-17,533.67,113.5,3.28,0.48
2022-03-16,546.67,104.61,5.3,0.48
2022-03-15,545.67,105.14,6.03,0.48
2022-03-14,632.67,110.39,12.53,0.46
2022-03-11,650.33,118.11,0.58,0.44
2022-03-10,676.0,114.54,0.58,0.45
2022-03-09,670.0,116.58,0.55,0.45
2022-03-08,643.33,133.18,0.57,0.45
2022-03-07,650.33,129.02,0.71,0.46
2022-03-04,623.33,123.86,6.94,0.46
2022-03-03,576.33,115.36,0.35,0.45
2022-03-02,542.67,118.94,4.14,0.45
2022-03-01,544.33,110.93,2.19,0.45
2022-02-28,548.33,103.08,2.62,0.45
2022-02-25,629.0,98.56,1.59,0.43
2022-02-24,635.67,101.29,0.12,0.43
2022-02-23,684.33,99.29,0.05,0.43
2022-02-22,663.33,98.73,0.54,0.43
2022-02-21,660.33,98.95,1.28,0.43
2022-02-18,657.33,96.18,0.0,0.44
2022-02-17,672.0,95.28,0.0,0.44
2022-02-16,713.0,97.44,0.0,0.44
2022-02-15,733.67,98.43,0.0,0.44
2022-02-14,723.0,101.66,2.86,0.44
2022-02-11,805.0,97.5,0.19,0.45
2022-02-10,816.67,96.37,0.07,0.45
2022-02-09,792.0,94.95,0.0,0.45
2022-02-08,712.33,96.07,0.01,0.45
2022-02-07,677.0,97.28,0.02,0.45
2022-02-04,712.33,96.86,0.0,0.45
2022-02-03,681.0,92.99,0.0,0.45
2022-02-02,665.33,91.43,0.0,0.46
2022-02-01,648.67,90.24,0.0,0.46
2022-01-31,567.67,92.35,0.0,0.46
2022-01-28,530.33,91.47,0.0,0.47
2022-01-27,491.67,90.7,0.0,0.48
2022-01-26,555.33,91.22,0.0,0.48
2022-01-25,548.67,89.49,0.0,0.48
2022-01-24,541.0,87.74,0.0,0.48
2022-01-21,620.0,89.75,0.0,0.49
2022-01-20,692.67,89.75,0.0,0.49
2022-01-19,695.67,89.64,0.0,0.49
2022-01-18,665.33,88.83,0.0,0.5
2022-01-17,678.5,87.82,0.0,0.5
2022-01-14,691.67,87.17,0.18,0.51
2022-01-13,651.0,85.8,0.01,0.52
2022-01-12,596.67,85.83,0.03,0.52
2022-01-11,617.0,84.98,0.04,0.52
2022-01-10,553.67,81.56,0.01,0.52
2022-01-07,548.33,82.28,0.0,0.54
2022-01-06,456.33,81.99,0.0,0.55
2022-01-05,495.67,80.6,8.21,0.55
2022-01-04,502.67,79.39,0.31,0.54
2022-01-03,523.67,78.25,0.43,0.55
2021-12-31,555.33,77.24,0.51,0.53
2021-12-30,573.67,78.61,0.19,0.54
2021-12-29,526.33,78.63,0.26,0.54
2021-12-28,510.67,,0.04,0.54
2021-12-27,497.33,,0.25,0.55
2021-12-23,492.33,76.26,0.0,0.55
2021-12-22,487.0,74.69,0.0,0.55
2021-12-21,482.0,72.85,0.0,0.56
2021-12-20,452.67,70.51,0.03,0.56
2021-12-17,515.33,72.97,0.04,0.57
2021-12-16,564.0,74.64,0.47,0.58
2021-12-15,561.33,73.71,0.6,0.58
2021-12-14,523.0,73.37,0.14,0.58
2021-12-13,537.0,74.12,0.02,0.58
2021-12-10,471.33,74.98,0.08,0.59
2021-12-09,470.0,74.1,0.07,0.59
2021-12-08,488.0,75.94,0.08,0.6
2021-12-07,487.0,75.54,0.14,0.6
2021-12-06,478.33,73.38,0.0,0.6
2021-12-03,470.67,70.71,0.01,0.62
2021-12-02,454.0,70.56,0.0,0.62
2021-12-01,361.0,69.53,0.22,0.62
2021-11-30,365.67,70.86,0.58,0.62
2021-11-29,397.33,73.34,1.04,0.62
2021-11-26,413.33,72.37,0.18,0.62
2021-11-25,462.0,82.05,0.13,0.62
2021-11-24,510.67,82.37,0.09,0.63
2021-11-23,574.33,83.43,0.39,0.63
2021-11-22,593.67,80.97,0.46,0.64
2021-11-19,588.33,80.24,0.58,0.65
2021-11-18,588.0,82.45,0.82,0.66
2021-11-17,570.33,80.67,0.31,0.66
2021-11-16,554.67,82.85,3.49,0.66
2021-11-15,533.67,81.94,1.76,0.66
2021-11-12,503.33,82.9,6.46,0.67
2021-11-11,524.0,83.4,3.34,0.67
2021-11-10,498.33,82.91,5.04,0.67
2021-11-09,448.33,84.52,7.97,0.66
2021-11-08,472.0,83.22,3.5,0.66
2021-11-05,436.67,82.43,6.31,0.66
2021-11-04,467.33,80.15,3.14,0.66
2021-11-03,459.67,81.1,1.21,0.66
2021-11-02,502.33,84.42,0.58,0.67
2021-11-01,584.67,84.51,4.16,0.68
2021-10-29,581.67,83.1,5.22,0.69
2021-10-28,604.67,83.4,6.34,0.69
2021-10-27,622.0,84.12,4.08,0.69
2021-10-26,615.67,85.11,4.66,0.7
2021-10-25,637.0,84.85,11.65,0.7
2021-10-22,617.67,85.43,4.52,0.7
2021-10-21,597.67,84.58,19.42,0.7
2021-10-20,548.33,85.76,10.91,0.66
2021-10-19,569.33,85.02,6.13,0.66
2021-10-18,636.33,84.13,3.35,0.65
2021-10-15,639.67,84.67,1.54,0.66
2021-10-14,619.0,83.86,2.7,0.66
2021-10-13,636.0,83.53,2.38,0.67
2021-10-12,702.67,83.53,2.09,0.68
2021-10-11,705.33,83.75,8.18,0.68
2021-10-08,775.33,82.17,1.34,0.67
2021-10-07,753.0,82.34,3.72,0.67
2021-10-06,745.67,81.39,5.31,0.67
2021-10-05,773.67,82.72,3.83,0.67
2021-10-04,769.67,81.44,2.21,0.68
2021-10-01,728.0,79.4,13.45,0.69
2021-09-30,669.33,77.81,6.41,0.69
2021-09-29,609.0,77.86,4.12,0.7
2021-09-28,570.67,78.3,2.26,0.71
2021-09-27,569.67,78.85,0.8,0.74
2021-09-24,609.33,77.42,7.97,0.66
2021-09-23,631.0,76.44,5.47,0.66
2021-09-22,672.0,75.5,2.3,0.66
2021-09-21,620.67,73.65,2.98,0.66
2021-09-20,603.33,73.59,4.41,0.66
2021-09-17,677.67,74.64,7.76,0.69
2021-09-16,671.0,75.14,3.83,0.7
2021-09-15,668.67,74.84,23.98,0.69
2021-09-14,671.33,73.05,5.77,0.67
2021-09-13,646.33,72.97,2.09,0.68
2021-09-10,628.0,72.44,8.91,0.65
2021-09-09,688.0,71.32,4.99,0.64
2021-09-08,695.67,72.36,0.91,0.64
2021-09-07,715.0,71.52,0.74,0.65
2021-09-06,686.33,72.43,3.91,0.66
2021-09-03,657.67,73.07,6.64,0.66
2021-09-02,623.33,73.56,7.55,0.66
2021-09-01,553.67,71.99,1.92,0.67
2021-08-31,553.67,73.45,8.01,0.69
2021-08-30,606.0,,4.42,0.7
2021-08-27,591.33,72.26,7.61,0.66
2021-08-26,627.0,70.42,12.02,0.66
2021-08-25,622.0,72.12,9.5,0.64
2021-08-24,594.67,71.21,6.13,0.65
2021-08-23,578.67,69.07,2.88,0.66
2021-08-20,577.33,65.51,8.41,0.57
2021-08-19,638.67,66.8,1.27,0.56
2021-08-18,678.67,68.61,0.4,0.57
2021-08-17,658.33,69.4,0.55,0.58
2021-08-16,627.67,70.07,0.57,0.59
2021-08-13,589.67,70.9,4.99,0.62
2021-08-12,567.33,71.79,17.5,0.6
2021-08-11,561.0,71.99,8.14,0.59
2021-08-10,517.33,71.14,3.34,0.58
2021-08-09,463.0,69.65,4.11,0.58
2021-08-06,462.33,71.02,1.61,0.59
2021-08-05,444.0,72.14,4.55,0.59
2021-08-04,436.0,70.99,3.85,0.59
2021-08-03,456.67,73.24,0.86,0.59
2021-08-02,400.67,73.91,0.59,0.61
2021-07-30,407.67,77.72,1.73,0.59
2021-07-29,460.0,76.3,4.01,0.59
2021-07-28,460.0,75.09,7.47,0.59
2021-07-27,421.0,74.87,3.54,0.59
2021-07-26,416.0,74.79,4.3,0.59
2021-07-23,367.67,74.86,3.45,0.59
2021-07-22,351.33,74.25,3.29,0.6
2021-07-21,309.0,72.54,1.2,0.61
2021-07-20,298.0,70.03,2.18,0.62
2021-07-19,287.67,69.33,6.41,0.63
2021-07-16,357.0,74.46,27.05,0.61
2021-07-15,406.0,74.53,18.91,0.59
2021-07-14,429.33,75.74,4.5,0.57
2021-07-13,429.67,77.5,1.38,0.58
2021-07-12,464.33,76.77,1.42,0.59
2021-07-09,375.33,77.14,7.37,0.6
2021-07-08,326.33,75.07,4.47,0.6
2021-07-07,349.67,74.31,1.78,0.61
2021-07-06,340.0,75.81,5.1,0.62
2021-07-05,352.33,78.34,5.63,0.62
2021-07-02,364.67,77.51,9.05,0.62
2021-07-01,396.33,76.69,10.3,0.62
2021-06-30,422.33,76.94,7.67,0.62
2021-06-29,421.33,75.38,4.18,0.62
2021-06-28,415.0,74.78,1.63,0.64
2021-06-25,408.0,76.45,16.69,0.68
2021-06-24,380.0,75.95,74.48,0.68
2021-06-23,406.33,75.22,28.04,0.58
2021-06-22,431.33,74.92,11.42,0.58
2021-06-21,413.33,74.49,10.39,0.56
2021-06-18,408.33,73.1,5.85,0.54
2021-06-17,420.0,72.92,1.19,0.55
2021-06-16,455.33,73.88,5.32,0.56
2021-06-15,455.33,73.38,20.02,0.55
2021-06-14,438.67,72.27,10.57,0.52
2021-06-11,397.33,72.05,2.49,0.55
2021-06-10,420.33,71.65,16.39,0.55
2021-06-09,393.33,71.31,13.37,0.52
2021-06-08,426.0,71.39,6.73,0.52
2021-06-07,402.67,70.89,5.53,0.52
2021-06-04,451.0,71.3,2.7,0.49
2021-06-03,446.0,70.71,2.92,0.5
2021-06-02,466.0,70.6,2.66,0.5
2021-06-01,461.0,70.03,0.74,0.52
2021-05-28,459.33,69.36,4.39,0.48
2021-05-27,468.0,69.43,5.43,0.48
2021-05-26,458.0,68.93,2.27,0.48
2021-05-25,426.67,68.8,3.44,0.48
2021-05-24,431.0,68.59,6.71,0.48
2021-05-21,490.0,66.72,5.57,0.48
2021-05-20,486.67,65.18,2.41,0.47
2021-05-19,513.67,66.88,1.81,0.48
2021-05-18,551.67,69.01,5.81,0.47
2021-05-17,565.33,69.62,2.06,0.47
2021-05-14,507.0,69.24,2.39,0.45
2021-05-13,536.33,67.36,1.17,0.46
2021-05-12,544.33,69.62,0.99,0.46
2021-05-11,506.33,68.83,0.87,0.46
2021-05-10,536.67,68.61,0.7,0.47
2021-05-07,484.33,68.73,0.13,0.48
2021-05-06,438.33,68.62,0.57,0.49
2021-05-05,426.67,69.71,2.36,0.49
2021-05-04,363.67,68.91,0.65,0.5
2021-05-03,380.67,,4.29,0.5
2021-04-30,406.67,67.73,0.72,0.51
2021-04-29,512.67,68.26,0.33,0.52
2021-04-28,489.33,67.08,3.17,0.53
2021-04-27,495.0,66.25,3.01,0.53
2021-04-26,499.67,65.5,0.78,0.54
2021-04-23,465.0,65.75,3.73,0.55
2021-04-22,460.67,65.07,2.41,0.55
2021-04-21,446.67,64.02,7.17,0.56
2021-04-20,435.67,65.34,2.13,0.57
2021-04-19,506.33,66.54,7.38,0.59
2021-04-16,474.0,65.98,11.21,0.55
2021-04-15,472.33,66.13,1.09,0.57
2021-04-14,446.67,66.11,75.12,0.57
2021-04-13,418.67,62.83,13.36,0.45
2021-04-12,394.33,62.38,2.63,0.45
2021-04-09,384.33,61.89,7.85,0.45
2021-04-08,387.0,62.09,3.25,0.45
2021-04-07,408.67,61.86,2.47,0.45
2021-04-06,408.67,61.47,2.64,0.44
2021-04-05,367.67,,3.19,0.44
2021-04-01,409.33,63.85,0.17,0.45
2021-03-31,385.0,63.52,0.43,0.45
2021-03-30,377.33,63.28,0.63,0.46
2021-03-29,451.0,64.06,2.89,0.46
2021-03-26,468.0,63.77,0.43,0.47
2021-03-25,475.0,61.21,0.65,0.48
2021-03-24,442.67,63.7,3.35,0.48
2021-03-23,460.0,59.96,2.17,0.48
2021-03-22,512.67,63.89,4.33,0.48
2021-03-19,498.67,64.0,0.99,0.48
2021-03-18,544.0,62.11,6.49,0.48
2021-03-17,516.33,67.73,13.29,0.45
2021-03-16,536.33,67.95,0.64,0.45
2021-03-15,539.33,68.78,0.74,0.45
2021-03-12,577.67,68.87,0.65,0.46
2021-03-11,590.67,69.34,8.79,0.46
2021-03-10,580.67,67.53,4.76,0.45
2021-03-09,552.67,67.03,6.76,0.45
2021-03-08,538.33,68.0,2.2,0.44
2021-03-05,547.0,69.95,1.54,0.43
2021-03-04,616.67,67.32,0.42,0.43
2021-03-03,651.33,64.7,0.19,0.43
2021-03-02,640.33,63.17,0.09,0.44
2021-03-01,644.0,64.56,0.36,0.44
2021-02-26,591.0,65.86,0.33,0.45
2021-02-25,607.33,66.69,0.1,0.45
2021-02-24,548.0,66.85,0.0,0.45
2021-02-23,487.33,65.16,0.0,0.46
2021-02-22,486.33,64.73,0.0,0.47
2021-02-19,436.67,62.84,0.24,0.5
2021-02-18,381.33,64.09,13.09,0.5
2021-02-17,374.67,65.02,6.35,0.49
2021-02-16,418.33,63.96,18.65,0.48
2021-02-15,290.53,63.58,13.26,0.44
2021-02-12,466.33,62.47,0.22,0.42
2021-02-11,434.0,61.09,0.09,0.43
2021-02-10,552.67,61.17,0.15,0.43
2021-02-09,485.67,60.74,0.11,0.43
2021-02-08,492.67,60.17,0.65,0.43
2021-02-05,509.0,59.48,0.37,0.43
2021-02-04,479.33,58.98,0.0,0.43
2021-02-03,475.33,58.61,0.0,0.44
2021-02-02,519.33,57.62,0.0,0.44
2021-02-01,512.0,56.42,0.0,0.44
2021-01-29,492.33,55.25,0.0,0.45
2021-01-28,477.33,54.87,0.0,0.45
2021-01-27,468.33,55.07,0.0,0.45
2021-01-26,506.67,55.26,0.0,0.45
2021-01-25,478.67,55.44,0.0,0.45
2021-01-22,503.0,55.22,0.0,0.45
2021-01-21,522.67,55.68,0.0,0.46
2021-01-20,532.0,55.66,0.01,0.46
2021-01-19,565.0,55.38,0.0,0.46
2021-01-18,532.83,54.21,0.0,0.47
2021-01-15,500.67,54.8,0.02,0.48
2021-01-14,480.0,55.76,0.04,0.48
2021-01-13,462.67,55.52,0.18,0.49
2021-01-12,467.67,55.98,1.32,0.49
2021-01-11,447.33,54.84,1.61,0.49
2021-01-08,469.67,55.51,0.39,0.5
2021-01-07,500.67,53.7,0.48,0.51
2021-01-06,455.33,53.8,0.25,0.51
2021-01-05,484.67,53.16,12.51,0.51
2021-01-04,512.33,50.37,7.21,0.49
2020-12-31,544.33,51.22,0.0,0.48
2020-12-30,534.0,50.74,0.0,0.49
2020-12-29,459.33,50.44,0.0,0.49
2020-12-28,502.0,50.88,0.0,0.5
2020-12-24,537.33,50.88,0.61,0.52
2020-12-23,511.33,51.05,0.03,0.52
2020-12-22,487.33,49.88,0.06,0.53
2020-12-21,510.67,50.61,0.5,0.55
2020-12-18,473.67,52.17,0.74,0.57
2020-12-17,514.33,51.2,12.14,0.57
2020-12-16,474.67,50.83,9.12,0.55
2020-12-15,499.67,50.77,12.45,0.54
2020-12-14,545.0,50.27,9.8,0.52
2020-12-11,575.33,50.01,1.8,0.51
2020-12-10,532.33,50.33,3.01,0.51
2020-12-09,517.0,48.81,3.2,0.51
2020-12-08,551.0,48.84,4.8,0.5
2020-12-07,594.67,48.63,0.92,0.5
2020-12-04,620.0,49.1,0.03,0.51
2020-12-03,617.0,48.37,0.11,0.52
2020-12-02,609.0,47.8,0.07,0.52
2020-12-01,652.33,47.03,0.09,0.52
2020-11-30,688.67,46.84,0.23,0.52
2020-11-27,701.33,46.88,0.05,0.53
2020-11-26,689.17,46.32,0.02,0.53
2020-11-25,677.0,47.3,0.1,0.53
2020-11-24,734.0,46.63,0.19,0.54
2020-11-23,718.33,45.0,0.08,0.54
2020-11-20,702.67,43.79,0.15,0.55
2020-11-19,635.33,43.09,0.31,0.55
2020-11-18,565.33,42.91,0.58,0.55
2020-11-17,501.67,42.54,0.37,0.55
2020-11-16,420.33,42.71,0.27,0.55
2020-11-13,369.33,41.51,0.03,0.57
2020-11-12,343.0,42.16,0.51,0.58
2020-11-11,362.67,42.5,2.18,0.58
2020-11-10,361.0,42.25,1.5,0.59
2020-11-09,381.67,40.93,2.27,0.59
2020-11-06,334.67,38.08,1.4,0.59
2020-11-05,309.67,39.47,3.1,0.59
2020-11-04,281.67,39.68,1.23,0.59
2020-11-03,290.67,38.17,0.79,0.59
2020-11-02,253.0,37.78,1.93,0.59
2020-10-30,298.0,36.33,0.14,0.6
2020-10-29,335.33,36.56,0.28,0.6
2020-10-28,373.0,37.86,0.32,0.61
2020-10-27,449.33,39.72,0.67,0.61
2020-10-26,497.33,39.06,0.58,0.62
2020-10-23,473.33,40.71,1.36,0.63
2020-10-22,463.0,41.28,1.38,0.64
2020-10-21,424.0,40.09,4.0,0.65
2020-10-20,387.0,41.62,6.4,0.65
2020-10-19,418.33,41.29,3.98,0.65
2020-10-16,359.33,41.34,7.44,0.68
2020-10-15,334.67,41.61,14.23,0.68
2020-10-14,382.0,41.81,11.14,0.67
2020-10-13,375.0,41.34,4.13,0.68
2020-10-12,429.67,40.5,30.42,0.69
2020-10-09,423.0,41.63,5.86,0.65
2020-10-08,468.67,42.0,9.9,0.65
2020-10-07,447.67,40.62,9.77,0.65
2020-10-06,423.67,41.27,5.43,0.63
2020-10-05,452.33,39.78,11.67,0.63
2020-10-02,459.33,38.0,6.92,0.61
2020-10-01,491.67,39.75,3.89,0.6
2020-09-30,520.67,40.3,4.26,0.6
2020-09-29,576.0,40.33,1.52,0.6
2020-09-28,573.33,41.59,1.38,0.61
2020-09-25,552.67,40.91,2.18,0.62
2020-09-24,580.33,41.24,13.68,0.62
2020-09-23,571.67,41.09,6.59,0.6
2020-09-22,538.0,40.84,1.29,0.61
2020-09-21,609.0,40.37,0.99,0.62
2020-09-18,634.33,42.16,1.65,0.62
2020-09-17,593.33,42.35,6.53,0.63
2020-09-16,590.0,41.23,7.59,0.63
2020-09-15,661.67,39.54,6.77,0.63
2020-09-14,539.0,38.57,3.42,0.65
2020-09-11,542.0,38.8,6.09,0.65
2020-09-10,525.67,39.27,5.01,0.66
2020-09-09,550.33,39.98,11.26,0.68
2020-09-08,545.0,38.53,33.84,0.64
2020-09-07,569.5,40.67,1.76,0.62
2020-09-04,594.0,41.1,8.52,0.6
2020-09-03,628.0,42.72,28.02,0.59
2020-09-02,684.33,42.7,5.68,0.55
2020-09-01,648.67,45.72,1.07,0.55
2020-08-31,638.67,,2.58,0.55
2020-08-28,332.04,45.22,9.86,0.55
2020-08-27,541.33,44.84,2.95,0.54
2020-08-26,466.67,45.79,0.82,0.55
2020-08-25,476.67,46.01,0.37,0.55
2020-08-24,455.67,44.43,0.23,0.56
2020-08-21,402.33,43.94,2.16,0.56
2020-08-20,400.67,44.56,1.64,0.57
2020-08-19,444.33,45.21,3.84,0.59
2020-08-18,437.67,45.34,7.99,0.58
2020-08-17,433.67,44.91,3.04,0.59
2020-08-14,449.0,44.86,6.49,0.54
2020-08-13,480.33,44.87,0.03,0.54
2020-08-12,458.67,45.09,0.25,0.55
2020-08-11,450.67,43.68,6.46,0.55
2020-08-10,482.67,44.19,0.66,0.54
2020-08-07,528.0,44.07,1.89,0.55
2020-08-06,498.67,45.04,1.22,0.55
2020-08-05,470.67,44.92,0.17,0.56
2020-08-04,443.33,43.99,0.23,0.57
2020-08-03,457.0,43.76,0.36,0.59
2020-07-31,399.0,43.13,7.58,0.57
2020-07-30,344.67,42.98,4.46,0.57
2020-07-29,331.0,43.51,1.65,0.57
2020-07-28,281.33,43.11,2.08,0.58
2020-07-27,275.67,43.39,2.29,0.59
2020-07-24,223.33,43.29,5.63,0.59
2020-07-23,201.33,42.96,7.41,0.6
2020-07-22,202.67,43.98,10.25,0.59
2020-07-21,179.0,44.31,8.36,0.58
2020-07-20,218.33,43.3,4.66,0.57
2020-07-17,167.33,43.53,2.45,0.58
2020-07-16,170.0,43.71,0.22,0.58
2020-07-15,147.0,43.96,0.4,0.59
2020-07-14,162.33,42.97,6.9,0.59
2020-07-13,190.67,42.85,2.61,0.59
2020-07-10,173.33,43.27,6.71,0.59
2020-07-09,154.0,42.35,2.17,0.59
2020-07-08,110.67,43.67,1.72,0.6
2020-07-07,152.67,43.28,1.01,0.61
2020-07-06,160.33,42.73,0.3,0.62
2020-07-03,165.83,42.92,17.45,0.62
2020-07-02,171.33,43.19,13.54,0.61
2020-07-01,163.33,42.18,6.59,0.6
2020-06-30,174.67,41.64,3.3,0.61
2020-06-29,226.0,41.58,14.54,0.61
2020-06-26,252.67,40.97,13.96,0.6
2020-06-25,349.33,41.18,19.33,0.57
2020-06-24,276.0,40.4,4.24,0.56
2020-06-23,261.33,42.72,2.74,0.56
2020-06-22,248.33,43.2,4.4,0.57
2020-06-19,225.33,42.33,3.72,0.59
2020-06-18,243.0,41.75,8.8,0.59
2020-06-17,223.33,40.47,8.37,0.58
2020-06-16,257.67,40.75,1.42,0.58
2020-06-15,254.33,39.44,2.34,0.59
2020-06-12,331.33,38.54,3.88,0.59
2020-06-11,318.0,37.76,6.21,0.61
2020-06-10,411.67,41.18,20.37,0.59
2020-06-09,433.0,40.45,11.36,0.56
2020-06-08,387.67,39.66,1.39,0.57
2020-06-05,386.0,41.0,9.91,0.55
2020-06-04,377.67,38.41,3.88,0.55
2020-06-03,381.0,37.98,2.04,0.55
2020-06-02,387.33,37.72,9.26,0.55
2020-06-01,452.67,36.74,6.22,0.54
2020-05-29,404.67,34.15,6.97,0.54
2020-05-28,384.67,33.98,4.33,0.54
2020-05-27,326.0,32.73,3.44,0.54
2020-05-26,366.33,33.95,7.94,0.55
2020-05-22,347.0,33.8,2.9,0.55
2020-05-21,312.0,34.78,2.27,0.56
2020-05-20,372.0,34.76,8.27,0.56
2020-05-19,390.67,33.06,3.42,0.57
2020-05-18,372.33,33.3,11.27,0.58
2020-05-15,360.0,30.95,2.07,0.52
2020-05-14,377.33,29.87,0.72,0.53
2020-05-13,416.67,27.89,0.36,0.54
2020-05-12,367.0,26.67,0.38,0.55
2020-05-11,432.0,25.53,21.93,0.54
2020-05-08,362.33,,4.37,0.52
2020-05-07,352.33,24.23,6.35,0.53
2020-05-06,337.33,24.2,5.57,0.52
2020-05-05,341.67,25.46,6.11,0.52
2020-05-04,353.0,20.4,5.97,0.52
2020-05-01,374.67,18.49,0.94,0.52
2020-04-30,386.0,18.11,9.6,0.52
2020-04-29,357.33,17.86,4.74,0.51
2020-04-28,331.33,15.6,2.36,0.52
2020-04-27,309.67,15.17,1.15,0.52
2020-04-24,315.33,15.87,2.87,0.52
2020-04-23,348.0,15.06,6.32,0.51
2020-04-22,351.33,13.77,0.63,0.51
2020-04-21,309.33,9.12,0.83,0.52
2020-04-20,340.33,17.36,11.31,0.52
2020-04-17,347.67,19.75,0.35,0.5
2020-04-16,257.67,18.69,0.21,0.52
2020-04-15,228.0,19.8,2.37,0.52
2020-04-14,269.33,21.74,4.05,0.52
2020-04-13,266.67,,0.93,0.53
2020-04-09,305.0,20.23,5.96,0.56
2020-04-08,368.67,25.22,10.16,0.55
2020-04-07,394.0,22.1,9.99,0.55
2020-04-06,361.33,22.58,8.91,0.53
2020-04-03,260.0,24.33,3.19,0.51
2020-04-02,280.0,20.24,1.07,0.52
2020-04-01,245.67,14.97,8.05,0.52
2020-03-31,254.33,14.85,1.02,0.5
2020-03-30,264.67,19.19,0.34,0.51
2020-03-27,268.33,22.39,1.72,0.53
2020-03-26,255.0,23.55,4.12,0.54
2020-03-25,248.0,25.62,2.78,0.55
2020-03-24,263.0,24.5,7.81,0.55
2020-03-23,243.67,23.75,14.8,0.55
2020-03-20,218.0,25.55,2.19,0.52
2020-03-19,217.0,23.98,1.8,0.52
2020-03-18,264.67,22.79,14.57,0.52
2020-03-17,306.67,27.97,4.12,0.51
2020-03-16,337.33,27.98,0.11,0.52
2020-03-13,418.0,32.25,0.07,0.53
2020-03-12,496.0,31.02,0.05,0.55
2020-03-11,611.33,34.45,1.31,0.57
2020-03-10,595.33,35.57,48.14,0.52
2020-03-09,550.67,35.33,11.58,0.47
2020-03-06,575.67,45.6,2.32,0.48
2020-03-05,606.67,51.29,4.34,0.47
2020-03-04,633.67,51.86,2.06,0.47
2020-03-03,664.0,52.24,2.37,0.48
2020-03-02,658.33,52.52,1.37,0.48
2020-02-28,678.33,51.31,12.64,0.46
2020-02-27,747.0,52.19,9.17,0.45
2020-02-26,739.33,54.96,0.03,0.44
2020-02-25,809.33,55.29,3.05,0.44
2020-02-24,816.67,56.71,0.23,0.44
2020-02-21,842.0,58.6,0.85,0.44
2020-02-20,863.67,59.57,0.25,0.44
2020-02-19,850.0,59.72,0.14,0.44
2020-02-18,848.33,57.35,0.03,0.44
2020-02-17,871.83,57.83,0.0,0.44
2020-02-14,895.33,57.37,0.0,0.45
2020-02-13,929.33,56.34,0.0,0.45
2020-02-12,879.33,55.54,0.0,0.45
2020-02-11,901.67,54.0,1.43,0.45
2020-02-10,898.0,53.39,1.66,0.45
2020-02-07,894.67,54.53,0.0,0.46
2020-02-06,867.0,55.18,0.0,0.46
2020-02-05,805.33,55.36,0.0,0.46
2020-02-04,770.0,53.9,0.0,0.47
2020-02-03,752.33,54.0,0.0,0.47
2020-01-31,794.67,57.77,0.0,0.48
2020-01-30,827.0,57.72,0.0,0.48
2020-01-29,748.67,59.46,0.0,0.48
2020-01-28,721.33,59.37,0.0,0.48
2020-01-27,763.33,58.54,0.0,0.49
2020-01-24,755.0,59.34,0.0,0.5
2020-01-23,786.67,61.26,0.02,0.5
2020-01-22,817.33,62.11,0.44,0.5
2020-01-21,825.0,63.66,0.37,0.5
2020-01-20,820.33,64.63,0.02,0.5
2020-01-17,815.67,64.05,0.0,0.51
2020-01-16,734.33,64.63,0.0,0.51
2020-01-15,710.67,63.29,0.0,0.52
2020-01-14,663.33,64.45,0.0,0.52
2020-01-13,599.67,64.14,0.0,0.52
2020-01-10,602.67,66.77,0.0,0.52
2020-01-09,566.67,66.58,0.0,0.53
2020-01-08,509.33,67.31,0.0,0.53
2020-01-07,539.0,68.74,0.0,0.53
2020-01-06,492.67,70.25,0.0,0.53
2020-01-03,527.67,69.08,0.0,0.54
2020-01-02,526.33,67.05,0.0,0.55
2019-12-31,538.33,67.77,0.0,0.55
2019-12-30,467.67,68.3,0.0,0.55
2019-12-27,493.0,68.91,0.01,0.56
2019-12-26,410.67,69.26,0.0,0.57
2019-12-24,435.33,69.26,0.0,0.58
2019-12-23,424.67,67.49,0.0,0.58
2019-12-20,422.33,68.66,0.0,0.59
2019-12-19,448.33,69.7,0.02,0.59
2019-12-18,509.67,69.12,0.03,0.59
2019-12-17,546.33,68.99,0.03,0.6
2019-12-16,559.0,68.04,0.4,0.61
2019-12-13,583.67,67.44,1.77,0.61
2019-12-12,543.0,66.67,0.38,0.61
2019-12-11,576.0,65.37,0.05,0.62
2019-12-10,597.33,66.57,0.15,0.62
2019-12-09,605.67,66.44,0.95,0.62
2019-12-06,616.0,66.5,0.37,0.62
2019-12-05,600.33,65.67,0.16,0.62
2019-12-04,565.33,65.25,0.08,0.62
2019-12-03,579.0,62.95,0.47,0.62
2019-12-02,555.33,63.2,0.26,0.63
2019-11-29,582.0,64.5,0.47,0.64
2019-11-28,595.0,64.68,0.88,0.64
2019-11-27,608.0,65.03,0.54,0.65
2019-11-26,662.33,64.82,1.04,0.65
2019-11-25,616.0,64.67,1.68,0.65
2019-11-22,629.33,64.83,0.74,0.65
2019-11-21,652.33,64.99,0.0,0.66
2019-11-20,643.33,63.8,0.02,0.66
2019-11-19,661.67,62.37,0.22,0.66
2019-11-18,673.33,62.82,0.11,0.67
2019-11-15,686.0,63.32,3.72,0.68
2019-11-14,701.33,62.46,10.76,0.67
2019-11-13,672.0,62.27,5.38,0.66
2019-11-12,624.0,62.19,3.8,0.66
2019-11-11,521.0,62.58,0.32,0.66
2019-11-08,507.0,62.0,1.73,0.68
2019-11-07,450.0,62.6,1.61,0.68
2019-11-06,468.67,62.11,0.37,0.69
2019-11-05,503.33,62.72,0.88,0.7
2019-11-04,496.33,62.52,3.3,0.7
2019-11-01,485.0,60.17,1.81,0.72
2019-10-31,435.33,59.3,12.57,0.73
2019-10-30,488.33,60.22,3.23,0.73
2019-10-29,512.0,61.05,54.07,0.74
2019-10-28,495.33,60.39,7.18,0.67
2019-10-25,470.0,62.06,2.53,0.68
2019-10-24,493.33,61.71,1.94,0.69
2019-10-23,483.33,60.52,9.63,0.68
2019-10-22,478.67,60.5,5.27,0.67
2019-10-21,494.67,58.95,3.16,0.67
2019-10-18,500.0,59.96,3.33,0.67
2019-10-17,511.0,59.35,1.44,0.68
2019-10-16,524.0,59.3,1.73,0.68
2019-10-15,531.0,59.19,0.83,0.69
2019-10-14,467.0,58.81,2.6,0.7
2019-10-11,510.33,60.59,6.58,0.68
2019-10-10,469.67,59.08,3.15,0.68
2019-10-09,418.0,59.7,5.0,0.69
2019-10-08,460.33,58.14,4.28,0.7
2019-10-07,441.33,59.46,5.64,0.7
2019-10-04,488.0,59.13,2.74,0.66
2019-10-03,527.0,58.01,2.47,0.66
2019-10-02,486.67,57.92,3.44,0.67
2019-10-01,458.0,60.06,3.12,0.67
2019-09-30,460.33,60.99,1.17,0.68
2019-09-27,483.67,62.48,7.27,0.69
2019-09-26,502.33,62.08,6.48,0.7
2019-09-25,480.33,62.41,7.19,0.69
2019-09-24,451.67,64.13,9.18,0.7
2019-09-23,464.0,64.66,11.11,0.7
2019-09-20,478.67,65.23,9.32,0.69
2019-09-19,468.0,64.25,7.56,0.68
2019-09-18,406.67,64.29,10.61,0.69
2019-09-17,401.33,65.59,4.01,0.69
2019-09-16,374.67,68.42,17.34,0.69
2019-09-13,332.0,61.25,2.36,0.69
2019-09-12,315.67,60.76,2.49,0.7
2019-09-11,306.33,63.02,3.65,0.73
2019-09-10,293.0,64.67,9.76,0.76
2019-09-09,302.0,63.99,30.41,0.77
2019-09-06,272.0,61.28,19.0,0.65
2019-09-05,238.33,62.7,11.65,0.62
2019-09-04,275.0,60.68,3.41,0.62
2019-09-03,245.33,57.93,4.13,0.63
2019-09-02,236.83,58.55,6.62,0.64
2019-08-30,228.33,61.04,4.7,0.66
2019-08-29,199.33,60.59,9.58,0.68
2019-08-28,257.0,60.42,30.95,0.67
2019-08-27,260.0,58.44,42.9,0.64
2019-08-26,249.33,58.64,12.97,0.58
2019-08-23,243.67,58.64,2.83,0.59
2019-08-22,238.67,59.81,1.25,0.6
2019-08-21,215.33,60.6,7.39,0.62
2019-08-20,186.67,59.03,28.56,0.61
2019-08-19,208.67,59.79,4.63,0.59
2019-08-16,212.0,59.0,4.44,0.52
2019-08-15,218.0,57.37,3.36,0.52
2019-08-14,203.0,57.86,4.27,0.52
2019-08-13,194.33,59.9,3.72,0.52
2019-08-12,240.0,57.13,0.95,0.52
2019-08-09,237.67,57.37,5.73,0.54
2019-08-08,239.0,56.29,3.91,0.53
2019-08-07,264.33,55.03,0.91,0.54
2019-08-06,291.67,58.63,6.17,0.55
2019-08-05,336.33,59.32,2.75,0.55
2019-08-02,344.33,61.12,9.43,0.55
2019-08-01,366.0,62.9,5.02,0.55
2019-07-31,378.33,64.07,1.44,0.55
2019-07-30,408.0,62.55,2.82,0.57
2019-07-29,418.33,62.29,9.65,0.57
2019-07-26,431.67,62.46,4.38,0.55
2019-07-25,480.33,63.47,4.02,0.55
2019-07-24,499.0,63.83,2.52,0.55
2019-07-23,507.0,62.28,5.48,0.57
2019-07-22,546.67,61.96,10.64,0.57
2019-07-19,493.33,61.04,14.12,0.52
2019-07-18,461.67,60.7,11.54,0.51
2019-07-17,448.67,63.67,8.95,0.49
2019-07-16,457.33,65.87,8.63,0.48
2019-07-15,450.67,66.86,0.22,0.48
2019-07-12,525.33,66.65,4.18,0.5
2019-07-11,524.67,67.64,0.11,0.5
2019-07-10,538.0,66.41,1.01,0.51
2019-07-09,546.0,64.3,1.54,0.52
2019-07-08,588.33,64.89,1.95,0.52
2019-07-05,482.67,64.23,2.76,0.55
2019-07-04,474.67,63.62,10.39,0.55
2019-07-03,466.67,63.53,14.0,0.53
2019-07-02,499.67,62.72,6.51,0.52
2019-07-01,517.67,65.1,2.62,0.52
2019-06-28,452.67,67.52,4.64,0.52
2019-06-27,477.67,66.78,3.63,0.53
2019-06-26,484.67,66.85,3.09,0.54
2019-06-25,492.33,66.24,2.75,0.55
2019-06-24,505.0,65.16,18.91,0.54
2019-06-21,517.33,65.99,8.66,0.48
2019-06-20,467.0,65.44,11.01,0.48
2019-06-19,527.33,62.85,0.58,0.48
2019-06-18,506.0,63.35,0.7,0.48
2019-06-17,494.67,62.56,0.69,0.49
2019-06-14,507.0,63.13,6.05,0.51
2019-06-13,521.67,63.28,1.36,0.51
2019-06-12,558.67,61.66,3.0,0.52
2019-06-11,537.33,63.56,4.3,0.53
2019-06-10,518.67,64.31,7.56,0.52
2019-06-07,467.0,64.1,13.15,0.52
2019-06-06,429.67,62.77,4.98,0.52
2019-06-05,406.33,62.14,7.47,0.52
2019-06-04,369.0,63.56,21.79,0.49
2019-06-03,356.33,63.16,4.92,0.48
2019-05-31,407.33,66.78,8.0,0.47
2019-05-30,441.33,69.55,1.27,0.46
2019-05-29,442.0,70.64,0.76,0.47
2019-05-28,450.0,70.19,0.24,0.48
2019-05-24,459.33,67.98,1.38,0.51
2019-05-23,428.0,68.37,6.71,0.51
2019-05-22,415.67,71.94,21.17,0.5
2019-05-21,437.0,72.94,5.14,0.48
2019-05-20,384.67,73.21,4.4,0.47
2019-05-17,351.33,73.94,5.42,0.45
2019-05-16,368.0,74.7,0.72,0.45
2019-05-15,319.33,73.09,0.53,0.46
2019-05-14,296.0,72.53,2.49,0.46
2019-05-13,293.33,72.35,2.76,0.46
2019-05-10,314.33,71.63,0.45,0.47
2019-05-09,337.33,70.61,0.77,0.48
2019-05-08,313.33,71.09,0.3,0.48
2019-05-07,310.0,70.98,0.69,0.49
2019-05-06,352.33,71.95,0.2,0.5
2019-05-03,378.67,71.95,1.34,0.49
2019-05-02,383.0,70.56,6.52,0.5
2019-05-01,329.33,72.01,5.43,0.49
2019-04-30,363.67,72.19,4.56,0.48
2019-04-29,386.67,71.22,5.43,0.48
2019-04-26,336.0,71.03,16.81,0.48
2019-04-25,288.67,74.94,0.49,0.48
2019-04-24,262.0,73.59,0.64,0.49
2019-04-23,307.67,74.39,1.54,0.5
2019-04-22,351.33,70.71,4.22,0.5
2019-04-18,392.33,70.71,3.65,0.48
2019-04-17,407.67,71.14,4.6,0.5
2019-04-16,358.0,70.74,10.93,0.48
2019-04-15,403.67,70.9,3.06,0.48
2019-04-12,418.67,71.57,1.92,0.49
2019-04-11,385.67,71.3,13.31,0.48
2019-04-10,432.67,71.63,4.21,0.47
2019-04-09,428.33,71.02,0.28,0.48
2019-04-08,419.0,71.12,7.33,0.48
2019-04-05,414.33,69.93,12.85,0.49
2019-04-04,409.67,69.8,8.57,0.48
2019-04-03,375.0,69.21,10.94,0.47
2019-04-02,359.33,69.68,8.37,0.45
2019-04-01,318.67,69.08,2.21,0.45
2019-03-29,274.0,67.93,6.56,0.45
2019-03-28,252.0,66.08,4.02,0.45
2019-03-27,247.0,67.35,7.61,0.44
2019-03-26,235.33,67.51,0.85,0.44
2019-03-25,227.67,67.37,3.85,0.44
2019-03-22,166.0,66.29,3.55,0.45
2019-03-21,146.67,68.3,1.16,0.45
2019-03-20,160.0,68.35,15.45,0.43
2019-03-19,214.67,67.13,0.92,0.41
2019-03-18,203.0,66.65,2.23,0.42
2019-03-15,215.67,66.11,2.25,0.4
2019-03-14,227.33,66.18,0.37,0.4
2019-03-13,227.67,65.89,0.14,0.4
2019-03-12,227.33,65.33,0.4,0.41
2019-03-11,215.33,65.06,0.02,0.41
2019-03-08,218.67,65.66,0.02,0.41
2019-03-07,197.33,64.82,0.09,0.41
2019-03-06,259.67,64.51,0.05,0.41
2019-03-05,176.0,64.24,0.06,0.41
2019-03-04,174.67,64.44,0.0,0.41
2019-03-01,236.67,63.71,0.0,0.42
2019-02-28,268.67,65.03,0.0,0.42
2019-02-27,329.0,65.55,0.07,0.43
2019-02-26,303.0,64.51,0.11,0.43
2019-02-25,276.0,64.02,0.35,0.44
2019-02-22,308.0,66.91,0.01,0.45
2019-02-21,294.67,66.91,0.09,0.45
2019-02-20,330.0,66.82,0.37,0.46
2019-02-19,368.0,65.86,10.75,0.45
2019-02-18,357.5,66.41,8.46,0.43
2019-02-15,347.0,65.65,0.0,0.43
2019-02-14,265.0,64.0,0.0,0.43
2019-02-13,278.33,63.27,0.0,0.44
2019-02-12,254.33,62.58,0.0,0.44
2019-02-11,247.0,61.3,0.0,0.45
2019-02-08,226.0,61.37,0.05,0.47
2019-02-07,246.33,61.01,0.22,0.48
2019-02-06,277.67,62.22,0.76,0.49
2019-02-05,248.0,61.67,8.29,0.5
2019-02-04,249.33,62.26,9.73,0.47
2019-02-01,212.0,61.86,5.93,0.43
2019-01-31,199.33,62.46,3.71,0.42
2019-01-30,204.67,61.89,0.01,0.42
2019-01-29,244.67,60.98,0.0,0.42
2019-01-28,280.0,59.71,0.0,0.42
2019-01-25,253.33,61.49,0.01,0.43
2019-01-24,283.33,61.09,0.0,0.43
2019-01-23,276.0,61.05,0.0,0.44
2019-01-22,273.67,60.9,0.0,0.44
2019-01-21,304.67,62.18,0.0,0.45
2019-01-18,335.67,62.04,3.76,0.44
2019-01-17,370.0,59.85,1.14,0.44
2019-01-16,348.33,59.81,0.24,0.44
2019-01-15,300.0,58.65,0.01,0.44
2019-01-14,368.67,58.8,0.0,0.44
2019-01-11,391.0,59.24,0.04,0.44
2019-01-10,399.0,60.47,0.0,0.44
2019-01-09,390.0,59.46,0.0,0.45
2019-01-08,410.0,56.91,0.0,0.45
2019-01-07,433.0,57.1,0.0,0.45
2019-01-04,389.0,55.64,0.0,0.45
2019-01-03,425.0,53.23,0.0,0.45
2019-01-02,422.0,54.06,0.0,0.45
2018-12-31,440.67,,0.0,0.46
2018-12-28,417.67,50.57,0.0,0.47
2018-12-27,388.0,51.49,0.0,0.47
2018-12-26,451.67,,0.0,0.47
2018-12-24,333.67,,0.0,0.48
2018-12-21,289.67,51.93,4.94,0.48
2018-12-20,287.0,52.84,0.68,0.48
2018-12-19,325.67,55.6,0.13,0.48
2018-12-18,302.67,55.26,0.0,0.48
2018-12-17,243.33,57.59,0.0,0.49
2018-12-14,250.0,58.56,1.04,0.51
2018-12-13,249.33,59.03,4.02,0.51
2018-12-12,179.67,59.94,4.24,0.5
2018-12-11,123.67,59.73,0.0,0.49
2018-12-10,212.0,60.29,0.0,0.5
2018-12-07,243.33,61.71,0.0,0.51
2018-12-06,148.0,57.83,0.68,0.52
2018-12-05,123.0,61.4,0.15,0.52
2018-12-04,192.67,61.22,0.03,0.52
2018-12-03,210.0,60.17,0.01,0.52
2018-11-30,211.67,57.71,2.48,0.53
2018-11-29,183.67,58.29,0.83,0.53
2018-11-28,135.67,57.97,0.68,0.54
2018-11-27,152.33,59.58,1.61,0.54
2018-11-26,132.33,59.7,0.83,0.54
2018-11-23,137.0,57.69,0.61,0.55
2018-11-22,145.0,61.11,0.09,0.55
2018-11-21,153.0,61.65,0.44,0.56
2018-11-20,201.33,61.5,4.64,0.56
2018-11-19,216.0,64.14,2.99,0.55
2018-11-16,249.67,65.29,1.18,0.55
2018-11-15,221.67,65.61,3.25,0.55
2018-11-14,200.0,64.88,0.78,0.55
2018-11-13,241.33,65.45,0.34,0.56
2018-11-12,241.67,69.81,0.58,0.56
2018-11-09,273.67,69.01,0.63,0.58
2018-11-08,302.67,69.29,0.35,0.58
2018-11-07,396.0,70.1,0.66,0.59
2018-11-06,381.0,70.64,1.72,0.59
2018-11-05,325.67,72.68,2.56,0.59
2018-11-02,294.0,71.11,1.47,0.6
2018-11-01,284.33,71.25,4.01,0.61
2018-10-31,248.0,74.84,2.82,0.61
2018-10-30,229.0,75.68,7.17,0.62
2018-10-29,208.67,77.56,7.51,0.6
2018-10-26,261.33,77.4,0.42,0.59
2018-10-25,219.0,77.3,0.79,0.59
2018-10-24,163.67,77.34,0.35,0.6
2018-10-23,209.0,78.67,1.35,0.61
2018-10-22,233.67,80.45,6.68,0.6
2018-10-19,175.0,80.38,1.88,0.62
2018-10-18,161.67,80.3,3.01,0.62
2018-10-17,228.0,79.91,2.11,0.62
2018-10-16,202.33,80.53,8.57,0.62
2018-10-15,150.33,80.91,4.21,0.62
2018-10-12,167.67,80.71,0.33,0.61
2018-10-11,118.33,81.35,0.65,0.62
2018-10-10,115.0,83.82,0.56,0.62
2018-10-09,145.0,85.16,0.32,0.63
2018-10-08,116.33,84.22,0.22,0.64
2018-10-05,57.0,85.12,6.07,0.64
2018-10-04,30.67,86.07,2.37,0.65
2018-10-03,36.67,85.45,0.91,0.66
2018-10-02,97.0,85.63,1.93,0.68
2018-10-01,20.67,84.94,43.16,0.68
2018-09-28,87.33,82.72,3.45,0.62
2018-09-27,141.67,81.54,1.17,0.63
2018-09-26,183.0,81.87,19.78,0.62
2018-09-25,210.67,82.21,0.92,0.61
2018-09-24,249.33,80.89,2.31,0.62
2018-09-21,182.0,78.9,2.96,0.59
2018-09-20,223.0,79.03,3.0,0.59
2018-09-19,207.33,79.43,2.53,0.59
2018-09-18,260.0,79.25,3.33,0.59
2018-09-17,251.67,78.22,2.83,0.59
2018-09-14,232.67,77.87,0.59,0.62
2018-09-13,319.0,77.66,6.0,0.62
2018-09-12,328.67,80.02,7.48,0.62
2018-09-11,299.33,78.22,5.58,0.62
2018-09-10,313.33,76.77,4.77,0.62
2018-09-07,273.0,75.55,8.33,0.62
2018-09-06,295.33,75.67,3.88,0.61
2018-09-05,316.0,76.68,9.14,0.62
2018-09-04,338.0,77.51,5.68,0.62
2018-09-03,340.5,77.81,13.43,0.62
2018-08-31,343.0,76.94,6.94,0.6
2018-08-30,290.33,77.05,4.39,0.6
2018-08-29,359.67,76.07,6.49,0.61
2018-08-28,332.0,75.91,2.47,0.62
2018-08-27,350.67,74.41,5.82,0.63
2018-08-24,370.0,74.41,7.96,0.59
2018-08-23,347.33,73.73,10.72,0.6
2018-08-22,318.33,72.96,20.89,0.57
2018-08-21,266.33,71.65,3.62,0.56
2018-08-20,203.67,71.11,7.33,0.56
2018-08-17,161.33,70.14,10.85,0.52
2018-08-16,170.33,69.21,1.58,0.52
2018-08-15,156.0,68.38,3.39,0.53
2018-08-14,132.67,70.77,5.45,0.52
2018-08-13,133.0,70.62,3.46,0.52
2018-08-10,116.33,71.0,4.62,0.52
2018-08-09,119.33,70.55,2.32,0.52
2018-08-08,146.0,70.71,1.96,0.52
2018-08-07,136.67,72.31,1.29,0.52
2018-08-06,162.0,72.51,0.38,0.52
2018-08-03,99.0,72.48,0.75,0.53
2018-08-02,126.0,72.95,0.32,0.53
2018-08-01,121.67,72.28,0.2,0.54
2018-07-31,199.0,74.16,0.06,0.55
2018-07-30,266.33,74.99,0.66,0.55
2018-07-27,262.33,74.84,0.11,0.58
2018-07-26,331.33,74.51,1.78,0.59
2018-07-25,278.0,73.67,10.02,0.58
2018-07-24,278.33,73.53,7.54,0.57
2018-07-23,321.67,73.45,1.57,0.57
2018-07-20,346.0,71.99,4.05,0.57
2018-07-19,316.33,71.94,0.73,0.58
2018-07-18,360.33,70.52,8.41,0.58
2018-07-17,419.67,70.87,4.04,0.57
2018-07-16,417.33,71.03,1.97,0.57
2018-07-13,523.33,74.11,2.93,0.59
2018-07-12,488.33,72.11,5.49,0.59
2018-07-11,486.67,75.35,1.48,0.59
2018-07-10,515.33,77.8,0.55,0.59
2018-07-09,466.0,77.08,3.33,0.6
2018-07-06,481.33,74.98,20.41,0.62
2018-07-05,492.0,77.09,6.36,0.6
2018-07-04,479.5,76.99,5.08,0.61
2018-07-03,467.0,75.87,1.94,0.62
2018-07-02,511.33,76.71,15.94,0.63
2018-06-29,521.33,77.44,6.46,0.62
2018-06-28,464.67,76.26,5.57,0.63
2018-06-27,397.67,76.09,8.08,0.64
2018-06-26,490.33,73.58,7.91,0.65
2018-06-25,508.0,72.82,28.22,0.66
2018-06-22,533.33,73.67,37.02,0.63
2018-06-21,531.67,72.87,4.31,0.6
2018-06-20,570.0,74.25,2.17,0.62
2018-06-19,469.33,74.92,30.16,0.61
2018-06-18,487.33,74.87,22.7,0.56
2018-06-15,528.33,72.02,6.93,0.49
2018-06-14,438.67,74.77,2.49,0.49
2018-06-13,393.33,75.07,2.55,0.5
2018-06-12,429.67,74.86,2.18,0.5
2018-06-11,403.33,74.58,8.35,0.51
2018-06-08,410.67,75.11,4.4,0.49
2018-06-07,320.33,75.23,4.45,0.49
2018-06-06,345.0,73.23,0.49,0.49
2018-06-05,346.0,72.91,1.3,0.5
2018-06-04,395.0,73.41,2.02,0.51
2018-06-01,495.33,74.54,6.1,0.52
2018-05-31,499.67,76.45,5.92,0.51
2018-05-30,572.33,75.89,4.22,0.51
2018-05-29,539.33,74.51,4.59,0.51
2018-05-25,597.0,76.6,2.28,0.5
2018-05-24,639.67,78.9,2.9,0.5
2018-05-23,654.33,78.69,5.96,0.5
2018-05-22,629.33,80.42,4.64,0.5
2018-05-21,652.67,78.34,2.6,0.5
2018-05-18,687.33,78.38,0.65,0.53
2018-05-17,656.67,80.09,25.54,0.49
2018-05-16,751.33,78.19,3.54,0.48
2018-05-15,688.33,78.94,1.56,0.49
2018-05-14,792.0,78.17,0.46,0.5
2018-05-11,819.0,77.37,11.28,0.52
2018-05-10,774.0,77.59,5.37,0.51
2018-05-09,785.33,77.6,2.38,0.51
2018-05-08,789.33,74.16,2.25,0.52
2018-05-07,868.67,74.75,0.48,0.52
2018-05-04,794.0,74.75,9.53,0.5
2018-05-03,847.33,73.45,4.02,0.5
2018-05-02,825.67,73.14,2.96,0.51
2018-05-01,898.67,74.85,3.95,0.51
2018-04-30,822.33,75.92,4.3,0.51
2018-04-27,823.33,75.33,2.94,0.53
2018-04-26,796.67,75.39,27.84,0.52
2018-04-25,841.33,73.79,3.66,0.48
2018-04-24,821.0,75.86,2.14,0.49
2018-04-23,744.67,74.54,5.79,0.49
2018-04-20,743.33,74.62,8.97,0.52
2018-04-19,810.67,74.85,11.61,0.51
2018-04-18,812.33,73.73,9.16,0.49
2018-04-17,714.33,71.71,8.52,0.48
2018-04-16,723.67,73.18,7.67,0.48
2018-04-13,572.67,73.18,19.34,0.46
2018-04-12,560.33,71.44,1.87,0.45
2018-04-11,581.0,72.74,0.27,0.45
2018-04-10,530.67,70.67,1.07,0.45
2018-04-09,542.0,68.19,0.49,0.45
2018-04-06,490.33,66.51,1.01,0.46
2018-04-05,531.33,66.54,5.4,0.46
2018-04-04,521.33,66.04,1.72,0.46
2018-04-03,525.33,69.02,0.32,0.47
2018-04-02,650.67,69.02,0.02,0.47
2018-03-29,573.0,69.02,0.22,0.46
2018-03-28,612.33,68.13,0.28,0.47
2018-03-27,586.67,68.63,1.0,0.48
2018-03-26,653.33,68.81,2.44,0.48
2018-03-23,654.33,69.03,0.88,0.5
2018-03-22,553.67,68.98,9.75,0.5
2018-03-21,554.33,68.15,4.2,0.49
2018-03-20,512.0,66.0,2.3,0.5
2018-03-19,466.67,64.82,3.11,0.51
2018-03-16,548.0,64.68,33.65,0.5
2018-03-15,550.0,63.67,7.92,0.47
2018-03-14,564.67,63.61,2.99,0.47
2018-03-13,552.33,64.2,4.77,0.47
2018-03-12,560.0,64.53,5.63,0.47
2018-03-09,478.67,65.19,1.57,0.47
2018-03-08,504.0,63.87,0.84,0.48
2018-03-07,457.0,65.09,6.7,0.48
2018-03-06,453.67,65.67,17.04,0.48
2018-03-05,460.67,65.78,3.02,0.46
2018-03-02,346.0,64.26,1.32,0.49
2018-03-01,279.0,64.23,3.27,0.5
2018-02-28,239.33,66.08,2.91,0.51
2018-02-27,244.0,67.59,8.91,0.51
2018-02-26,230.33,67.96,14.51,0.5
2018-02-23,218.0,67.04,2.2,0.49
2018-02-22,176.0,66.12,0.34,0.51
2018-02-21,192.67,64.81,8.46,0.52
2018-02-20,168.67,64.68,53.8,0.45
2018-02-19,159.0,64.95,9.25,0.4
2018-02-16,149.33,64.3,0.13,0.38
2018-02-15,148.0,62.86,1.02,0.38
2018-02-14,105.67,62.29,0.0,0.38
2018-02-13,32.0,61.94,0.0,0.38
2018-02-12,995.67,62.2,0.0,0.39
2018-02-09,59.0,63.04,0.0,0.39
2018-02-08,53.0,64.26,0.0,0.39
2018-02-07,39.0,65.74,0.01,0.4
2018-02-06,60.33,66.75,0.01,0.4
2018-02-05,61.67,67.69,0.02,0.4
2018-02-02,74.33,67.45,0.64,0.4
2018-02-01,36.0,68.6,0.06,0.4
2018-01-31,3.33,67.78,0.0,0.4
2018-01-30,990.33,67.78,0.0,0.4
2018-01-29,961.33,68.41,0.07,0.4
2018-01-26,8.67,70.08,0.0,0.4
2018-01-25,972.67,71.08,0.0,0.4
2018-01-24,980.0,69.91,0.01,0.4
2018-01-23,946.33,69.81,0.01,0.41
2018-01-22,960.67,69.32,0.0,0.41
2018-01-19,945.33,68.56,0.01,0.41
2018-01-18,999.33,69.48,0.04,0.41
2018-01-17,4.67,69.19,0.11,0.41
2018-01-16,948.33,69.4,0.01,0.41
2018-01-15,937.67,70.31,0.0,0.41
2018-01-12,927.0,69.64,0.0,0.41
2018-01-11,933.67,70.36,0.0,0.41
2018-01-10,949.33,69.79,0.04,0.41
2018-01-09,908.33,69.08,0.38,0.42
2018-01-08,912.0,68.48,0.32,0.42
2018-01-05,897.0,68.01,0.0,0.42
2018-01-04,899.67,68.73,0.0,0.42
2018-01-03,893.67,67.85,0.0,0.42
2018-01-02,937.67,66.65,0.0,0.42
2017-12-29,893.67,66.73,0.0,0.43
2017-12-28,898.33,66.8,0.0,0.43
2017-12-27,868.67,66.03,0.0,0.43
2017-12-26,854.67,,0.0,0.43
2017-12-22,823.33,64.61,0.0,0.44
2017-12-21,911.0,64.64,0.16,0.44
2017-12-20,923.33,64.43,0.09,0.44
2017-12-19,907.33,63.69,0.13,0.44
2017-12-18,928.33,64.45,0.0,0.45
2017-12-15,885.33,63.81,0.72,0.45
2017-12-14,880.67,63.72,0.32,0.45
2017-12-13,899.67,63.66,0.0,0.45
2017-12-12,875.33,64.96,0.0,0.45
2017-12-11,916.33,65.62,0.0,0.45
2017-12-08,900.33,63.86,0.1,0.46
2017-12-07,878.67,62.37,0.06,0.46
2017-12-06,910.67,62.25,0.04,0.46
2017-12-05,940.67,63.45,0.07,0.46
2017-12-04,3.0,63.45,0.07,0.46
2017-12-01,42.33,64.57,0.0,0.47
2017-11-30,58.67,63.53,0.01,0.48
2017-11-29,111.33,63.74,0.0,0.48
2017-11-28,52.0,63.56,0.0,0.48
2017-11-27,71.33,63.25,0.01,0.49
2017-11-24,111.67,63.58,3.44,0.5
2017-11-23,119.5,63.27,1.81,0.5
2017-11-22,127.33,62.92,1.4,0.5
2017-11-21,120.0,62.28,1.28,0.5
2017-11-20,102.0,61.34,2.77,0.5
2017-11-17,139.0,61.34,2.17,0.51
2017-11-16,149.67,61.18,2.63,0.5
2017-11-15,148.0,61.25,1.14,0.5
2017-11-14,163.33,60.91,0.39,0.5
2017-11-13,199.33,62.94,0.24,0.51
2017-11-10,219.33,64.35,2.44,0.53
2017-11-09,185.33,64.49,2.4,0.53
2017-11-08,192.67,63.96,1.16,0.53
2017-11-07,158.0,64.36,1.2,0.53
2017-11-06,115.0,64.27,3.85,0.53
2017-11-03,54.0,61.42,1.15,0.52
2017-11-02,60.33,60.79,2.5,0.52
2017-11-01,122.0,60.98,1.23,0.52
2017-10-31,91.0,61.35,1.32,0.52
2017-10-30,115.33,60.65,0.72,0.53
2017-10-27,113.0,60.15,1.89,0.54
2017-10-26,125.0,58.75,2.43,0.53
2017-10-25,84.67,58.45,4.05,0.52
2017-10-24,90.33,57.84,1.18,0.52
2017-10-23,127.33,57.69,0.6,0.53
2017-10-20,129.33,57.89,0.8,0.55
2017-10-19,139.0,57.82,0.77,0.55
2017-10-18,77.0,58.05,1.01,0.55
2017-10-17,76.33,57.63,2.52,0.56
2017-10-16,59.67,57.49,0.73,0.57
2017-10-13,96.67,56.86,2.54,0.59
2017-10-12,103.33,56.13,2.77,0.59
2017-10-11,122.0,56.13,9.78,0.59
2017-10-10,56.0,56.62,4.58,0.59
2017-10-09,28.33,55.29,3.01,0.59
2017-10-06,88.0,55.5,6.82,0.59
2017-10-05,88.0,57.09,4.64,0.59
2017-10-04,75.0,56.0,6.29,0.59
2017-10-03,79.0,56.12,3.56,0.59
2017-10-02,40.0,55.67,7.29,0.6
2017-09-29,36.33,57.02,6.75,0.59
2017-09-28,979.67,58.8,5.31,0.59
2017-09-27,13.67,58.74,2.03,0.6
2017-09-26,971.33,59.77,7.35,0.6
2017-09-25,977.0,59.42,3.02,0.61
2017-09-22,985.67,58.16,15.6,0.55
2017-09-21,23.0,57.73,4.45,0.55
2017-09-20,5.67,57.2,3.87,0.55
2017-09-19,977.33,56.58,1.15,0.55
2017-09-18,982.67,55.5,3.28,0.56
2017-09-15,8.33,56.18,3.11,0.56
2017-09-14,978.67,56.76,1.02,0.57
2017-09-13,988.67,55.52,4.95,0.59
2017-09-12,961.0,55.06,6.18,0.59
2017-09-11,942.67,54.2,3.12,0.59
2017-09-08,946.33,54.55,33.6,0.6
2017-09-07,922.0,54.16,9.17,0.55
2017-09-06,932.33,54.48,2.13,0.55
2017-09-05,964.33,53.63,1.69,0.56
2017-09-04,968.0,52.6,6.6,0.57
2017-09-01,971.67,53.15,7.88,0.56
2017-08-31,944.0,52.69,7.95,0.56
2017-08-30,944.33,51.91,10.74,0.55
2017-08-29,975.67,51.64,3.4,0.55
2017-08-28,13.33,51.87,1.0,0.55
2017-08-25,939.33,51.87,8.22,0.55
2017-08-24,906.0,51.73,4.51,0.55
2017-08-23,889.33,52.31,0.48,0.55
2017-08-22,893.33,52.29,33.84,0.55
2017-08-21,918.67,51.94,1.5,0.5
2017-08-18,898.0,50.96,3.04,0.52
2017-08-17,888.33,50.37,1.45,0.52
2017-08-16,855.0,50.39,0.63,0.53
2017-08-15,881.67,49.9,10.56,0.53
2017-08-14,940.67,51.29,4.04,0.52
2017-08-11,985.0,51.47,0.99,0.53
2017-08-10,970.67,52.59,1.93,0.54
2017-08-09,8.33,52.16,2.28,0.54
2017-08-08,38.0,52.18,2.33,0.55
2017-08-07,41.67,51.42,0.92,0.55
2017-08-04,27.0,52.48,3.11,0.55
2017-08-03,84.67,52.88,8.35,0.55
2017-08-02,90.0,52.09,6.21,0.55
2017-08-01,44.33,50.77,11.21,0.55
2017-07-31,91.33,51.99,1.47,0.55
2017-07-28,83.33,52.0,5.01,0.54
2017-07-27,33.33,50.67,5.2,0.53
2017-07-26,948.67,50.08,2.92,0.53
2017-07-25,961.33,49.19,4.62,0.54
2017-07-24,1.33,47.81,2.75,0.54
2017-07-21,999.67,47.47,4.33,0.53
2017-07-20,988.0,48.54,2.86,0.53
2017-07-19,972.67,48.34,7.02,0.53
2017-07-18,942.67,47.92,4.1,0.52
2017-07-17,940.67,47.66,1.29,0.52
2017-07-14,943.0,47.89,1.98,0.54
2017-07-13,909.33,47.65,0.4,0.55
2017-07-12,851.33,46.73,0.3,0.56
2017-07-11,844.0,46.68,1.02,0.58
2017-07-10,865.0,46.57,11.39,0.58
2017-07-07,901.0,46.47,6.54,0.57
2017-07-06,951.33,48.53,2.86,0.57
2017-07-05,975.67,47.58,7.68,0.57
2017-07-04,983.67,49.15,6.02,0.57
2017-07-03,991.67,49.13,5.07,0.58
2017-06-30,956.33,47.08,2.48,0.58
2017-06-29,886.33,47.02,8.59,0.59
2017-06-28,907.33,46.45,2.2,0.59
2017-06-27,888.0,46.17,9.28,0.59
2017-06-26,868.33,44.09,1.52,0.6
2017-06-23,901.67,44.14,2.51,0.55
2017-06-22,853.0,44.46,0.24,0.56
2017-06-21,872.0,44.62,10.06,0.58
2017-06-20,943.33,43.98,16.18,0.55
2017-06-19,961.33,45.93,6.51,0.55
2017-06-16,53.0,45.7,9.51,0.58
2017-06-15,90.33,45.61,8.98,0.58
2017-06-14,64.0,45.47,14.98,0.58
2017-06-13,39.67,46.95,13.37,0.56
2017-06-12,76.67,47.18,9.83,0.55
2017-06-09,43.33,46.64,5.89,0.48
2017-06-08,992.33,46.3,2.38,0.48
2017-06-07,985.0,47.08,2.03,0.49
2017-06-06,0.33,48.11,7.29,0.49
2017-06-05,6.0,48.25,4.86,0.49
2017-06-02,13.0,48.46,3.2,0.48
2017-06-01,39.0,50.41,0.93,0.49
2017-05-31,54.33,49.4,5.37,0.5
2017-05-30,43.33,50.65,15.17,0.49
2017-05-26,926.0,50.84,0.97,0.48
2017-05-25,903.67,52.25,5.89,0.49
2017-05-24,913.33,53.29,6.96,0.48
2017-05-23,25.67,53.19,2.13,0.48
2017-05-22,45.33,53.35,2.3,0.49
2017-05-19,39.33,52.78,12.62,0.5
2017-05-18,97.33,51.71,9.41,0.48
2017-05-17,64.0,51.76,1.99,0.47
2017-05-16,46.67,51.21,0.87,0.48
2017-05-15,57.0,51.29,2.98,0.48
2017-05-12,16.0,49.08,10.87,0.47
2017-05-11,965.67,49.18,5.36,0.45
2017-05-10,966.0,48.09,1.27,0.45
2017-05-09,973.67,47.06,1.15,0.46
2017-05-08,963.67,46.61,5.54,0.47
2017-05-05,877.67,47.45,1.84,0.48
2017-05-04,850.67,47.53,10.12,0.48
2017-05-03,797.33,48.82,4.53,0.46
2017-05-02,822.0,49.31,2.77,0.47
2017-05-01,830.33,50.41,0.52,0.47
2017-04-28,842.67,49.46,8.83,0.49
2017-04-27,878.0,49.46,4.95,0.49
2017-04-26,885.33,49.99,7.1,0.49
2017-04-25,862.0,49.37,9.54,0.48
2017-04-24,828.33,49.45,5.06,0.47
2017-04-21,859.0,49.93,12.98,0.48
2017-04-20,810.33,50.66,11.3,0.46
2017-04-19,883.67,52.43,3.44,0.45
2017-04-18,934.0,52.6,3.17,0.45
2017-04-17,935.0,54.79,3.9,0.45
2017-04-13,909.33,55.05,0.01,0.46
2017-04-12,955.0,54.75,0.23,0.47
2017-04-11,984.0,54.73,0.14,0.47
2017-04-10,962.33,54.79,4.13,0.48
2017-04-07,15.33,54.24,3.85,0.47
2017-04-06,83.33,53.62,6.28,0.48
2017-04-05,114.0,53.41,1.88,0.47
2017-04-04,109.0,53.08,1.63,0.48
2017-04-03,106.33,52.04,7.42,0.48
2017-03-31,91.33,52.2,0.54,0.49
2017-03-30,103.67,52.25,7.38,0.5
2017-03-29,94.67,51.36,8.65,0.49
2017-03-28,135.33,50.72,2.66,0.48
2017-03-27,156.33,50.12,3.38,0.48
2017-03-24,140.0,49.97,11.53,0.48
2017-03-23,177.33,50.17,4.09,0.48
2017-03-22,171.33,49.56,2.86,0.48
2017-03-21,162.0,50.14,5.84,0.47
2017-03-20,118.33,50.67,5.81,0.47
2017-03-17,28.33,50.58,3.7,0.45
2017-03-16,36.33,50.56,1.29,0.45
2017-03-15,53.0,50.63,1.18,0.45
2017-03-14,57.67,49.6,4.17,0.45
2017-03-13,19.33,50.1,2.48,0.45
2017-03-10,939.67,50.63,0.57,0.43
2017-03-09,909.0,50.65,0.17,0.44
2017-03-08,924.0,53.3,0.12,0.45
2017-03-07,923.33,54.61,1.07,0.45
2017-03-06,946.0,54.73,1.47,0.45
2017-03-03,963.67,54.12,1.19,0.45
2017-03-02,938.67,54.16,0.76,0.46
2017-03-01,923.67,55.72,0.82,0.46
2017-02-28,918.0,53.36,0.24,0.47
2017-02-27,995.0,54.65,0.97,0.48
2017-02-24,10.33,54.69,3.6,0.46
2017-02-23,38.33,55.82,4.93,0.46
2017-02-22,9.0,54.9,7.47,0.45
2017-02-21,12.0,56.34,0.49,0.44
2017-02-20,16.67,55.25,0.05,0.45
2017-02-17,21.33,54.48,0.54,0.45
2017-02-16,50.33,54.16,0.1,0.46
2017-02-15,993.33,54.57,0.01,0.47
2017-02-14,920.33,54.96,0.87,0.48
2017-02-13,915.67,54.15,15.27,0.47
2017-02-10,955.33,55.2,1.3,0.43
2017-02-09,990.0,53.98,0.0,0.43
2017-02-08,6.33,54.42,0.0,0.43
2017-02-07,17.67,53.79,0.0,0.44
2017-02-06,55.0,55.02,0.01,0.44
2017-02-03,79.0,55.92,0.22,0.45
2017-02-02,96.33,55.94,2.2,0.45
2017-02-01,115.67,55.79,1.14,0.44
2017-01-31,101.33,55.25,0.06,0.44
2017-01-30,83.67,54.77,0.0,0.44
2017-01-27,104.67,54.8,0.0,0.45
2017-01-26,142.33,55.89,0.0,0.45
2017-01-25,201.67,54.34,0.01,0.45
2017-01-24,206.0,54.7,0.01,0.46
2017-01-23,171.33,54.8,0.04,0.46
2017-01-20,141.0,55.04,1.04,0.47
2017-01-19,161.33,53.18,5.04,0.47
2017-01-18,222.0,53.77,2.84,0.46
2017-01-17,228.33,54.68,0.14,0.46
2017-01-16,212.67,54.3,0.0,0.46
2017-01-13,197.0,54.37,3.33,0.47
2017-01-12,208.33,54.51,0.37,0.47
2017-01-11,116.0,53.61,1.08,0.47
2017-01-10,196.33,53.2,0.01,0.47
2017-01-09,170.0,54.39,0.02,0.48
2017-01-06,248.33,55.9,0.0,0.48
2017-01-05,249.0,54.99,0.0,0.48
2017-01-04,224.67,54.57,0.0,0.48
2017-01-03,167.33,55.05,0.01,0.49
2016-12-30,127.67,54.96,0.0,0.5
2016-12-29,155.0,54.95,0.0,0.5
2016-12-28,198.67,53.93,0.0,0.5
2016-12-27,240.67,53.93,0.0,0.51
2016-12-23,253.67,53.93,0.0,0.52
2016-12-22,188.67,54.04,0.02,0.52
2016-12-21,269.67,53.01,0.03,0.52
2016-12-20,259.33,54.56,0.03,0.53
2016-12-19,291.0,53.53,0.01,0.53
2016-12-16,267.0,54.15,0.14,0.54
2016-12-15,242.33,51.72,0.13,0.55
2016-12-14,319.0,53.15,0.02,0.55
2016-12-13,286.33,53.28,0.48,0.55
2016-12-12,241.0,53.99,2.35,0.55
2016-12-09,176.33,52.19,0.8,0.57
2016-12-08,263.0,51.6,1.69,0.57
2016-12-07,318.0,51.9,0.37,0.58
2016-12-06,347.0,52.31,6.04,0.58
2016-12-05,362.67,53.3,2.49,0.57
2016-12-02,392.33,52.35,4.73,0.58
2016-12-01,397.33,52.28,0.49,0.58
2016-11-30,374.67,47.95,2.76,0.59
2016-11-29,409.0,44.68,3.3,0.59
2016-11-28,395.67,46.64,3.09,0.59
2016-11-25,408.33,46.32,1.48,0.59
2016-11-24,420.33,47.54,2.88,0.59
2016-11-23,432.33,46.54,3.34,0.58
2016-11-22,436.0,46.1,3.72,0.58
2016-11-21,425.67,45.96,2.22,0.57
2016-11-18,416.67,44.41,0.25,0.59
2016-11-17,419.67,44.57,0.4,0.59
2016-11-16,414.0,45.07,2.65,0.6
2016-11-15,395.67,44.15,4.99,0.6
2016-11-14,406.0,41.83,5.38,0.59
2016-11-11,469.33,41.61,0.18,0.59
2016-11-10,450.0,43.67,0.06,0.59
2016-11-09,459.0,43.88,0.12,0.6
2016-11-08,473.67,43.47,0.17,0.61
2016-11-07,462.67,42.83,0.54,0.61
2016-11-04,558.67,43.06,2.56,0.62
2016-11-03,646.33,43.84,2.5,0.62
2016-11-02,653.0,44.26,2.73,0.62
2016-11-01,642.67,,4.55,0.62
2016-10-31,665.33,46.2,4.25,0.62
2016-10-28,674.67,47.78,1.12,0.62
2016-10-27,654.0,49.13,0.88,0.62
2016-10-26,686.67,48.98,1.08,0.63
2016-10-25,668.0,49.08,0.5,0.64
2016-10-24,649.67,49.8,0.29,0.65
2016-10-21,661.33,50.28,5.49,0.65
2016-10-20,655.0,50.42,3.35,0.66
2016-10-19,662.0,51.85,4.3,0.66
2016-10-18,643.67,49.81,7.07,0.66
2016-10-17,641.67,49.31,4.41,0.66
2016-10-14,670.0,48.87,7.45,0.66
2016-10-13,658.67,49.29,3.38,0.66
2016-10-12,614.67,49.53,5.37,0.68
2016-10-11,644.33,50.48,2.83,0.7
2016-10-10,635.33,51.54,5.59,0.73
2016-10-07,739.67,50.49,6.05,0.63
2016-10-06,750.33,50.14,7.54,0.63
2016-10-05,789.67,49.57,3.4,0.64
2016-10-04,769.33,48.81,3.29,0.65
2016-10-03,758.33,48.61,4.64,0.66
2016-09-30,742.67,48.24,3.35,0.67
2016-09-29,710.67,48.43,12.27,0.68
2016-09-28,799.67,45.49,4.74,0.69
2016-09-27,844.0,44.95,20.85,0.71
2016-09-26,822.0,46.61,65.97,0.61
2016-09-23,824.67,46.71,6.67,0.59
2016-09-22,900.67,47.21,9.36,0.59
2016-09-21,847.33,45.99,8.85,0.58
2016-09-20,838.0,45.24,3.46,0.57
2016-09-19,846.33,46.04,3.72,0.58
2016-09-16,794.33,45.26,3.99,0.59
2016-09-15,822.67,45.83,8.36,0.59
2016-09-14,802.0,45.65,4.35,0.58
2016-09-13,774.33,46.48,1.17,0.58
2016-09-12,780.67,47.82,3.24,0.59
2016-09-09,747.33,48.37,3.56,0.59
2016-09-08,862.0,49.23,4.58,0.6
2016-09-07,887.33,47.0,4.44,0.6
2016-09-06,904.67,46.21,8.83,0.61
2016-09-05,893.17,46.72,13.71,0.59
2016-09-02,881.67,45.96,3.45,0.61
2016-09-01,869.67,45.05,3.72,0.62
2016-08-31,888.0,47.94,15.41,0.62
2016-08-30,877.0,47.94,7.53,0.62
2016-08-29,912.33,49.66,7.2,0.63
2016-08-26,993.67,49.66,4.7,0.56
2016-08-25,10.67,49.25,10.13,0.55
2016-08-24,5.67,47.56,6.79,0.55
2016-08-23,29.0,48.7,4.49,0.55
2016-08-22,973.33,48.1,2.16,0.56
2016-08-19,72.33,49.39,14.02,0.56
2016-08-18,86.67,49.46,8.45,0.55
2016-08-17,51.0,48.58,7.69,0.54
2016-08-16,34.0,48.27,1.74,0.55
2016-08-15,992.33,47.31,17.03,0.55
2016-08-12,973.33,45.12,3.63,0.52
2016-08-11,985.67,44.23,2.06,0.52
2016-08-10,1.67,42.19,9.42,0.52
2016-08-09,948.67,43.37,4.19,0.51
2016-08-08,984.0,43.24,1.6,0.52
2016-08-05,981.0,42.47,2.28,0.52
2016-08-04,958.0,41.33,5.24,0.52
2016-08-03,969.67,40.45,5.69,0.52
2016-08-02,875.33,40.0,2.11,0.52
2016-08-01,911.67,40.17,1.79,0.53
2016-07-29,826.33,40.76,5.04,0.54
2016-07-28,852.67,41.87,3.19,0.55
2016-07-27,853.0,42.78,3.35,0.55
2016-07-26,849.67,43.56,6.8,0.56
2016-07-25,854.0,43.76,36.9,0.53
2016-07-22,883.67,44.24,0.14,0.52
2016-07-21,915.33,44.99,1.39,0.53
2016-07-20,956.67,45.82,2.47,0.53
2016-07-19,986.0,45.7,12.99,0.54
2016-07-18,63.67,45.35,12.62,0.52
2016-07-15,42.33,46.25,5.47,0.51
2016-07-14,129.67,46.01,4.87,0.51
2016-07-13,110.33,44.67,1.5,0.51
2016-07-12,84.67,46.72,2.1,0.52
2016-07-11,68.0,44.04,7.45,0.52
2016-07-08,64.67,44.53,2.23,0.52
2016-07-07,71.0,45.93,3.1,0.52
2016-07-06,54.67,45.7,3.48,0.53
2016-07-05,31.33,45.64,2.23,0.54
2016-07-04,997.67,48.02,14.21,0.53
2016-07-01,964.0,47.65,5.97,0.52
2016-06-30,940.67,48.05,6.19,0.52
2016-06-29,0.67,48.4,1.83,0.52
2016-06-28,972.0,46.29,8.46,0.52
2016-06-27,961.0,45.07,5.28,0.52
2016-06-24,986.0,46.69,10.54,0.53
2016-06-23,154.33,48.63,7.17,0.53
2016-06-22,131.33,48.43,8.86,0.52
2016-06-21,119.0,48.18,9.48,0.52
2016-06-20,100.0,48.68,9.02,0.52
2016-06-17,40.67,46.57,11.86,0.55
2016-06-16,996.0,45.66,5.02,0.54
2016-06-15,90.67,47.47,0.61,0.55
2016-06-14,105.67,47.88,5.79,0.58
2016-06-13,114.33,49.36,42.65,0.53
2016-06-10,101.67,49.7,8.51,0.51
2016-06-09,91.33,50.59,11.83,0.49
2016-06-08,90.0,50.73,8.61,0.48
2016-06-07,75.0,49.76,3.47,0.48
2016-06-06,41.67,48.94,12.47,0.47
2016-06-03,11.0,48.5,4.34,0.48
2016-06-02,34.67,49.05,6.36,0.48
2016-06-01,10.67,48.81,4.31,0.48
2016-05-31,28.67,49.26,3.91,0.5
2016-05-27,971.33,49.09,13.87,0.49
2016-05-26,934.0,49.52,8.02,0.47
2016-05-25,931.33,48.87,14.59,0.46
2016-05-24,961.67,48.42,6.48,0.45
2016-05-23,968.0,47.77,2.77,0.45
2016-05-20,924.33,48.54,2.22,0.45
2016-05-19,894.0,47.01,0.15,0.45
2016-05-18,935.67,48.93,6.25,0.46
2016-05-17,897.33,48.71,21.95,0.45
2016-05-16,925.33,48.49,4.23,0.42
2016-05-13,965.33,47.05,5.12,0.43
2016-05-12,6.0,46.43,6.6,0.42
2016-05-11,69.0,46.08,2.18,0.41
2016-05-10,95.67,44.01,0.93,0.41
2016-05-09,81.67,42.43,2.53,0.41
2016-05-06,72.67,44.6,5.82,0.41
2016-05-05,154.67,44.39,0.32,0.41
2016-05-04,171.67,43.08,0.26,0.41
2016-05-03,194.67,43.09,0.65,0.41
2016-05-02,211.67,45.82,2.02,0.41
2016-04-29,217.33,45.64,0.83,0.42
2016-04-28,164.0,45.6,3.0,0.42
2016-04-27,178.33,44.17,2.16,0.41
2016-04-26,194.67,43.94,1.16,0.42
2016-04-25,154.33,42.97,0.61,0.42
2016-04-22,140.67,43.97,0.03,0.44
2016-04-21,75.0,43.48,1.11,0.45
2016-04-20,68.0,43.09,1.02,0.45
2016-04-19,64.67,43.02,1.33,0.46
2016-04-18,19.67,41.64,4.77,0.47
2016-04-15,963.67,41.32,11.15,0.47
2016-04-14,974.0,43.02,4.64,0.46
2016-04-13,936.33,42.81,7.7,0.46
2016-04-12,940.67,43.02,5.98,0.46
2016-04-11,924.0,41.58,7.56,0.45
2016-04-08,878.0,40.71,2.15,0.44
2016-04-07,858.33,37.15,2.16,0.44
2016-04-06,905.0,37.77,5.66,0.44
2016-04-05,886.67,35.88,8.8,0.42
2016-04-04,863.33,36.05,2.95,0.41
2016-04-01,897.0,36.42,1.99,0.42
2016-03-31,948.67,36.75,0.96,0.42
2016-03-30,974.33,36.75,1.49,0.42
2016-03-29,973.0,36.75,0.6,0.42
2016-03-28,967.0,38.33,0.68,0.43
2016-03-24,969.0,38.33,5.1,0.46
2016-03-23,954.67,38.84,4.95,0.46
2016-03-22,31.67,40.54,8.48,0.46
2016-03-21,64.67,39.91,5.55,0.45
2016-03-18,112.67,39.26,9.68,0.45
2016-03-17,113.0,39.29,7.8,0.44
2016-03-16,30.0,38.38,2.56,0.43
2016-03-15,45.33,37.49,0.99,0.44
2016-03-14,74.67,38.06,8.32,0.44
2016-03-11,49.0,39.41,7.13,0.41
2016-03-10,54.67,38.63,4.87,0.41
2016-03-09,15.33,40.26,2.22,0.4
2016-03-08,958.67,39.16,3.56,0.4
2016-03-07,993.0,39.02,1.08,0.39
2016-03-04,983.0,37.61,0.0,0.4
2016-03-03,947.33,35.75,0.0,0.4
2016-03-02,941.0,36.38,0.0,0.41
2016-03-01,925.33,35.73,6.41,0.41
2016-02-29,941.67,35.92,5.44,0.39
2016-02-26,878.33,35.76,0.04,0.39
2016-02-25,936.67,32.83,0.04,0.39
2016-02-24,920.0,31.5,0.01,0.39
2016-02-23,889.0,31.9,0.97,0.39
2016-02-22,877.67,33.59,0.12,0.38
2016-02-19,840.0,31.66,0.0,0.39
2016-02-18,904.33,33.2,0.0,0.39
2016-02-17,871.33,33.21,0.01,0.39
2016-02-16,832.67,31.09,0.0,0.39
2016-02-15,839.5,,0.0,0.39
2016-02-12,846.33,31.8,0.0,0.39
2016-02-11,793.0,28.82,0.0,0.39
2016-02-10,833.0,29.64,0.0,0.39
2016-02-09,847.33,30.15,0.0,0.4
2016-02-08,860.33,31.64,0.0,0.4
2016-02-05,793.67,32.35,0.0,0.4
2016-02-04,774.0,32.76,0.0,0.4
2016-02-03,840.0,32.38,0.0,0.4
2016-02-02,766.33,30.98,0.0,0.4
2016-02-01,868.67,32.45,0.0,0.4
2016-01-29,762.67,33.14,0.0,0.41
2016-01-28,792.67,33.01,0.0,0.41
2016-01-27,765.33,31.83,0.0,0.41
2016-01-26,830.33,30.94,0.0,0.41
2016-01-25,824.33,29.82,0.03,0.41
2016-01-22,875.0,30.46,0.01,0.41
2016-01-21,865.0,27.59,0.27,0.41
2016-01-20,800.0,26.01,0.25,0.41
2016-01-19,928.67,27.36,0.06,0.41
2016-01-18,920.17,27.36,0.14,0.41
2016-01-15,911.67,28.8,0.0,0.41
2016-01-14,853.33,28.84,0.0,0.41
2016-01-13,894.33,28.58,0.0,0.41
2016-01-12,874.0,29.14,0.0,0.41
2016-01-11,894.33,30.14,0.0,0.42
2016-01-08,11.0,31.67,0.0,0.42
2016-01-07,969.0,33.57,0.0,0.43
2016-01-06,978.0,33.89,0.0,0.43
2016-01-05,61.67,35.56,0.0,0.43
2016-01-04,128.0,36.28,0.0,0.43
2015-12-31,208.33,36.61,0.0,0.43
2015-12-30,214.67,35.65,0.0,0.44
2015-12-29,202.67,36.85,0.0,0.44
2015-12-28,193.67,37.08,0.0,0.44
2015-12-24,211.33,37.22,0.0,0.45
2015-12-23,245.67,35.79,0.0,0.45
2015-12-22,188.67,35.26,0.0,0.45
2015-12-21,234.33,35.34,0.0,0.45
2015-12-18,249.33,36.76,0.0,0.45
2015-12-17,253.33,36.29,0.0,0.46
2015-12-16,286.67,36.96,0.0,0.46
2015-12-15,346.33,37.66,0.01,0.46
2015-12-14,368.33,36.51,0.01,0.47
2015-12-11,346.33,36.99,0.0,0.48
2015-12-10,341.67,38.65,0.0,0.48
2015-12-09,367.33,39.04,0.0,0.48
2015-12-08,314.33,39.44,0.0,0.48
2015-12-07,403.67,39.69,0.0,0.48
2015-12-04,381.0,41.44,3.4,0.49
2015-12-03,373.0,42.0,3.26,0.48
2015-12-02,331.33,41.92,2.3,0.48
2015-12-01,335.0,42.97,0.05,0.48
2015-11-30,331.67,43.73,0.02,0.49
2015-11-27,305.0,43.07,0.41,0.51
2015-11-26,304.83,43.55,3.61,0.51
2015-11-25,304.67,43.56,2.68,0.5
2015-11-24,335.67,44.38,0.2,0.51
2015-11-23,310.0,43.7,0.2,0.51
2015-11-20,361.67,42.49,0.13,0.52
2015-11-19,376.67,42.22,0.78,0.52
2015-11-18,340.0,41.45,0.59,0.53
2015-11-17,356.33,41.28,0.3,0.53
2015-11-16,364.67,40.28,0.03,0.54
2015-11-13,348.33,41.98,0.76,0.57
2015-11-12,310.0,44.98,1.37,0.58
2015-11-11,305.67,44.98,7.24,0.59
2015-11-10,272.0,46.44,6.63,0.57
2015-11-09,193.33,45.38,3.89,0.57
2015-11-06,231.0,46.09,2.87,0.58
2015-11-05,267.67,47.19,2.62,0.59
2015-11-04,228.33,46.96,3.03,0.59
2015-11-03,289.0,48.0,0.6,0.6
2015-11-02,291.0,47.91,3.87,0.62
2015-10-30,256.0,48.0,5.22,0.57
2015-10-29,217.0,48.04,3.39,0.57
2015-10-28,213.67,47.6,6.1,0.57
2015-10-27,193.67,45.54,6.52,0.57
2015-10-26,182.0,46.57,6.73,0.57
2015-10-23,130.0,46.3,9.96,0.59
2015-10-22,140.0,46.59,8.74,0.58
2015-10-21,137.0,46.72,8.76,0.58
2015-10-20,194.67,46.93,7.86,0.56
2015-10-19,165.67,47.51,4.69,0.56
2015-10-16,118.67,48.96,4.67,0.59
2015-10-15,106.67,47.87,8.86,0.59
2015-10-14,107.67,48.25,8.85,0.58
2015-10-13,117.0,48.94,7.44,0.58
2015-10-12,90.67,50.95,9.93,0.57
2015-10-09,56.67,52.08,2.15,0.57
2015-10-08,66.67,52.13,3.66,0.59
2015-10-07,67.67,51.66,19.83,0.58
2015-10-06,81.33,51.34,8.79,0.56
2015-10-05,91.0,49.45,10.28,0.56
2015-10-02,97.0,46.55,3.15,0.59
2015-10-01,107.0,47.48,9.51,0.6
2015-09-30,120.33,47.29,6.7,0.6
2015-09-29,177.33,47.58,53.76,0.59
2015-09-28,237.67,46.04,9.29,0.52
2015-09-25,269.0,47.28,12.05,0.48
2015-09-24,291.67,47.06,4.01,0.48
2015-09-23,303.67,48.0,11.97,0.47
2015-09-22,297.33,46.69,1.44,0.45
2015-09-21,295.67,47.64,1.98,0.45
2015-09-18,303.33,47.28,0.68,0.47
2015-09-17,269.67,48.27,3.04,0.48
2015-09-16,241.0,49.35,4.74,0.48
2015-09-15,213.33,45.91,6.75,0.47
2015-09-14,272.67,45.87,3.37,0.46
2015-09-11,245.0,46.87,0.64,0.46
2015-09-10,255.0,47.77,1.01,0.47
2015-09-09,256.33,48.04,3.96,0.47
2015-09-08,212.0,48.88,0.99,0.48
2015-09-07,185.5,46.42,1.46,0.48
2015-09-04,159.0,48.59,1.65,0.49
2015-09-03,110.67,50.41,0.6,0.5
2015-09-02,88.67,47.67,5.69,0.5
2015-09-01,130.67,48.8,2.21,0.5
2015-08-31,102.0,47.97,2.15,0.51
2015-08-28,90.0,47.97,7.01,0.53
2015-08-27,104.67,44.46,16.78,0.51
2015-08-26,93.67,41.76,1.77,0.51
2015-08-25,96.0,41.86,5.79,0.52
2015-08-24,91.0,41.59,6.17,0.51
2015-08-21,78.33,43.84,8.75,0.5
2015-08-20,123.67,45.63,6.4,0.48
2015-08-19,104.67,45.75,4.64,0.48
2015-08-18,77.33,47.0,2.42,0.48
2015-08-17,56.33,47.77,1.9,0.48
2015-08-14,56.67,47.79,3.31,0.48
2015-08-13,64.67,48.01,2.23,0.49
2015-08-12,34.33,48.29,1.67,0.49
2015-08-11,92.33,47.33,8.78,0.49
2015-08-10,105.0,48.3,7.0,0.48
2015-08-07,117.67,47.54,5.98,0.48
2015-08-06,70.67,47.8,1.08,0.47
2015-08-05,127.0,49.04,0.29,0.47
2015-08-04,175.33,49.08,2.2,0.48
2015-08-03,174.33,49.49,1.36,0.48
2015-07-31,214.33,53.29,0.19,0.48
2015-07-30,230.0,54.29,0.1,0.48
2015-07-29,222.67,54.73,0.29,0.49
2015-07-28,209.0,54.3,1.23,0.5
2015-07-27,194.67,54.07,0.49,0.5
2015-07-24,186.0,54.29,1.03,0.52
2015-07-23,243.33,55.76,0.76,0.53
2015-07-22,275.0,56.36,5.93,0.53
2015-07-21,332.67,55.94,9.45,0.52
2015-07-20,348.67,56.42,2.36,0.52
2015-07-17,338.33,56.38,2.2,0.54
2015-07-16,344.0,57.31,5.82,0.55
2015-07-15,346.67,57.34,4.25,0.55
2015-07-14,358.67,57.2,5.88,0.55
2015-07-13,298.67,57.63,10.9,0.54
2015-07-10,290.67,57.72,4.26,0.52
2015-07-09,265.67,57.83,1.97,0.51
2015-07-08,238.0,55.7,2.18,0.51
2015-07-07,243.33,54.72,1.62,0.52
2015-07-06,267.67,57.19,1.16,0.52
2015-07-03,271.5,59.06,12.92,0.52
2015-07-02,275.33,61.73,5.36,0.5
2015-07-01,262.33,61.65,3.67,0.5
2015-06-30,263.0,60.31,3.77,0.5
2015-06-29,314.33,59.03,1.93,0.51
2015-06-26,304.67,60.14,1.39,0.51
2015-06-25,255.33,60.24,0.84,0.51
2015-06-24,271.67,61.63,2.75,0.52
2015-06-23,233.67,61.67,1.35,0.52
2015-06-22,268.67,60.54,3.48,0.52
2015-06-19,240.33,59.41,1.37,0.53
2015-06-18,269.67,61.37,1.43,0.54
2015-06-17,205.67,60.75,1.99,0.55
2015-06-16,220.0,60.75,1.49,0.55
2015-06-15,185.0,60.99,2.64,0.57
2015-06-12,142.33,63.19,2.74,0.58
2015-06-11,96.33,63.76,8.47,0.59
2015-06-10,116.33,64.68,15.09,0.57
2015-06-09,102.33,63.23,10.37,0.55
2015-06-08,107.67,61.33,9.12,0.55
2015-06-05,103.33,60.36,8.44,0.55
2015-06-04,107.0,60.34,4.23,0.55
2015-06-03,130.0,62.78,11.03,0.54
2015-06-02,108.67,63.14,11.04,0.53
2015-06-01,53.67,62.87,7.27,0.52
2015-05-29,83.33,63.16,1.26,0.52
2015-05-28,109.33,60.12,2.62,0.52
2015-05-27,119.67,61.35,4.54,0.52
2015-05-26,135.33,61.65,2.6,0.52
2015-05-22,131.33,64.7,5.07,0.52
2015-05-21,155.33,64.7,2.77,0.53
2015-05-20,102.67,63.52,0.72,0.54
2015-05-19,127.33,63.48,14.53,0.55
2015-05-18,126.33,65.15,13.81,0.51
2015-05-15,115.33,64.69,3.17,0.51
2015-05-14,74.67,65.58,4.96,0.51
2015-05-13,46.67,66.33,5.1,0.51
2015-05-12,32.33,65.09,5.75,0.51
2015-05-11,988.33,62.82,3.03,0.51
2015-05-08,934.67,63.82,1.14,0.52
2015-05-07,920.0,64.93,0.56,0.53
2015-05-06,905.0,66.22,0.35,0.54
2015-05-05,925.67,65.44,5.08,0.55
2015-05-04,874.0,64.62,16.64,0.55
2015-05-01,875.0,64.13,8.17,0.51
2015-04-30,927.33,63.9,2.98,0.52
2015-04-29,931.0,63.97,4.99,0.52
2015-04-28,906.67,62.61,3.03,0.52
2015-04-27,903.67,62.86,1.69,0.52
2015-04-24,866.0,62.96,8.21,0.52
2015-04-23,789.67,62.66,7.62,0.51
2015-04-22,773.0,60.12,8.08,0.5
2015-04-21,771.67,60.12,8.14,0.49
2015-04-20,777.67,61.2,2.55,0.48
2015-04-17,824.67,61.31,0.1,0.5
2015-04-16,850.67,60.13,0.39,0.51
2015-04-15,808.33,59.32,0.45,0.52
2015-04-14,843.67,57.69,1.74,0.52
2015-04-13,794.0,57.14,0.64,0.53
2015-04-10,775.0,56.82,0.63,0.51
2015-04-09,783.33,56.04,7.82,0.51
2015-04-08,782.0,56.42,8.73,0.49
2015-04-07,776.67,57.55,6.5,0.48
2015-04-06,784.0,55.73,2.24,0.47
2015-04-02,758.0,55.73,1.56,0.48
2015-04-01,742.0,55.73,0.59,0.48
2015-03-31,703.67,53.69,0.96,0.48
2015-03-30,685.67,53.99,1.05,0.49
2015-03-27,741.33,56.44,4.89,0.51
2015-03-26,758.33,57.02,2.17,0.5
2015-03-25,771.67,54.18,3.09,0.51
2015-03-24,772.0,53.61,2.11,0.51
2015-03-23,755.33,53.82,3.05,0.52
2015-03-20,771.0,53.88,0.77,0.51
2015-03-19,706.33,52.96,0.24,0.52
2015-03-18,747.0,52.59,1.58,0.52
2015-03-17,783.33,52.17,3.85,0.52
2015-03-16,783.0,52.0,6.52,0.52
2015-03-13,815.0,54.8,15.23,0.51
2015-03-12,831.0,56.66,4.65,0.49
2015-03-11,834.67,56.46,1.66,0.49
2015-03-10,896.33,55.95,14.56,0.49
2015-03-09,918.67,58.67,1.79,0.47
2015-03-06,921.0,59.15,2.86,0.48
2015-03-05,974.33,60.33,2.15,0.47
2015-03-04,983.0,59.18,0.37,0.48
2015-03-03,16.0,61.18,0.0,0.48
2015-03-02,990.0,60.75,0.0,0.48
2015-02-27,1.0,61.89,0.75,0.51
2015-02-26,963.0,61.39,0.21,0.52
2015-02-25,949.67,59.77,0.12,0.52
2015-02-24,997.0,60.33,0.22,0.54
2015-02-23,980.0,59.78,0.29,0.55
2015-02-20,959.0,60.99,1.98,0.53
2015-02-19,941.33,58.78,7.23,0.53
2015-02-18,949.0,60.72,0.24,0.53
2015-02-17,920.33,60.78,0.47,0.55
2015-02-16,921.0,61.57,6.71,0.55
2015-02-13,921.67,60.33,0.31,0.56
2015-02-12,928.0,56.23,24.98,0.55
2015-02-11,877.33,53.48,7.6,0.52
2015-02-10,856.0,55.79,3.95,0.51
2015-02-09,858.0,57.0,6.31,0.5
2015-02-06,773.33,55.88,6.89,0.49
2015-02-05,753.33,55.98,4.08,0.48
2015-02-04,730.67,55.07,1.31,0.48
2015-02-03,703.67,54.41,1.5,0.48
2015-02-02,677.0,51.74,0.69,0.48
2015-01-30,691.67,47.52,0.01,0.48
2015-01-29,691.67,46.61,0.01,0.48
2015-01-28,718.0,47.07,0.01,0.48
2015-01-27,747.67,46.55,0.02,0.49
2015-01-26,737.33,46.07,0.03,0.49
2015-01-23,759.0,46.69,1.44,0.51
2015-01-22,799.67,46.09,1.45,0.51
2015-01-21,844.33,46.5,1.34,0.51
2015-01-20,916.33,46.49,0.05,0.51
2015-01-19,923.67,,0.03,0.51
2015-01-16,931.0,47.38,0.0,0.52
2015-01-15,962.67,47.66,0.0,0.52
2015-01-14,976.0,45.82,0.0,0.52
2015-01-13,973.33,45.13,0.0,0.52
2015-01-12,980.0,46.9,0.0,0.52
2015-01-09,938.67,47.64,0.0,0.52
2015-01-08,965.0,49.43,0.0,0.52
2015-01-07,900.0,49.06,0.0,0.53
2015-01-06,882.0,50.12,0.0,0.53
2015-01-05,927.67,51.08,0.0,0.53
2015-01-02,930.67,55.38,0.0,0.55
2014-12-31,895.0,55.27,0.0,0.55
2014-12-30,954.67,55.6,0.0,0.55
2014-12-29,945.33,57.86,0.0,0.56
2014-12-26,925.33,58.72,0.0,0.57
2014-12-24,949.67,58.67,0.01,0.58
2014-12-23,939.33,59.07,0.11,0.58
2014-12-22,961.0,58.31,0.0,0.59
2014-12-19,958.0,58.87,3.84,0.59
2014-12-18,943.0,58.81,2.22,0.59
2014-12-17,901.33,59.84,0.02,0.59
2014-12-16,896.33,60.26,0.0,0.59
2014-12-15,864.0,61.09,0.0,0.59
2014-12-12,853.67,61.67,0.03,0.6
2014-12-11,846.33,63.65,0.23,0.6
2014-12-10,918.0,63.32,0.14,0.61
2014-12-09,933.33,66.11,0.55,0.62
2014-12-08,894.33,65.64,0.56,0.62
2014-12-05,885.67,68.0,2.97,0.62
2014-12-04,861.33,68.48,1.74,0.63
2014-12-03,847.67,70.13,3.16,0.63
2014-12-02,852.0,71.13,1.58,0.63
2014-12-01,889.33,70.87,3.28,0.64
2014-11-28,852.33,71.89,4.71,0.64
2014-11-27,861.0,,5.17,0.63
2014-11-26,869.67,77.39,2.03,0.63
2014-11-25,815.0,77.62,2.69,0.63
2014-11-24,865.0,79.62,4.67,0.63
2014-11-21,822.67,79.2,2.17,0.63
2014-11-20,823.67,77.61,3.06,0.63
2014-11-19,826.67,77.21,1.67,0.63
2014-11-18,808.0,77.23,1.79,0.64
2014-11-17,820.33,76.86,3.59,0.64
2014-11-14,809.0,77.51,2.26,0.65
2014-11-13,815.67,77.74,1.58,0.65
2014-11-12,855.0,80.42,1.5,0.66
2014-11-11,919.0,80.94,3.21,0.66
2014-11-10,902.33,82.9,3.46,0.66
2014-11-07,874.67,83.2,3.14,0.67
2014-11-06,875.33,82.08,3.98,0.68
2014-11-05,865.0,82.88,10.66,0.67
2014-11-04,883.33,82.12,15.17,0.66
2014-11-03,862.67,84.9,7.12,0.65
2014-10-31,890.67,84.17,2.6,0.66
2014-10-30,938.0,85.5,5.88,0.65
2014-10-29,926.67,86.91,5.36,0.64
2014-10-28,922.0,85.57,2.7,0.64
2014-10-27,950.0,85.64,1.79,0.64
2014-10-24,26.33,86.0,0.61,0.65
2014-10-23,87.67,85.94,0.83,0.65
2014-10-22,88.33,86.38,1.7,0.66
2014-10-21,91.0,85.17,1.6,0.66
2014-10-20,102.33,84.42,4.95,0.66
2014-10-17,89.67,85.27,3.06,0.67
2014-10-16,48.67,84.02,2.87,0.68
2014-10-15,110.0,84.02,3.67,0.68
2014-10-14,91.0,86.36,7.45,0.69
2014-10-13,41.67,87.82,6.3,0.68
2014-10-10,126.67,88.66,2.56,0.67
2014-10-09,35.33,90.47,2.66,0.68
2014-10-08,20.67,90.25,7.34,0.68
2014-10-07,35.33,90.9,4.61,0.68
2014-10-06,57.33,90.65,3.79,0.68
2014-10-03,44.33,90.8,8.39,0.69
2014-10-02,66.67,,7.45,0.68
2014-10-01,151.67,,9.36,0.68
2014-09-30,262.0,,4.69,0.67
2014-09-29,278.33,95.7,5.15,0.68
2014-09-26,277.0,95.08,9.52,0.7
2014-09-25,289.67,95.2,7.28,0.7
2014-09-24,328.0,94.53,19.75,0.7
2014-09-23,259.33,94.87,17.13,0.68
2014-09-22,288.67,95.37,7.32,0.67
2014-09-19,232.33,96.75,10.95,0.67
2014-09-18,163.67,96.82,6.03,0.68
2014-09-17,127.67,97.7,11.26,0.68
2014-09-16,61.67,97.39,19.33,0.66
2014-09-15,47.0,96.43,10.69,0.64
2014-09-12,48.33,96.31,5.58,0.64
2014-09-11,23.33,96.42,2.82,0.64
2014-09-10,49.67,96.26,8.36,0.64
2014-09-09,67.0,98.08,4.93,0.63
2014-09-08,57.67,99.53,4.34,0.63
2014-09-05,83.0,99.51,2.78,0.64
2014-09-04,125.33,101.21,2.92,0.64
2014-09-03,136.0,100.88,2.25,0.65
2014-09-02,147.0,100.21,10.36,0.65
2014-09-01,177.5,,7.57,0.64
2014-08-29,208.0,101.12,3.16,0.64
2014-08-28,211.33,100.71,2.47,0.65
2014-08-27,192.33,100.4,7.7,0.65
2014-08-26,204.33,100.5,8.29,0.64
2014-08-25,214.33,100.49,4.03,0.64
2014-08-22,181.0,100.09,4.06,0.66
2014-08-21,182.33,100.28,14.11,0.67
2014-08-20,209.33,99.92,12.95,0.66
2014-08-19,191.0,99.74,14.29,0.65
2014-08-18,243.33,99.37,1.74,0.64
2014-08-15,226.0,101.13,3.07,0.61
2014-08-14,210.33,101.15,0.46,0.62
2014-08-13,226.0,102.27,5.0,0.62
2014-08-12,230.33,101.68,6.31,0.62
2014-08-11,217.33,103.47,2.62,0.62
2014-08-08,209.33,103.36,6.18,0.62
2014-08-07,215.33,104.02,2.92,0.62
2014-08-06,200.67,104.17,5.77,0.62
2014-08-05,183.0,102.82,8.21,0.62
2014-08-04,173.67,103.63,4.06,0.61
2014-08-01,180.0,103.45,0.97,0.61
2014-07-31,181.33,104.94,4.99,0.61
2014-07-30,180.0,106.47,1.96,0.6
2014-07-29,158.67,106.98,0.34,0.61
2014-07-28,147.67,106.7,0.35,0.61
2014-07-25,159.67,106.89,0.44,0.63
2014-07-24,155.33,105.78,2.96,0.64
2014-07-23,156.67,106.85,4.56,0.63
2014-07-22,108.0,106.48,2.96,0.64
2014-07-21,112.67,105.71,1.88,0.65
2014-07-18,80.0,106.03,11.03,0.66
2014-07-17,55.33,106.04,11.24,0.65
2014-07-16,65.33,105.41,11.24,0.63
2014-07-15,99.0,104.73,3.0,0.62
2014-07-14,79.33,104.73,1.36,0.62
2014-07-11,89.0,105.77,0.97,0.64
2014-07-10,87.33,106.2,1.04,0.65
2014-07-09,85.33,106.84,1.43,0.66
2014-07-08,118.67,107.65,2.03,0.67
2014-07-07,90.33,108.7,8.21,0.68
2014-07-04,96.83,,19.21,0.71
2014-07-03,103.33,108.98,14.57,0.7
2014-07-02,126.67,110.18,14.49,0.7
2014-07-01,117.67,110.84,14.59,0.7
2014-06-30,128.33,111.03,19.97,0.67
2014-06-27,133.0,112.62,9.47,0.63
2014-06-26,55.0,112.61,11.38,0.62
2014-06-25,72.67,112.84,6.13,0.62
2014-06-24,48.0,113.74,3.17,0.63
2014-06-23,81.33,113.62,7.7,0.64
2014-06-20,106.67,114.55,10.22,0.64
2014-06-19,111.33,115.19,8.37,0.65
2014-06-18,113.0,114.25,17.62,0.64
2014-06-17,107.0,114.02,12.04,0.62
2014-06-16,104.67,113.42,5.6,0.62
2014-06-13,112.0,113.15,11.86,0.62
2014-06-12,58.67,112.18,13.71,0.61
2014-06-11,113.33,109.83,4.95,0.62
2014-06-10,87.33,109.18,12.53,0.61
2014-06-09,81.0,110.55,4.67,0.62
2014-06-06,66.33,109.21,38.18,0.62
2014-06-05,92.67,108.43,16.79,0.56
2014-06-04,85.0,109.07,4.56,0.55
2014-06-03,74.67,108.87,4.04,0.55
2014-06-02,65.0,109.34,2.57,0.56
2014-05-30,64.67,109.21,8.08,0.55
2014-05-29,49.0,109.98,10.8,0.54
2014-05-28,33.0,109.09,3.37,0.55
2014-05-27,32.67,109.81,7.63,0.54
2014-05-23,30.33,110.19,2.78,0.54
2014-05-22,6.67,110.89,1.6,0.55
2014-05-21,991.0,111.32,6.28,0.55
2014-05-20,976.0,110.35,2.61,0.55
2014-05-19,941.33,110.84,3.56,0.55
2014-05-16,931.33,110.9,4.79,0.56
2014-05-15,910.67,109.74,8.77,0.56
2014-05-14,902.67,109.87,8.16,0.55
2014-05-13,905.0,108.78,3.99,0.56
2014-05-12,884.0,108.37,8.17,0.56
2014-05-09,871.33,108.26,14.76,0.58
2014-05-08,899.0,108.19,15.52,0.56
2014-05-07,905.0,108.17,11.5,0.54
2014-05-06,933.67,108.3,3.51,0.54
2014-05-05,937.0,109.48,4.26,0.55
2014-05-02,928.67,109.48,4.03,0.55
2014-05-01,931.0,108.63,3.49,0.57
2014-04-30,983.0,108.63,17.94,0.57
2014-04-29,960.33,109.89,18.6,0.54
2014-04-28,947.67,109.12,7.44,0.53
2014-04-25,961.33,109.53,5.53,0.52
2014-04-24,976.33,109.79,4.16,0.52
2014-04-23,22.0,108.48,9.89,0.52
2014-04-22,11.33,108.54,5.8,0.52
2014-04-21,7.67,109.69,9.11,0.51
2014-04-17,25.0,109.79,8.2,0.48
2014-04-16,984.67,109.71,3.33,0.48
2014-04-15,983.33,109.1,3.25,0.49
2014-04-14,997.0,107.68,6.07,0.5
2014-04-11,989.33,107.34,7.82,0.48
2014-04-10,991.33,107.1,6.81,0.48
2014-04-09,23.67,107.39,6.47,0.48
2014-04-08,0.67,105.83,6.17,0.48
2014-04-07,971.33,104.89,8.63,0.47
2014-04-04,980.67,106.41,3.17,0.45
2014-04-03,932.0,104.88,5.87,0.45
2014-04-02,937.0,103.37,3.63,0.45
2014-04-01,958.33,105.7,2.93,0.45
2014-03-31,963.0,105.95,6.08,0.45
2014-03-28,997.33,106.64,6.12,0.45
2014-03-27,952.67,106.58,5.12,0.45
2014-03-26,971.67,105.9,1.96,0.45
2014-03-25,965.67,107.01,2.81,0.45
2014-03-24,945.0,106.59,3.71,0.45
2014-03-21,965.0,107.2,5.22,0.46
2014-03-20,989.33,105.73,9.06,0.45
2014-03-19,31.0,105.95,3.85,0.45
2014-03-18,21.67,106.79,3.13,0.45
2014-03-17,30.33,106.99,5.91,0.45
2014-03-14,998.67,108.08,5.82,0.42
2014-03-13,11.67,107.48,4.06,0.42
2014-03-12,957.67,107.88,5.2,0.41
2014-03-11,10.33,108.35,0.95,0.41
2014-03-10,992.67,108.27,1.05,0.41
2014-03-07,985.0,109.14,0.89,0.41
2014-03-06,966.67,107.99,6.66,0.41
2014-03-05,975.33,108.15,6.63,0.41
2014-03-04,961.67,109.17,0.99,0.4
2014-03-03,921.67,111.26,0.0,0.4
2014-02-28,956.33,108.98,1.43,0.41
2014-02-27,955.0,108.54,1.48,0.41
2014-02-26,936.0,109.39,0.91,0.41
2014-02-25,919.67,109.19,1.13,0.41
2014-02-24,955.0,109.76,0.08,0.41
2014-02-21,954.0,109.03,0.0,0.44
2014-02-20,984.33,109.42,0.0,0.45
2014-02-19,935.33,110.37,7.51,0.45
2014-02-18,952.0,110.14,7.18,0.44
2014-02-17,956.33,,6.86,0.42
2014-02-14,960.67,108.63,1.46,0.41
2014-02-13,943.0,108.98,0.94,0.41
2014-02-12,956.67,108.62,0.38,0.41
2014-02-11,930.67,109.21,0.8,0.41
2014-02-10,920.33,110.18,1.05,0.41
2014-02-07,932.0,110.12,0.58,0.41
2014-02-06,897.67,108.15,0.05,0.41
2014-02-05,892.33,106.81,0.01,0.41
2014-02-04,900.0,107.04,0.02,0.41
2014-02-03,925.67,106.55,0.0,0.41
2014-01-31,908.0,108.16,12.76,0.41
2014-01-30,917.33,109.36,1.3,0.4
2014-01-29,924.0,108.83,0.32,0.4
2014-01-28,909.67,109.1,0.01,0.4
2014-01-27,899.33,108.72,0.32,0.4
2014-01-24,797.67,109.14,0.3,0.41
2014-01-23,801.67,109.69,0.32,0.41
2014-01-22,708.33,109.69,0.23,0.41
2014-01-21,686.0,109.17,0.3,0.41
2014-01-20,693.5,108.01,0.45,0.41
2014-01-17,701.0,108.45,0.48,0.41
2014-01-16,756.67,107.46,0.01,0.41
2014-01-15,754.33,108.09,0.0,0.41
2014-01-14,755.67,107.12,0.0,0.41
2014-01-13,713.67,108.02,0.02,0.41
2014-01-10,717.33,106.44,0.0,0.41
2014-01-09,691.0,107.49,0.0,0.41
2014-01-08,705.0,107.42,0.0,0.42
2014-01-07,687.67,107.01,0.0,0.42
2014-01-06,675.67,106.71,0.0,0.42
2014-01-03,703.0,106.57,1.6,0.44
2014-01-02,646.67,107.94,2.73,0.44
