YEAR,DOY,PRECTOTCORR,GWETROOT
2014,1,2.95,0.44
2014,2,2.73,0.44
2014,3,1.6,0.44
2014,4,0.01,0.44
2014,5,0.0,0.43
2014,6,0.0,0.42
2014,7,0.0,0.42
2014,8,0.0,0.42
2014,9,0.0,0.41
2014,10,0.0,0.41
2014,11,0.29,0.41
2014,12,0.27,0.41
2014,13,0.02,0.41
2014,14,0.0,0.41
2014,15,0.0,0.41
2014,16,0.01,0.41
2014,17,0.48,0.41
2014,18,0.91,0.41
2014,19,1.33,0.41
2014,20,0.45,0.41
2014,21,0.3,0.41
2014,22,0.23,0.41
2014,23,0.32,0.41
2014,24,0.3,0.41
2014,25,0.45,0.41
2014,26,0.75,0.41
2014,27,0.32,0.4
2014,28,0.01,0.4
2014,29,0.32,0.4
2014,30,1.3,0.4
2014,31,12.76,0.41
2014,32,1.83,0.42
2014,33,0.0,0.42
2014,34,0.0,0.41
2014,35,0.02,0.41
2014,36,0.01,0.41
2014,37,0.05,0.41
2014,38,0.58,0.41
2014,39,3.91,0.41
2014,40,4.3,0.41
2014,41,1.05,0.41
2014,42,0.8,0.41
2014,43,0.38,0.41
2014,44,0.94,0.41
2014,45,1.46,0.41
2014,46,4.17,0.41
2014,47,3.38,0.41
2014,48,6.86,0.42
2014,49,7.18,0.44
2014,50,7.51,0.45
2014,51,0.0,0.45
2014,52,0.0,0.44
2014,53,0.0,0.43
2014,54,0.0,0.42
2014,55,0.08,0.41
2014,56,1.13,0.41
2014,57,0.91,0.41
2014,58,1.48,0.41
2014,59,1.43,0.41
2014,60,0.04,0.41
2014,61,0.0,0.41
2014,62,0.0,0.4
2014,63,0.99,0.4
2014,64,6.63,0.41
2014,65,6.66,0.41
2014,66,0.89,0.41
2014,67,1.03,0.41
2014,68,1.18,0.41
2014,69,1.05,0.41
2014,70,0.95,0.41
2014,71,5.2,0.41
2014,72,4.06,0.42
2014,73,5.82,0.42
2014,74,4.19,0.43
2014,75,10.46,0.44
2014,76,5.91,0.45
2014,77,3.13,0.45
2014,78,3.85,0.45
2014,79,9.06,0.45
2014,80,5.22,0.46
2014,81,3.61,0.46
2014,82,2.54,0.46
2014,83,3.71,0.45
2014,84,2.81,0.45
2014,85,1.96,0.45
2014,86,5.12,0.45
2014,87,6.12,0.45
2014,88,2.83,0.45
2014,89,4.17,0.45
2014,90,6.08,0.45
2014,91,2.93,0.45
2014,92,3.63,0.45
2014,93,5.87,0.45
2014,94,3.17,0.45
2014,95,8.13,0.46
2014,96,5.04,0.47
2014,97,8.63,0.47
2014,98,6.17,0.48
2014,99,6.47,0.48
2014,100,6.81,0.48
2014,101,7.82,0.48
2014,102,5.97,0.48
2014,103,9.66,0.49
2014,104,6.07,0.5
2014,105,3.25,0.49
2014,106,3.33,0.48
2014,107,8.2,0.48
2014,108,8.87,0.49
2014,109,6.82,0.49
2014,110,11.16,0.5
2014,111,9.11,0.51
2014,112,5.8,0.52
2014,113,9.89,0.52
2014,114,4.16,0.52
2014,115,5.53,0.52
2014,116,12.21,0.52
2014,117,10.4,0.53
2014,118,7.44,0.53
2014,119,18.6,0.54
2014,120,17.94,0.57
2014,121,3.49,0.57
2014,122,4.03,0.55
2014,123,5.15,0.55
2014,124,7.4,0.55
2014,125,4.26,0.55
2014,126,3.51,0.54
2014,127,11.5,0.54
2014,128,15.52,0.56
2014,129,14.76,0.58
2014,130,3.44,0.58
2014,131,4.47,0.57
2014,132,8.17,0.56
2014,133,3.99,0.56
2014,134,8.16,0.55
2014,135,8.77,0.56
2014,136,4.79,0.56
2014,137,5.06,0.56
2014,138,6.8,0.56
2014,139,3.56,0.55
2014,140,2.61,0.55
2014,141,6.28,0.55
2014,142,1.6,0.55
2014,143,2.78,0.54
2014,144,2.64,0.54
2014,145,3.06,0.53
2014,146,5.04,0.53
2014,147,7.63,0.54
2014,148,3.37,0.55
2014,149,10.8,0.54
2014,150,8.08,0.55
2014,151,11.51,0.56
2014,152,4.89,0.56
2014,153,2.57,0.56
2014,154,4.04,0.55
2014,155,4.56,0.55
2014,156,16.79,0.56
2014,157,38.18,0.62
2014,158,14.45,0.66
2014,159,2.37,0.63
2014,160,4.67,0.62
2014,161,12.53,0.61
2014,162,4.95,0.62
2014,163,13.71,0.61
2014,164,11.86,0.62
2014,165,13.08,0.63
2014,166,8.09,0.63
2014,167,5.6,0.62
2014,168,12.04,0.62
2014,169,17.62,0.64
2014,170,8.37,0.65
2014,171,10.22,0.64
2014,172,7.48,0.64
2014,173,9.63,0.63
2014,174,7.7,0.64
2014,175,3.17,0.63
2014,176,6.13,0.62
2014,177,11.38,0.62
2014,178,9.47,0.63
2014,179,10.6,0.64
2014,180,19.45,0.66
2014,181,19.97,0.67
2014,182,14.59,0.7
2014,183,14.49,0.7
2014,184,14.57,0.7
2014,185,19.21,0.71
2014,186,7.22,0.7
2014,187,4.04,0.69
2014,188,8.21,0.68
2014,189,2.03,0.67
2014,190,1.43,0.66
2014,191,1.04,0.65
2014,192,0.97,0.64
2014,193,1.33,0.63
2014,194,1.9,0.62
2014,195,1.36,0.62
2014,196,3.0,0.62
2014,197,11.24,0.63
2014,198,11.24,0.65
2014,199,11.03,0.66
2014,200,5.91,0.66
2014,201,2.34,0.66
2014,202,1.88,0.65
2014,203,2.96,0.64
2014,204,4.56,0.63
2014,205,2.96,0.64
2014,206,0.44,0.63
2014,207,0.68,0.62
2014,208,0.51,0.62
2014,209,0.35,0.61
2014,210,0.34,0.61
2014,211,1.96,0.6
2014,212,4.99,0.61
2014,213,0.97,0.61
2014,214,1.93,0.6
2014,215,1.43,0.6
2014,216,4.06,0.61
2014,217,8.21,0.62
2014,218,5.77,0.62
2014,219,2.92,0.62
2014,220,6.18,0.62
2014,221,4.14,0.63
2014,222,0.68,0.62
2014,223,2.62,0.62
2014,224,6.31,0.62
2014,225,5.0,0.62
2014,226,0.46,0.62
2014,227,3.07,0.61
2014,228,14.73,0.62
2014,229,12.5,0.66
2014,230,1.74,0.64
2014,231,14.29,0.65
2014,232,12.95,0.66
2014,233,14.11,0.67
2014,234,4.06,0.66
2014,235,7.71,0.66
2014,236,1.77,0.66
2014,237,4.03,0.64
2014,238,8.29,0.64
2014,239,7.7,0.65
2014,240,2.47,0.65
2014,241,3.16,0.64
2014,242,5.04,0.63
2014,243,3.37,0.64
2014,244,7.57,0.64
2014,245,10.36,0.65
2014,246,2.25,0.65
2014,247,2.92,0.64
2014,248,2.78,0.64
2014,249,3.04,0.63
2014,250,3.87,0.63
2014,251,4.34,0.63
2014,252,4.93,0.63
2014,253,8.36,0.64
2014,254,2.82,0.64
2014,255,5.58,0.64
2014,256,8.14,0.64
2014,257,4.79,0.64
2014,258,10.69,0.64
2014,259,19.33,0.66
2014,260,11.26,0.68
2014,261,6.03,0.68
2014,262,10.95,0.67
2014,263,8.78,0.68
2014,264,6.2,0.67
2014,265,7.32,0.67
2014,266,17.13,0.68
2014,267,19.75,0.7
2014,268,7.28,0.7
2014,269,9.52,0.7
2014,270,5.4,0.7
2014,271,4.35,0.68
2014,272,5.15,0.68
2014,273,4.69,0.67
2014,274,9.36,0.68
2014,275,7.45,0.68
2014,276,8.39,0.69
2014,277,2.93,0.69
2014,278,5.91,0.68
2014,279,3.79,0.68
2014,280,4.61,0.68
2014,281,7.34,0.68
2014,282,2.66,0.68
2014,283,2.56,0.67
2014,284,5.98,0.67
2014,285,8.33,0.67
2014,286,6.3,0.68
2014,287,7.45,0.69
2014,288,3.67,0.68
2014,289,2.87,0.68
2014,290,3.06,0.67
2014,291,1.1,0.66
2014,292,1.83,0.66
2014,293,4.95,0.66
2014,294,1.6,0.66
2014,295,1.7,0.66
2014,296,0.83,0.65
2014,297,0.61,0.65
2014,298,1.24,0.64
2014,299,3.13,0.64
2014,300,1.79,0.64
2014,301,2.7,0.64
2014,302,5.36,0.64
2014,303,5.88,0.65
2014,304,2.6,0.66
2014,305,2.83,0.66
2014,306,2.57,0.65
2014,307,7.12,0.65
2014,308,15.17,0.66
2014,309,10.66,0.67
2014,310,3.98,0.68
2014,311,3.14,0.67
2014,312,3.1,0.66
2014,313,4.32,0.66
2014,314,3.46,0.66
2014,315,3.21,0.66
2014,316,1.5,0.66
2014,317,1.58,0.65
2014,318,2.26,0.65
2014,319,0.95,0.64
2014,320,1.78,0.64
2014,321,3.59,0.64
2014,322,1.79,0.64
2014,323,1.67,0.63
2014,324,3.06,0.63
2014,325,2.17,0.63
2014,326,2.23,0.63
2014,327,3.76,0.63
2014,328,4.67,0.63
2014,329,2.69,0.63
2014,330,2.03,0.63
2014,331,5.17,0.63
2014,332,4.71,0.64
2014,333,2.46,0.64
2014,334,3.99,0.64
2014,335,3.28,0.64
2014,336,1.58,0.63
2014,337,3.16,0.63
2014,338,1.74,0.63
2014,339,2.97,0.62
2014,340,5.75,0.62
2014,341,0.93,0.62
2014,342,0.56,0.62
2014,343,0.55,0.62
2014,344,0.14,0.61
2014,345,0.23,0.6
2014,346,0.03,0.6
2014,347,0.0,0.59
2014,348,0.02,0.59
2014,349,0.0,0.59
2014,350,0.0,0.59
2014,351,0.02,0.59
2014,352,2.22,0.59
2014,353,3.84,0.59
2014,354,0.5,0.59
2014,355,0.18,0.59
2014,356,0.0,0.59
2014,357,0.11,0.58
2014,358,0.01,0.58
2014,359,0.0,0.58
2014,360,0.0,0.57
2014,361,0.0,0.57
2014,362,0.0,0.56
2014,363,0.0,0.56
2014,364,0.0,0.55
2014,365,0.0,0.55
2015,1,0.0,0.55
2015,2,0.0,0.55
2015,3,0.0,0.54
2015,4,0.0,0.54
2015,5,0.0,0.53
2015,6,0.0,0.53
2015,7,0.0,0.53
2015,8,0.0,0.52
2015,9,0.0,0.52
2015,10,0.0,0.52
2015,11,0.0,0.52
2015,12,0.0,0.52
2015,13,0.0,0.52
2015,14,0.0,0.52
2015,15,0.0,0.52
2015,16,0.0,0.52
2015,17,0.0,0.52
2015,18,0.02,0.51
2015,19,0.03,0.51
2015,20,0.05,0.51
2015,21,1.34,0.51
2015,22,1.45,0.51
2015,23,1.44,0.51
2015,24,0.12,0.5
2015,25,0.13,0.5
2015,26,0.03,0.49
2015,27,0.02,0.49
2015,28,0.01,0.48
2015,29,0.01,0.48
2015,30,0.01,0.48
2015,31,0.14,0.48
2015,32,0.7,0.48
2015,33,0.69,0.48
2015,34,1.5,0.48
2015,35,1.31,0.48
2015,36,4.08,0.48
2015,37,6.89,0.49
2015,38,2.17,0.5
2015,39,1.78,0.49
2015,40,6.31,0.5
2015,41,3.95,0.51
2015,42,7.6,0.52
2015,43,24.98,0.55
2015,44,0.31,0.56
2015,45,2.4,0.55
2015,46,3.67,0.55
2015,47,6.71,0.55
2015,48,0.47,0.55
2015,49,0.24,0.53
2015,50,7.23,0.53
2015,51,1.98,0.53
2015,52,15.52,0.55
2015,53,7.05,0.56
2015,54,0.29,0.55
2015,55,0.22,0.54
2015,56,0.12,0.52
2015,57,0.21,0.52
2015,58,0.75,0.51
2015,59,0.39,0.5
2015,60,0.01,0.49
2015,61,0.0,0.48
2015,62,0.0,0.48
2015,63,0.37,0.48
2015,64,2.15,0.47
2015,65,2.86,0.48
2015,66,0.78,0.48
2015,67,0.95,0.47
2015,68,1.79,0.47
2015,69,14.56,0.49
2015,70,1.66,0.49
2015,71,4.65,0.49
2015,72,15.23,0.51
2015,73,3.62,0.52
2015,74,3.64,0.52
2015,75,6.52,0.52
2015,76,3.85,0.52
2015,77,1.58,0.52
2015,78,0.24,0.52
2015,79,0.77,0.51
2015,80,4.74,0.51
2015,81,3.12,0.51
2015,82,3.05,0.52
2015,83,2.11,0.51
2015,84,3.09,0.51
2015,85,2.17,0.5
2015,86,4.89,0.51
2015,87,0.56,0.5
2015,88,0.4,0.5
2015,89,1.05,0.49
2015,90,0.96,0.48
2015,91,0.59,0.48
2015,92,1.56,0.48
2015,93,1.71,0.47
2015,94,2.55,0.48
2015,95,0.67,0.48
2015,96,2.24,0.47
2015,97,6.5,0.48
2015,98,8.73,0.49
2015,99,7.82,0.51
2015,100,0.63,0.51
2015,101,6.38,0.51
2015,102,16.22,0.53
2015,103,0.64,0.53
2015,104,1.74,0.52
2015,105,0.45,0.52
2015,106,0.39,0.51
2015,107,0.1,0.5
2015,108,0.41,0.48
2015,109,2.19,0.48
2015,110,2.55,0.48
2015,111,8.14,0.49
2015,112,8.08,0.5
2015,113,7.62,0.51
2015,114,8.21,0.52
2015,115,1.82,0.52
2015,116,5.41,0.52
2015,117,1.69,0.52
2015,118,3.03,0.52
2015,119,4.99,0.52
2015,120,2.98,0.52
2015,121,8.17,0.51
2015,122,7.77,0.52
2015,123,6.9,0.53
2015,124,16.64,0.55
2015,125,5.08,0.55
2015,126,0.35,0.54
2015,127,0.56,0.53
2015,128,1.14,0.52
2015,129,1.03,0.51
2015,130,1.05,0.51
2015,131,3.03,0.51
2015,132,5.75,0.51
2015,133,5.1,0.51
2015,134,4.96,0.51
2015,135,3.17,0.51
2015,136,3.37,0.51
2015,137,3.34,0.5
2015,138,13.81,0.51
2015,139,14.53,0.55
2015,140,0.72,0.54
2015,141,2.77,0.53
2015,142,5.07,0.52
2015,143,5.38,0.52
2015,144,4.57,0.53
2015,145,5.15,0.53
2015,146,2.6,0.52
2015,147,4.54,0.52
2015,148,2.62,0.52
2015,149,1.26,0.52
2015,150,2.47,0.51
2015,151,3.77,0.51
2015,152,7.27,0.52
2015,153,11.04,0.53
2015,154,11.03,0.54
2015,155,4.23,0.55
2015,156,8.44,0.55
2015,157,1.93,0.55
2015,158,4.93,0.54
2015,159,9.12,0.55
2015,160,10.37,0.55
2015,161,15.09,0.57
2015,162,8.47,0.59
2015,163,2.74,0.58
2015,164,4.14,0.57
2015,165,7.98,0.57
2015,166,2.64,0.57
2015,167,1.49,0.55
2015,168,1.99,0.55
2015,169,1.43,0.54
2015,170,1.37,0.53
2015,171,2.53,0.53
2015,172,3.16,0.52
2015,173,3.48,0.52
2015,174,1.35,0.52
2015,175,2.75,0.52
2015,176,0.84,0.51
2015,177,1.39,0.51
2015,178,2.48,0.5
2015,179,4.66,0.5
2015,180,1.93,0.51
2015,181,3.77,0.5
2015,182,3.67,0.5
2015,183,5.36,0.5
2015,184,12.92,0.52
2015,185,10.34,0.53
2015,186,0.93,0.53
2015,187,1.16,0.52
2015,188,1.62,0.52
2015,189,2.18,0.51
2015,190,1.97,0.51
2015,191,4.26,0.52
2015,192,7.77,0.52
2015,193,8.04,0.53
2015,194,10.9,0.54
2015,195,5.88,0.55
2015,196,4.25,0.55
2015,197,5.82,0.55
2015,198,2.2,0.54
2015,199,1.86,0.53
2015,200,2.63,0.53
2015,201,2.36,0.52
2015,202,9.45,0.52
2015,203,5.93,0.53
2015,204,0.76,0.53
2015,205,1.03,0.52
2015,206,1.97,0.52
2015,207,0.61,0.51
2015,208,0.49,0.5
2015,209,1.23,0.5
2015,210,0.29,0.49
2015,211,0.1,0.48
2015,212,0.19,0.48
2015,213,0.54,0.48
2015,214,0.99,0.48
2015,215,1.36,0.48
2015,216,2.2,0.48
2015,217,0.29,0.47
2015,218,1.08,0.47
2015,219,5.98,0.48
2015,220,2.18,0.48
2015,221,1.4,0.48
2015,222,7.0,0.48
2015,223,8.78,0.49
2015,224,1.67,0.49
2015,225,2.23,0.49
2015,226,3.31,0.48
2015,227,3.85,0.48
2015,228,2.77,0.48
2015,229,1.9,0.48
2015,230,2.42,0.48
2015,231,4.64,0.48
2015,232,6.4,0.48
2015,233,8.75,0.5
2015,234,6.22,0.51
2015,235,1.96,0.51
2015,236,6.17,0.51
2015,237,5.79,0.52
2015,238,1.77,0.51
2015,239,16.78,0.51
2015,240,7.01,0.53
2015,241,0.74,0.52
2015,242,1.31,0.52
2015,243,2.15,0.51
2015,244,2.21,0.5
2015,245,5.69,0.5
2015,246,0.6,0.5
2015,247,1.65,0.49
2015,248,3.27,0.48
2015,249,1.8,0.48
2015,250,1.46,0.48
2015,251,0.99,0.48
2015,252,3.96,0.47
2015,253,1.01,0.47
2015,254,0.64,0.46
2015,255,2.61,0.46
2015,256,3.78,0.46
2015,257,3.37,0.46
2015,258,6.75,0.47
2015,259,4.74,0.48
2015,260,3.04,0.48
2015,261,0.68,0.47
2015,262,1.69,0.46
2015,263,1.33,0.46
2015,264,1.98,0.45
2015,265,1.44,0.45
2015,266,11.97,0.47
2015,267,4.01,0.48
2015,268,12.05,0.48
2015,269,13.3,0.5
2015,270,9.85,0.52
2015,271,9.29,0.52
2015,272,53.76,0.59
2015,273,6.7,0.6
2015,274,9.51,0.6
2015,275,3.15,0.59
2015,276,5.06,0.58
2015,277,4.26,0.57
2015,278,10.28,0.56
2015,279,8.79,0.56
2015,280,19.83,0.58
2015,281,3.66,0.59
2015,282,2.15,0.57
2015,283,7.29,0.56
2015,284,5.93,0.56
2015,285,9.93,0.57
2015,286,7.44,0.58
2015,287,8.85,0.58
2015,288,8.86,0.59
2015,289,4.67,0.59
2015,290,2.5,0.58
2015,291,4.65,0.57
2015,292,4.69,0.56
2015,293,7.86,0.56
2015,294,8.76,0.58
2015,295,8.74,0.58
2015,296,9.96,0.59
2015,297,2.78,0.59
2015,298,3.59,0.57
2015,299,6.73,0.57
2015,300,6.52,0.57
2015,301,6.1,0.57
2015,302,3.39,0.57
2015,303,5.22,0.57
2015,304,18.36,0.58
2015,305,22.0,0.61
2015,306,3.87,0.62
2015,307,0.6,0.6
2015,308,3.03,0.59
2015,309,2.62,0.59
2015,310,2.87,0.58
2015,311,5.93,0.58
2015,312,2.74,0.58
2015,313,3.89,0.57
2015,314,6.63,0.57
2015,315,7.24,0.59
2015,316,1.37,0.58
2015,317,0.76,0.57
2015,318,0.16,0.56
2015,319,0.06,0.55
2015,320,0.03,0.54
2015,321,0.3,0.53
2015,322,0.59,0.53
2015,323,0.78,0.52
2015,324,0.13,0.52
2015,325,0.83,0.52
2015,326,1.52,0.51
2015,327,0.2,0.51
2015,328,0.2,0.51
2015,329,2.68,0.5
2015,330,3.61,0.51
2015,331,0.41,0.51
2015,332,0.24,0.5
2015,333,0.13,0.49
2015,334,0.02,0.49
2015,335,0.05,0.48
2015,336,2.3,0.48
2015,337,3.26,0.48
2015,338,3.4,0.49
2015,339,0.52,0.49
2015,340,0.8,0.49
2015,341,0.0,0.48
2015,342,0.0,0.48
2015,343,0.0,0.48
2015,344,0.0,0.48
2015,345,0.0,0.48
2015,346,0.03,0.47
2015,347,0.04,0.47
2015,348,0.01,0.47
2015,349,0.01,0.46
2015,350,0.0,0.46
2015,351,0.0,0.46
2015,352,0.0,0.45
2015,353,0.0,0.45
2015,354,0.0,0.45
2015,355,0.0,0.45
2015,356,0.0,0.45
2015,357,0.0,0.45
2015,358,0.0,0.45
2015,359,0.0,0.45
2015,360,0.0,0.44
2015,361,0.0,0.44
2015,362,0.0,0.44
2015,363,0.0,0.44
2015,364,0.0,0.44
2015,365,0.0,0.43
2016,1,0.0,0.43
2016,2,0.0,0.43
2016,3,0.0,0.43
2016,4,0.0,0.43
2016,5,0.0,0.43
2016,6,0.0,0.43
2016,7,0.0,0.43
2016,8,0.0,0.42
2016,9,0.0,0.42
2016,10,0.0,0.42
2016,11,0.0,0.42
2016,12,0.0,0.41
2016,13,0.0,0.41
2016,14,0.0,0.41
2016,15,0.0,0.41
2016,16,0.09,0.41
2016,17,0.09,0.41
2016,18,0.14,0.41
2016,19,0.06,0.41
2016,20,0.25,0.41
2016,21,0.27,0.41
2016,22,0.01,0.41
2016,23,0.0,0.41
2016,24,0.0,0.41
2016,25,0.03,0.41
2016,26,0.0,0.41
2016,27,0.0,0.41
2016,28,0.0,0.41
2016,29,0.0,0.41
2016,30,0.0,0.41
2016,31,0.0,0.4
2016,32,0.0,0.4
2016,33,0.0,0.4
2016,34,0.0,0.4
2016,35,0.0,0.4
2016,36,0.0,0.4
2016,37,0.0,0.4
2016,38,0.0,0.4
2016,39,0.0,0.4
2016,40,0.0,0.4
2016,41,0.0,0.39
2016,42,0.0,0.39
2016,43,0.0,0.39
2016,44,0.0,0.39
2016,45,0.0,0.39
2016,46,0.0,0.39
2016,47,0.0,0.39
2016,48,0.01,0.39
2016,49,0.0,0.39
2016,50,0.0,0.39
2016,51,0.04,0.39
2016,52,0.0,0.39
2016,53,0.12,0.38
2016,54,0.97,0.39
2016,55,0.01,0.39
2016,56,0.04,0.39
2016,57,0.04,0.39
2016,58,1.15,0.39
2016,59,0.99,0.39
2016,60,5.44,0.39
2016,61,6.41,0.41
2016,62,0.0,0.41
2016,63,0.0,0.4
2016,64,0.0,0.4
2016,65,0.0,0.39
2016,66,0.0,0.39
2016,67,1.08,0.39
2016,68,3.56,0.4
2016,69,2.22,0.4
2016,70,4.87,0.41
2016,71,7.13,0.41
2016,72,7.35,0.42
2016,73,5.59,0.43
2016,74,8.32,0.44
2016,75,0.99,0.44
2016,76,2.56,0.43
2016,77,7.8,0.44
2016,78,9.68,0.45
2016,79,4.51,0.46
2016,80,1.94,0.45
2016,81,5.55,0.45
2016,82,8.48,0.46
2016,83,4.95,0.46
2016,84,5.1,0.46
2016,85,1.21,0.46
2016,86,1.49,0.45
2016,87,0.53,0.44
2016,88,0.68,0.43
2016,89,0.6,0.42
2016,90,1.49,0.42
2016,91,0.96,0.42
2016,92,1.99,0.42
2016,93,0.62,0.42
2016,94,0.83,0.41
2016,95,2.95,0.41
2016,96,8.8,0.42
2016,97,5.66,0.44
2016,98,2.16,0.44
2016,99,2.15,0.44
2016,100,3.2,0.44
2016,101,8.9,0.45
2016,102,7.56,0.45
2016,103,5.98,0.46
2016,104,7.7,0.46
2016,105,4.64,0.46
2016,106,11.15,0.47
2016,107,3.45,0.48
2016,108,2.15,0.47
2016,109,4.77,0.47
2016,110,1.33,0.46
2016,111,1.02,0.45
2016,112,1.11,0.45
2016,113,0.03,0.44
2016,114,0.08,0.43
2016,115,0.29,0.43
2016,116,0.61,0.42
2016,117,1.16,0.42
2016,118,2.16,0.41
2016,119,3.0,0.42
2016,120,0.83,0.42
2016,121,0.92,0.41
2016,122,0.27,0.41
2016,123,2.02,0.41
2016,124,0.65,0.41
2016,125,0.26,0.41
2016,126,0.32,0.41
2016,127,5.82,0.41
2016,128,3.23,0.41
2016,129,2.57,0.41
2016,130,2.53,0.41
2016,131,0.93,0.41
2016,132,2.18,0.41
2016,133,6.6,0.42
2016,134,5.12,0.43
2016,135,0.73,0.43
2016,136,0.68,0.42
2016,137,4.23,0.42
2016,138,21.95,0.45
2016,139,6.25,0.46
2016,140,0.15,0.45
2016,141,2.22,0.45
2016,142,6.78,0.45
2016,143,4.08,0.45
2016,144,2.77,0.45
2016,145,6.48,0.45
2016,146,14.59,0.46
2016,147,8.02,0.47
2016,148,13.87,0.49
2016,149,5.2,0.5
2016,150,11.24,0.49
2016,151,7.62,0.5
2016,152,3.91,0.5
2016,153,4.31,0.48
2016,154,6.36,0.48
2016,155,4.34,0.48
2016,156,0.53,0.48
2016,157,1.93,0.47
2016,158,12.47,0.47
2016,159,3.47,0.48
2016,160,8.61,0.48
2016,161,11.83,0.49
2016,162,8.51,0.51
2016,163,3.62,0.51
2016,164,2.76,0.5
2016,165,42.65,0.53
2016,166,5.79,0.58
2016,167,0.61,0.55
2016,168,5.02,0.54
2016,169,11.86,0.55
2016,170,0.5,0.53
2016,171,1.18,0.52
2016,172,9.02,0.52
2016,173,9.48,0.52
2016,174,8.86,0.52
2016,175,7.17,0.53
2016,176,10.54,0.53
2016,177,6.67,0.53
2016,178,2.29,0.53
2016,179,5.28,0.52
2016,180,8.46,0.52
2016,181,1.83,0.52
2016,182,6.19,0.52
2016,183,5.97,0.52
2016,184,2.94,0.52
2016,185,10.85,0.52
2016,186,14.21,0.53
2016,187,2.23,0.54
2016,188,3.48,0.53
2016,189,3.1,0.52
2016,190,2.23,0.52
2016,191,1.89,0.51
2016,192,4.28,0.51
2016,193,7.45,0.52
2016,194,2.1,0.52
2016,195,1.5,0.51
2016,196,4.87,0.51
2016,197,5.47,0.51
2016,198,2.31,0.51
2016,199,7.13,0.5
2016,200,12.62,0.52
2016,201,12.99,0.54
2016,202,2.47,0.53
2016,203,1.39,0.53
2016,204,0.14,0.52
2016,205,0.66,0.51
2016,206,1.2,0.5
2016,207,36.9,0.53
2016,208,6.8,0.56
2016,209,3.35,0.55
2016,210,3.19,0.55
2016,211,5.04,0.54
2016,212,4.64,0.54
2016,213,4.24,0.54
2016,214,1.79,0.53
2016,215,2.11,0.52
2016,216,5.69,0.52
2016,217,5.24,0.52
2016,218,2.28,0.52
2016,219,3.84,0.52
2016,220,5.52,0.52
2016,221,1.6,0.52
2016,222,4.19,0.51
2016,223,9.42,0.52
2016,224,2.06,0.52
2016,225,3.63,0.52
2016,226,8.74,0.52
2016,227,10.18,0.52
2016,228,17.03,0.55
2016,229,1.74,0.55
2016,230,7.69,0.54
2016,231,8.45,0.55
2016,232,14.02,0.56
2016,233,6.35,0.56
2016,234,7.03,0.56
2016,235,2.16,0.56
2016,236,4.49,0.55
2016,237,6.79,0.55
2016,238,10.13,0.55
2016,239,4.7,0.56
2016,240,6.84,0.55
2016,241,47.58,0.62
2016,242,7.2,0.63
2016,243,7.53,0.62
2016,244,15.41,0.62
2016,245,3.72,0.62
2016,246,3.45,0.61
2016,247,3.91,0.6
2016,248,4.2,0.59
2016,249,13.71,0.59
2016,250,8.83,0.61
2016,251,4.44,0.6
2016,252,4.58,0.6
2016,253,3.56,0.59
2016,254,3.89,0.59
2016,255,10.29,0.59
2016,256,3.24,0.59
2016,257,1.17,0.58
2016,258,4.35,0.58
2016,259,8.36,0.59
2016,260,3.99,0.59
2016,261,4.77,0.59
2016,262,3.98,0.58
2016,263,3.72,0.58
2016,264,3.46,0.57
2016,265,8.85,0.58
2016,266,9.36,0.59
2016,267,6.67,0.59
2016,268,4.32,0.59
2016,269,3.6,0.59
2016,270,65.97,0.61
2016,271,20.85,0.71
2016,272,4.74,0.69
2016,273,12.27,0.68
2016,274,3.35,0.67
2016,275,8.64,0.66
2016,276,16.78,0.66
2016,277,4.64,0.66
2016,278,3.29,0.65
2016,279,3.4,0.64
2016,280,7.54,0.63
2016,281,6.05,0.63
2016,282,9.28,0.63
2016,283,56.31,0.66
2016,284,5.59,0.73
2016,285,2.83,0.7
2016,286,5.37,0.68
2016,287,3.38,0.66
2016,288,7.45,0.66
2016,289,12.78,0.66
2016,290,7.35,0.67
2016,291,4.41,0.66
2016,292,7.07,0.66
2016,293,4.3,0.66
2016,294,3.35,0.66
2016,295,5.49,0.65
2016,296,11.21,0.66
2016,297,0.65,0.66
2016,298,0.29,0.65
2016,299,0.5,0.64
2016,300,1.08,0.63
2016,301,0.88,0.62
2016,302,1.12,0.62
2016,303,1.55,0.62
2016,304,2.29,0.62
2016,305,4.25,0.62
2016,306,4.55,0.62
2016,307,2.73,0.62
2016,308,2.5,0.62
2016,309,2.56,0.62
2016,310,0.53,0.62
2016,311,0.32,0.62
2016,312,0.54,0.61
2016,313,0.17,0.61
2016,314,0.12,0.6
2016,315,0.06,0.59
2016,316,0.18,0.59
2016,317,1.52,0.59
2016,318,2.05,0.59
2016,319,5.38,0.59
2016,320,4.99,0.6
2016,321,2.65,0.6
2016,322,0.4,0.59
2016,323,0.25,0.59
2016,324,0.47,0.58
2016,325,1.15,0.58
2016,326,2.22,0.57
2016,327,3.72,0.58
2016,328,3.34,0.58
2016,329,2.88,0.59
2016,330,1.48,0.59
2016,331,2.91,0.59
2016,332,0.93,0.59
2016,333,3.09,0.59
2016,334,3.3,0.59
2016,335,2.76,0.59
2016,336,0.49,0.58
2016,337,4.73,0.58
2016,338,4.88,0.58
2016,339,1.48,0.58
2016,340,2.49,0.57
2016,341,6.04,0.58
2016,342,0.37,0.58
2016,343,1.69,0.57
2016,344,0.8,0.57
2016,345,0.08,0.57
2016,346,0.57,0.56
2016,347,2.35,0.55
2016,348,0.48,0.55
2016,349,0.02,0.55
2016,350,0.13,0.55
2016,351,0.14,0.54
2016,352,0.03,0.54
2016,353,0.1,0.53
2016,354,0.01,0.53
2016,355,0.03,0.53
2016,356,0.03,0.52
2016,357,0.02,0.52
2016,358,0.0,0.52
2016,359,0.0,0.52
2016,360,0.03,0.52
2016,361,0.0,0.51
2016,362,0.0,0.51
2016,363,0.0,0.5
2016,364,0.0,0.5
2016,365,0.0,0.5
2016,366,0.0,0.5
2017,1,0.01,0.49
2017,2,0.02,0.49
2017,3,0.01,0.49
2017,4,0.0,0.48
2017,5,0.0,0.48
2017,6,0.0,0.48
2017,7,0.0,0.48
2017,8,0.02,0.48
2017,9,0.02,0.48
2017,10,0.01,0.47
2017,11,1.08,0.47
2017,12,0.37,0.47
2017,13,3.33,0.47
2017,14,0.0,0.47
2017,15,0.0,0.47
2017,16,0.0,0.46
2017,17,0.14,0.46
2017,18,2.84,0.46
2017,19,5.04,0.47
2017,20,1.04,0.47
2017,21,0.48,0.47
2017,22,0.47,0.47
2017,23,0.04,0.46
2017,24,0.01,0.46
2017,25,0.01,0.45
2017,26,0.0,0.45
2017,27,0.0,0.45
2017,28,0.0,0.45
2017,29,0.0,0.45
2017,30,0.0,0.44
2017,31,0.06,0.44
2017,32,1.14,0.44
2017,33,2.2,0.45
2017,34,0.22,0.45
2017,35,2.18,0.45
2017,36,0.01,0.44
2017,37,0.01,0.44
2017,38,0.0,0.44
2017,39,0.0,0.43
2017,40,0.0,0.43
2017,41,1.3,0.43
2017,42,1.76,0.44
2017,43,8.17,0.45
2017,44,15.27,0.47
2017,45,0.87,0.48
2017,46,0.01,0.47
2017,47,0.1,0.46
2017,48,0.54,0.45
2017,49,0.08,0.45
2017,50,0.05,0.45
2017,51,0.05,0.45
2017,52,0.49,0.44
2017,53,7.47,0.45
2017,54,4.93,0.46
2017,55,3.6,0.46
2017,56,5.25,0.47
2017,57,2.56,0.47
2017,58,0.97,0.48
2017,59,0.24,0.47
2017,60,0.82,0.46
2017,61,0.76,0.46
2017,62,1.19,0.45
2017,63,2.13,0.45
2017,64,1.4,0.45
2017,65,1.47,0.45
2017,66,1.07,0.45
2017,67,0.12,0.45
2017,68,0.17,0.44
2017,69,0.57,0.43
2017,70,1.33,0.43
2017,71,7.87,0.44
2017,72,2.48,0.45
2017,73,4.17,0.45
2017,74,1.18,0.45
2017,75,1.29,0.45
2017,76,3.7,0.45
2017,77,5.67,0.45
2017,78,7.8,0.45
2017,79,5.81,0.47
2017,80,5.84,0.47
2017,81,2.86,0.48
2017,82,4.09,0.48
2017,83,11.53,0.48
2017,84,6.31,0.5
2017,85,1.45,0.49
2017,86,3.38,0.48
2017,87,2.66,0.48
2017,88,8.65,0.49
2017,89,7.38,0.5
2017,90,0.54,0.49
2017,91,0.83,0.48
2017,92,2.99,0.48
2017,93,7.42,0.48
2017,94,1.63,0.48
2017,95,1.88,0.47
2017,96,6.28,0.48
2017,97,3.85,0.47
2017,98,5.65,0.48
2017,99,2.74,0.48
2017,100,4.13,0.48
2017,101,0.14,0.47
2017,102,0.23,0.47
2017,103,0.01,0.46
2017,104,0.02,0.45
2017,105,0.02,0.45
2017,106,6.06,0.45
2017,107,3.9,0.45
2017,108,3.17,0.45
2017,109,3.44,0.45
2017,110,11.3,0.46
2017,111,12.98,0.48
2017,112,1.83,0.48
2017,113,0.2,0.48
2017,114,5.06,0.47
2017,115,9.54,0.48
2017,116,7.1,0.49
2017,117,4.95,0.49
2017,118,8.83,0.49
2017,119,0.74,0.49
2017,120,0.22,0.48
2017,121,0.52,0.47
2017,122,2.77,0.47
2017,123,4.53,0.46
2017,124,10.12,0.48
2017,125,1.84,0.48
2017,126,1.5,0.47
2017,127,3.88,0.47
2017,128,5.54,0.47
2017,129,1.15,0.46
2017,130,1.27,0.45
2017,131,5.36,0.45
2017,132,10.87,0.47
2017,133,3.38,0.48
2017,134,7.48,0.48
2017,135,2.98,0.48
2017,136,0.87,0.48
2017,137,1.99,0.47
2017,138,9.41,0.48
2017,139,12.62,0.5
2017,140,6.57,0.5
2017,141,4.37,0.5
2017,142,2.3,0.49
2017,143,2.13,0.48
2017,144,6.96,0.48
2017,145,5.89,0.49
2017,146,0.97,0.48
2017,147,5.11,0.48
2017,148,2.41,0.48
2017,149,3.6,0.48
2017,150,15.17,0.49
2017,151,5.37,0.5
2017,152,0.93,0.49
2017,153,3.2,0.48
2017,154,6.39,0.49
2017,155,2.34,0.49
2017,156,4.86,0.49
2017,157,7.29,0.49
2017,158,2.03,0.49
2017,159,2.38,0.48
2017,160,5.89,0.48
2017,161,22.81,0.51
2017,162,17.17,0.55
2017,163,9.83,0.55
2017,164,13.37,0.56
2017,165,14.98,0.58
2017,166,8.98,0.58
2017,167,9.51,0.58
2017,168,1.98,0.57
2017,169,2.91,0.56
2017,170,6.51,0.55
2017,171,16.18,0.55
2017,172,10.06,0.58
2017,173,0.24,0.56
2017,174,2.51,0.55
2017,175,35.37,0.57
2017,176,13.97,0.62
2017,177,1.52,0.6
2017,178,9.28,0.59
2017,179,2.2,0.59
2017,180,8.59,0.59
2017,181,2.48,0.58
2017,182,5.18,0.57
2017,183,9.24,0.57
2017,184,5.07,0.58
2017,185,6.02,0.57
2017,186,7.68,0.57
2017,187,2.86,0.57
2017,188,6.54,0.57
2017,189,5.0,0.57
2017,190,5.31,0.56
2017,191,11.39,0.58
2017,192,1.02,0.58
2017,193,0.3,0.56
2017,194,0.4,0.55
2017,195,1.98,0.54
2017,196,1.18,0.53
2017,197,0.97,0.53
2017,198,1.29,0.52
2017,199,4.1,0.52
2017,200,7.02,0.53
2017,201,2.86,0.53
2017,202,4.33,0.53
2017,203,2.77,0.52
2017,204,10.11,0.53
2017,205,2.75,0.54
2017,206,4.62,0.54
2017,207,2.92,0.53
2017,208,5.2,0.53
2017,209,5.01,0.54
2017,210,4.78,0.54
2017,211,9.2,0.55
2017,212,1.47,0.55
2017,213,11.21,0.55
2017,214,6.21,0.55
2017,215,8.35,0.55
2017,216,3.11,0.55
2017,217,8.88,0.55
2017,218,7.44,0.56
2017,219,0.92,0.55
2017,220,2.33,0.55
2017,221,2.28,0.54
2017,222,1.93,0.54
2017,223,0.99,0.53
2017,224,1.07,0.52
2017,225,3.04,0.52
2017,226,4.04,0.52
2017,227,10.56,0.53
2017,228,0.63,0.53
2017,229,1.45,0.52
2017,230,3.04,0.52
2017,231,2.32,0.52
2017,232,0.75,0.51
2017,233,1.5,0.5
2017,234,33.84,0.55
2017,235,0.48,0.55
2017,236,4.51,0.55
2017,237,8.22,0.55
2017,238,6.94,0.56
2017,239,3.81,0.56
2017,240,1.0,0.55
2017,241,3.4,0.55
2017,242,10.74,0.55
2017,243,7.95,0.56
2017,244,7.88,0.56
2017,245,8.16,0.57
2017,246,6.66,0.57
2017,247,6.6,0.57
2017,248,1.69,0.56
2017,249,2.13,0.55
2017,250,9.17,0.55
2017,251,33.6,0.6
2017,252,4.83,0.61
2017,253,3.36,0.6
2017,254,3.12,0.59
2017,255,6.18,0.59
2017,256,4.95,0.59
2017,257,1.02,0.57
2017,258,3.11,0.56
2017,259,2.59,0.56
2017,260,5.36,0.55
2017,261,3.28,0.56
2017,262,1.15,0.55
2017,263,3.87,0.55
2017,264,4.45,0.55
2017,265,15.6,0.55
2017,266,33.37,0.62
2017,267,7.63,0.62
2017,268,3.02,0.61
2017,269,7.35,0.6
2017,270,2.03,0.6
2017,271,5.31,0.59
2017,272,6.75,0.59
2017,273,5.11,0.59
2017,274,7.25,0.59
2017,275,7.29,0.6
2017,276,3.56,0.59
2017,277,6.29,0.59
2017,278,4.64,0.59
2017,279,6.82,0.59
2017,280,6.75,0.59
2017,281,4.42,0.6
2017,282,3.01,0.59
2017,283,4.58,0.59
2017,284,9.78,0.59
2017,285,2.77,0.59
2017,286,2.54,0.59
2017,287,1.85,0.58
2017,288,3.64,0.58
2017,289,0.73,0.57
2017,290,2.52,0.56
2017,291,1.01,0.55
2017,292,0.77,0.55
2017,293,0.8,0.55
2017,294,0.33,0.54
2017,295,0.77,0.53
2017,296,0.6,0.53
2017,297,1.18,0.52
2017,298,4.05,0.52
2017,299,2.43,0.53
2017,300,1.89,0.54
2017,301,0.75,0.54
2017,302,1.01,0.53
2017,303,0.72,0.53
2017,304,1.32,0.52
2017,305,1.23,0.52
2017,306,2.5,0.52
2017,307,1.15,0.52
2017,308,4.45,0.53
2017,309,2.49,0.53
2017,310,3.85,0.53
2017,311,1.2,0.53
2017,312,1.16,0.53
2017,313,2.4,0.53
2017,314,2.44,0.53
2017,315,0.46,0.52
2017,316,0.16,0.52
2017,317,0.24,0.51
2017,318,0.39,0.5
2017,319,1.14,0.5
2017,320,2.63,0.5
2017,321,2.17,0.51
2017,322,0.45,0.5
2017,323,1.48,0.5
2017,324,2.77,0.5
2017,325,1.28,0.5
2017,326,1.4,0.5
2017,327,1.81,0.5
2017,328,3.44,0.5
2017,329,2.35,0.5
2017,330,1.08,0.5
2017,331,0.01,0.49
2017,332,0.0,0.48
2017,333,0.0,0.48
2017,334,0.01,0.48
2017,335,0.0,0.47
2017,336,0.02,0.47
2017,337,0.05,0.46
2017,338,0.07,0.46
2017,339,0.07,0.46
2017,340,0.04,0.46
2017,341,0.06,0.46
2017,342,0.1,0.46
2017,343,0.08,0.45
2017,344,0.0,0.45
2017,345,0.0,0.45
2017,346,0.0,0.45
2017,347,0.0,0.45
2017,348,0.32,0.45
2017,349,0.72,0.45
2017,350,0.64,0.45
2017,351,0.04,0.45
2017,352,0.0,0.45
2017,353,0.13,0.44
2017,354,0.09,0.44
2017,355,0.16,0.44
2017,356,0.0,0.44
2017,357,0.0,0.44
2017,358,0.0,0.43
2017,359,0.0,0.43
2017,360,0.0,0.43
2017,361,0.0,0.43
2017,362,0.0,0.43
2017,363,0.0,0.43
2017,364,0.0,0.42
2017,365,0.0,0.42
2018,1,0.0,0.42
2018,2,0.0,0.42
2018,3,0.0,0.42
2018,4,0.0,0.42
2018,5,0.0,0.42
2018,6,0.0,0.42
2018,7,0.07,0.42
2018,8,0.32,0.42
2018,9,0.38,0.42
2018,10,0.04,0.41
2018,11,0.0,0.41
2018,12,0.0,0.41
2018,13,0.0,0.41
2018,14,0.0,0.41
2018,15,0.0,0.41
2018,16,0.01,0.41
2018,17,0.11,0.41
2018,18,0.04,0.41
2018,19,0.01,0.41
2018,20,0.01,0.41
2018,21,0.0,0.41
2018,22,0.0,0.41
2018,23,0.01,0.41
2018,24,0.01,0.4
2018,25,0.0,0.4
2018,26,0.0,0.4
2018,27,0.01,0.4
2018,28,0.31,0.4
2018,29,0.07,0.4
2018,30,0.0,0.4
2018,31,0.0,0.4
2018,32,0.06,0.4
2018,33,0.64,0.4
2018,34,0.69,0.4
2018,35,0.02,0.4
2018,36,0.02,0.4
2018,37,0.01,0.4
2018,38,0.01,0.4
2018,39,0.0,0.39
2018,40,0.0,0.39
2018,41,0.0,0.39
2018,42,0.0,0.39
2018,43,0.0,0.39
2018,44,0.0,0.38
2018,45,0.0,0.38
2018,46,1.02,0.38
2018,47,0.13,0.38
2018,48,0.44,0.38
2018,49,1.77,0.38
2018,50,9.25,0.4
2018,51,53.8,0.45
2018,52,8.46,0.52
2018,53,0.34,0.51
2018,54,2.2,0.49
2018,55,5.57,0.48
2018,56,4.46,0.49
2018,57,14.51,0.5
2018,58,8.91,0.51
2018,59,2.91,0.51
2018,60,3.27,0.5
2018,61,1.32,0.49
2018,62,0.13,0.48
2018,63,1.52,0.47
2018,64,3.02,0.46
2018,65,17.04,0.48
2018,66,6.7,0.48
2018,67,0.84,0.48
2018,68,1.57,0.47
2018,69,2.68,0.47
2018,70,1.68,0.47
2018,71,5.63,0.47
2018,72,4.77,0.47
2018,73,2.99,0.47
2018,74,7.92,0.47
2018,75,33.65,0.5
2018,76,1.27,0.53
2018,77,1.22,0.52
2018,78,3.11,0.51
2018,79,2.3,0.5
2018,80,4.2,0.49
2018,81,9.75,0.5
2018,82,0.88,0.5
2018,83,4.23,0.49
2018,84,1.54,0.48
2018,85,2.44,0.48
2018,86,1.0,0.48
2018,87,0.28,0.47
2018,88,0.22,0.46
2018,89,1.74,0.45
2018,90,5.14,0.46
2018,91,9.75,0.48
2018,92,0.02,0.47
2018,93,0.32,0.47
2018,94,1.72,0.46
2018,95,5.4,0.46
2018,96,1.01,0.46
2018,97,3.7,0.46
2018,98,3.3,0.46
2018,99,0.49,0.45
2018,100,1.07,0.45
2018,101,0.27,0.45
2018,102,1.87,0.45
2018,103,19.34,0.46
2018,104,1.21,0.48
2018,105,1.04,0.47
2018,106,7.67,0.48
2018,107,8.52,0.48
2018,108,9.16,0.49
2018,109,11.61,0.51
2018,110,8.97,0.52
2018,111,0.78,0.52
2018,112,1.37,0.5
2018,113,5.79,0.49
2018,114,2.14,0.49
2018,115,3.66,0.48
2018,116,27.84,0.52
2018,117,2.94,0.53
2018,118,3.48,0.52
2018,119,2.07,0.52
2018,120,4.3,0.51
2018,121,3.95,0.51
2018,122,2.96,0.51
2018,123,4.02,0.5
2018,124,9.53,0.5
2018,125,10.77,0.51
2018,126,12.6,0.53
2018,127,0.48,0.52
2018,128,2.25,0.52
2018,129,2.38,0.51
2018,130,5.37,0.51
2018,131,11.28,0.52
2018,132,0.69,0.52
2018,133,1.35,0.51
2018,134,0.46,0.5
2018,135,1.56,0.49
2018,136,3.54,0.48
2018,137,25.54,0.49
2018,138,0.65,0.53
2018,139,1.49,0.52
2018,140,2.38,0.5
2018,141,2.6,0.5
2018,142,4.64,0.5
2018,143,5.96,0.5
2018,144,2.9,0.5
2018,145,2.28,0.5
2018,146,4.8,0.49
2018,147,5.42,0.5
2018,148,7.77,0.51
2018,149,4.59,0.51
2018,150,4.22,0.51
2018,151,5.92,0.51
2018,152,6.1,0.52
2018,153,3.39,0.51
2018,154,3.23,0.51
2018,155,2.02,0.51
2018,156,1.3,0.5
2018,157,0.49,0.49
2018,158,4.45,0.49
2018,159,4.4,0.49
2018,160,2.77,0.49
2018,161,6.36,0.5
2018,162,8.35,0.51
2018,163,2.18,0.5
2018,164,2.55,0.5
2018,165,2.49,0.49
2018,166,6.93,0.49
2018,167,15.33,0.51
2018,168,21.07,0.55
2018,169,22.7,0.56
2018,170,30.16,0.61
2018,171,2.17,0.62
2018,172,4.31,0.6
2018,173,37.02,0.63
2018,174,4.57,0.62
2018,175,16.21,0.62
2018,176,28.22,0.66
2018,177,7.91,0.65
2018,178,8.08,0.64
2018,179,5.57,0.63
2018,180,6.46,0.62
2018,181,3.97,0.61
2018,182,15.32,0.61
2018,183,15.94,0.63
2018,184,1.94,0.62
2018,185,5.08,0.61
2018,186,6.36,0.6
2018,187,20.41,0.62
2018,188,7.33,0.63
2018,189,1.33,0.62
2018,190,3.33,0.6
2018,191,0.55,0.59
2018,192,1.48,0.59
2018,193,5.49,0.59
2018,194,2.93,0.59
2018,195,3.54,0.59
2018,196,1.89,0.58
2018,197,1.97,0.57
2018,198,4.04,0.57
2018,199,8.41,0.58
2018,200,0.73,0.58
2018,201,4.05,0.57
2018,202,5.13,0.57
2018,203,2.14,0.58
2018,204,1.57,0.57
2018,205,7.54,0.57
2018,206,10.02,0.58
2018,207,1.78,0.59
2018,208,0.11,0.58
2018,209,1.68,0.57
2018,210,1.11,0.56
2018,211,0.66,0.55
2018,212,0.06,0.55
2018,213,0.2,0.54
2018,214,0.32,0.53
2018,215,0.75,0.53
2018,216,1.83,0.53
2018,217,0.25,0.52
2018,218,0.38,0.52
2018,219,1.29,0.52
2018,220,1.96,0.52
2018,221,2.32,0.52
2018,222,4.62,0.52
2018,223,3.78,0.52
2018,224,2.05,0.52
2018,225,3.46,0.52
2018,226,5.45,0.52
2018,227,3.39,0.53
2018,228,1.58,0.52
2018,229,10.85,0.52
2018,230,9.5,0.55
2018,231,8.33,0.55
2018,232,7.33,0.56
2018,233,3.62,0.56
2018,234,20.89,0.57
2018,235,10.72,0.6
2018,236,7.96,0.59
2018,237,16.31,0.61
2018,238,17.86,0.62
2018,239,5.82,0.63
2018,240,2.47,0.62
2018,241,6.49,0.61
2018,242,4.39,0.6
2018,243,6.94,0.6
2018,244,15.46,0.61
2018,245,4.6,0.61
2018,246,13.43,0.62
2018,247,5.68,0.62
2018,248,9.14,0.62
2018,249,3.88,0.61
2018,250,8.33,0.62
2018,251,15.2,0.62
2018,252,4.63,0.63
2018,253,4.77,0.62
2018,254,5.58,0.62
2018,255,7.48,0.62
2018,256,6.0,0.62
2018,257,0.59,0.62
2018,258,1.6,0.61
2018,259,1.12,0.6
2018,260,2.83,0.59
2018,261,3.33,0.59
2018,262,2.53,0.59
2018,263,3.0,0.59
2018,264,2.96,0.59
2018,265,4.68,0.59
2018,266,16.17,0.6
2018,267,2.31,0.62
2018,268,0.92,0.61
2018,269,19.78,0.62
2018,270,1.17,0.63
2018,271,3.45,0.62
2018,272,6.0,0.62
2018,273,6.81,0.62
2018,274,43.16,0.68
2018,275,1.93,0.68
2018,276,0.91,0.66
2018,277,2.37,0.65
2018,278,6.07,0.64
2018,279,7.83,0.64
2018,280,8.6,0.65
2018,281,0.22,0.64
2018,282,0.32,0.63
2018,283,0.56,0.62
2018,284,0.65,0.62
2018,285,0.33,0.61
2018,286,5.31,0.61
2018,287,8.82,0.61
2018,288,4.21,0.62
2018,289,8.57,0.62
2018,290,2.11,0.62
2018,291,3.01,0.62
2018,292,1.88,0.62
2018,293,0.79,0.61
2018,294,2.72,0.6
2018,295,6.68,0.6
2018,296,1.35,0.61
2018,297,0.35,0.6
2018,298,0.79,0.59
2018,299,0.42,0.59
2018,300,1.57,0.59
2018,301,7.19,0.59
2018,302,7.51,0.6
2018,303,7.17,0.62
2018,304,2.82,0.61
2018,305,4.01,0.61
2018,306,1.47,0.6
2018,307,1.72,0.59
2018,308,1.47,0.59
2018,309,2.56,0.59
2018,310,1.72,0.59
2018,311,0.66,0.59
2018,312,0.35,0.58
2018,313,0.63,0.58
2018,314,0.44,0.57
2018,315,0.21,0.57
2018,316,0.58,0.56
2018,317,0.34,0.56
2018,318,0.78,0.55
2018,319,3.25,0.55
2018,320,1.18,0.55
2018,321,2.66,0.55
2018,322,2.43,0.56
2018,323,2.99,0.55
2018,324,4.64,0.56
2018,325,0.44,0.56
2018,326,0.09,0.55
2018,327,0.61,0.55
2018,328,2.13,0.55
2018,329,1.05,0.55
2018,330,0.83,0.54
2018,331,1.61,0.54
2018,332,0.68,0.54
2018,333,0.83,0.53
2018,334,2.48,0.53
2018,335,3.34,0.53
2018,336,0.4,0.53
2018,337,0.01,0.52
2018,338,0.03,0.52
2018,339,0.15,0.52
2018,340,0.68,0.52
2018,341,0.0,0.51
2018,342,0.0,0.51
2018,343,0.0,0.5
2018,344,0.0,0.5
2018,345,0.0,0.49
2018,346,4.24,0.5
2018,347,4.02,0.51
2018,348,1.04,0.51
2018,349,0.01,0.5
2018,350,0.0,0.5
2018,351,0.0,0.49
2018,352,0.0,0.48
2018,353,0.13,0.48
2018,354,0.68,0.48
2018,355,4.94,0.48
2018,356,0.01,0.48
2018,357,0.0,0.48
2018,358,0.0,0.48
2018,359,0.0,0.48
2018,360,0.0,0.47
2018,361,0.0,0.47
2018,362,0.0,0.47
2018,363,0.0,0.47
2018,364,0.0,0.46
2018,365,0.0,0.46
2019,1,0.0,0.46
2019,2,0.0,0.45
2019,3,0.0,0.45
2019,4,0.0,0.45
2019,5,0.0,0.45
2019,6,0.0,0.45
2019,7,0.0,0.45
2019,8,0.0,0.45
2019,9,0.0,0.45
2019,10,0.0,0.44
2019,11,0.04,0.44
2019,12,0.03,0.44
2019,13,0.0,0.44
2019,14,0.0,0.44
2019,15,0.01,0.44
2019,16,0.24,0.44
2019,17,1.14,0.44
2019,18,3.76,0.44
2019,19,6.38,0.45
2019,20,0.17,0.45
2019,21,0.0,0.45
2019,22,0.0,0.44
2019,23,0.0,0.44
2019,24,0.0,0.43
2019,25,0.01,0.43
2019,26,0.0,0.43
2019,27,0.0,0.43
2019,28,0.0,0.42
2019,29,0.0,0.42
2019,30,0.01,0.42
2019,31,3.71,0.42
2019,32,5.93,0.43
2019,33,16.79,0.45
2019,34,3.71,0.47
2019,35,9.73,0.47
2019,36,8.29,0.5
2019,37,0.76,0.49
2019,38,0.22,0.48
2019,39,0.05,0.47
2019,40,0.12,0.46
2019,41,0.0,0.45
2019,42,0.0,0.45
2019,43,0.0,0.44
2019,44,0.0,0.44
2019,45,0.0,0.43
2019,46,0.0,0.43
2019,47,0.02,0.42
2019,48,0.26,0.42
2019,49,8.46,0.43
2019,50,10.75,0.45
2019,51,0.37,0.46
2019,52,0.09,0.45
2019,53,0.01,0.45
2019,54,0.02,0.45
2019,55,0.01,0.44
2019,56,0.35,0.44
2019,57,0.11,0.43
2019,58,0.07,0.43
2019,59,0.0,0.42
2019,60,0.0,0.42
2019,61,0.02,0.41
2019,62,0.0,0.41
2019,63,0.0,0.41
2019,64,0.06,0.41
2019,65,0.05,0.41
2019,66,0.09,0.41
2019,67,0.02,0.41
2019,68,0.28,0.41
2019,69,0.1,0.41
2019,70,0.02,0.41
2019,71,0.4,0.41
2019,72,0.14,0.4
2019,73,0.37,0.4
2019,74,2.25,0.4
2019,75,0.71,0.41
2019,76,7.14,0.41
2019,77,2.23,0.42
2019,78,0.92,0.41
2019,79,15.45,0.43
2019,80,1.16,0.45
2019,81,3.55,0.45
2019,82,0.39,0.44
2019,83,0.43,0.44
2019,84,3.85,0.44
2019,85,0.85,0.44
2019,86,7.61,0.44
2019,87,4.02,0.45
2019,88,6.56,0.45
2019,89,1.99,0.45
2019,90,4.01,0.45
2019,91,2.21,0.45
2019,92,8.37,0.45
2019,93,10.94,0.47
2019,94,8.57,0.48
2019,95,12.85,0.49
2019,96,0.5,0.49
2019,97,2.24,0.48
2019,98,7.33,0.48
2019,99,0.28,0.48
2019,100,4.21,0.47
2019,101,13.31,0.48
2019,102,1.92,0.49
2019,103,3.84,0.48
2019,104,9.77,0.48
2019,105,3.06,0.48
2019,106,10.93,0.48
2019,107,4.6,0.5
2019,108,3.65,0.48
2019,109,30.56,0.52
2019,110,1.3,0.52
2019,111,0.65,0.51
2019,112,4.22,0.5
2019,113,1.54,0.5
2019,114,0.64,0.49
2019,115,0.49,0.48
2019,116,16.81,0.48
2019,117,0.23,0.49
2019,118,1.92,0.48
2019,119,5.43,0.48
2019,120,4.56,0.48
2019,121,5.43,0.49
2019,122,6.52,0.5
2019,123,1.34,0.49
2019,124,17.42,0.5
2019,125,0.93,0.51
2019,126,0.2,0.5
2019,127,0.69,0.49
2019,128,0.3,0.48
2019,129,0.77,0.48
2019,130,0.45,0.47
2019,131,1.29,0.47
2019,132,1.22,0.46
2019,133,2.76,0.46
2019,134,2.49,0.46
2019,135,0.53,0.46
2019,136,0.72,0.45
2019,137,5.42,0.45
2019,138,11.93,0.46
2019,139,2.89,0.47
2019,140,4.4,0.47
2019,141,5.14,0.48
2019,142,21.17,0.5
2019,143,6.71,0.51
2019,144,1.38,0.51
2019,145,1.95,0.5
2019,146,0.49,0.49
2019,147,0.58,0.48
2019,148,0.24,0.48
2019,149,0.76,0.47
2019,150,1.27,0.46
2019,151,8.0,0.47
2019,152,5.4,0.48
2019,153,4.04,0.48
2019,154,4.92,0.48
2019,155,21.79,0.49
2019,156,7.47,0.52
2019,157,4.98,0.52
2019,158,13.15,0.52
2019,159,5.17,0.53
2019,160,4.66,0.52
2019,161,7.56,0.52
2019,162,4.3,0.53
2019,163,3.0,0.52
2019,164,1.36,0.51
2019,165,6.05,0.51
2019,166,1.68,0.51
2019,167,0.77,0.5
2019,168,0.69,0.49
2019,169,0.7,0.48
2019,170,0.58,0.48
2019,171,11.01,0.48
2019,172,8.66,0.48
2019,173,12.02,0.5
2019,174,13.47,0.52
2019,175,18.91,0.54
2019,176,2.75,0.55
2019,177,3.09,0.54
2019,178,3.63,0.53
2019,179,4.64,0.52
2019,180,5.86,0.52
2019,181,8.31,0.53
2019,182,2.62,0.52
2019,183,6.51,0.52
2019,184,14.0,0.53
2019,185,10.39,0.55
2019,186,2.76,0.55
2019,187,1.04,0.54
2019,188,1.71,0.52
2019,189,1.95,0.52
2019,190,1.54,0.52
2019,191,1.01,0.51
2019,192,0.11,0.5
2019,193,4.18,0.5
2019,194,3.0,0.5
2019,195,0.87,0.49
2019,196,0.22,0.48
2019,197,8.63,0.48
2019,198,8.95,0.49
2019,199,11.54,0.51
2019,200,14.12,0.52
2019,201,24.57,0.58
2019,202,3.57,0.57
2019,203,10.64,0.57
2019,204,5.48,0.57
2019,205,2.52,0.55
2019,206,4.02,0.55
2019,207,4.38,0.55
2019,208,8.84,0.55
2019,209,13.78,0.56
2019,210,9.65,0.57
2019,211,2.82,0.57
2019,212,1.44,0.55
2019,213,5.02,0.55
2019,214,9.43,0.55
2019,215,7.61,0.56
2019,216,1.54,0.55
2019,217,2.75,0.55
2019,218,6.17,0.55
2019,219,0.91,0.54
2019,220,3.91,0.53
2019,221,5.73,0.54
2019,222,2.27,0.54
2019,223,1.92,0.53
2019,224,0.95,0.52
2019,225,3.72,0.52
2019,226,4.27,0.52
2019,227,3.36,0.52
2019,228,4.44,0.52
2019,229,10.6,0.52
2019,230,35.22,0.59
2019,231,4.63,0.59
2019,232,28.56,0.61
2019,233,7.39,0.62
2019,234,1.25,0.6
2019,235,2.83,0.59
2019,236,7.87,0.59
2019,237,2.72,0.58
2019,238,12.97,0.58
2019,239,42.9,0.64
2019,240,30.95,0.67
2019,241,9.58,0.68
2019,242,4.7,0.66
2019,243,8.48,0.65
2019,244,10.42,0.65
2019,245,6.62,0.64
2019,246,4.13,0.63
2019,247,3.41,0.62
2019,248,11.65,0.62
2019,249,19.0,0.65
2019,250,15.43,0.65
2019,251,75.22,0.74
2019,252,30.41,0.77
2019,253,9.76,0.76
2019,254,3.65,0.73
2019,255,2.49,0.7
2019,256,2.36,0.69
2019,257,5.64,0.67
2019,258,8.12,0.67
2019,259,17.34,0.69
2019,260,4.01,0.69
2019,261,10.61,0.69
2019,262,7.56,0.68
2019,263,9.32,0.69
2019,264,8.35,0.69
2019,265,9.12,0.69
2019,266,11.11,0.7
2019,267,9.18,0.7
2019,268,7.19,0.69
2019,269,6.48,0.7
2019,270,7.27,0.69
2019,271,8.86,0.7
2019,272,1.09,0.69
2019,273,1.17,0.68
2019,274,3.12,0.67
2019,275,3.44,0.67
2019,276,2.47,0.66
2019,277,2.74,0.66
2019,278,6.42,0.67
2019,279,22.66,0.7
2019,280,5.64,0.7
2019,281,4.28,0.7
2019,282,5.0,0.69
2019,283,3.15,0.68
2019,284,6.58,0.68
2019,285,24.94,0.7
2019,286,5.31,0.71
2019,287,2.6,0.7
2019,288,0.83,0.69
2019,289,1.73,0.68
2019,290,1.44,0.68
2019,291,3.33,0.67
2019,292,3.26,0.67
2019,293,2.16,0.67
2019,294,3.16,0.67
2019,295,5.27,0.67
2019,296,9.63,0.68
2019,297,1.94,0.69
2019,298,2.53,0.68
2019,299,0.85,0.67
2019,300,1.73,0.67
2019,301,7.18,0.67
2019,302,54.07,0.74
2019,303,3.23,0.73
2019,304,12.57,0.73
2019,305,1.81,0.72
2019,306,2.39,0.71
2019,307,5.02,0.7
2019,308,3.3,0.7
2019,309,0.88,0.7
2019,310,0.37,0.69
2019,311,1.61,0.68
2019,312,1.73,0.68
2019,313,0.16,0.67
2019,314,0.1,0.66
2019,315,0.32,0.66
2019,316,3.8,0.66
2019,317,5.38,0.66
2019,318,10.76,0.67
2019,319,3.72,0.68
2019,320,1.69,0.68
2019,321,0.12,0.67
2019,322,0.11,0.67
2019,323,0.22,0.66
2019,324,0.02,0.66
2019,325,0.0,0.66
2019,326,0.74,0.65
2019,327,0.78,0.65
2019,328,2.55,0.65
2019,329,1.68,0.65
2019,330,1.04,0.65
2019,331,0.54,0.65
2019,332,0.88,0.64
2019,333,0.47,0.64
2019,334,0.35,0.63
2019,335,0.24,0.63
2019,336,0.26,0.63
2019,337,0.47,0.62
2019,338,0.08,0.62
2019,339,0.16,0.62
2019,340,0.37,0.62
2019,341,0.64,0.62
2019,342,1.58,0.62
2019,343,0.95,0.62
2019,344,0.15,0.62
2019,345,0.05,0.62
2019,346,0.38,0.61
2019,347,1.77,0.61
2019,348,3.24,0.61
2019,349,1.51,0.61
2019,350,0.4,0.61
2019,351,0.03,0.6
2019,352,0.03,0.59
2019,353,0.02,0.59
2019,354,0.0,0.59
2019,355,0.04,0.59
2019,356,0.0,0.59
2019,357,0.0,0.58
2019,358,0.0,0.58
2019,359,0.0,0.57
2019,360,0.0,0.57
2019,361,0.01,0.56
2019,362,0.02,0.56
2019,363,0.0,0.56
2019,364,0.0,0.55
2019,365,0.0,0.55
2020,1,0.01,0.55
2020,2,0.0,0.55
2020,3,0.0,0.54
2020,4,0.0,0.54
2020,5,0.0,0.54
2020,6,0.0,0.53
2020,7,0.0,0.53
2020,8,0.0,0.53
2020,9,0.0,0.53
2020,10,0.0,0.52
2020,11,0.25,0.52
2020,12,0.01,0.52
2020,13,0.0,0.52
2020,14,0.0,0.52
2020,15,0.0,0.52
2020,16,0.0,0.51
2020,17,0.0,0.51
2020,18,0.0,0.5
2020,19,0.0,0.5
2020,20,0.02,0.5
2020,21,0.37,0.5
2020,22,0.44,0.5
2020,23,0.02,0.5
2020,24,0.0,0.5
2020,25,0.0,0.49
2020,26,0.0,0.49
2020,27,0.0,0.49
2020,28,0.0,0.48
2020,29,0.0,0.48
2020,30,0.0,0.48
2020,31,0.0,0.48
2020,32,0.01,0.48
2020,33,0.02,0.48
2020,34,0.0,0.47
2020,35,0.0,0.47
2020,36,0.0,0.46
2020,37,0.0,0.46
2020,38,0.0,0.46
2020,39,0.0,0.45
2020,40,0.0,0.45
2020,41,1.66,0.45
2020,42,1.43,0.45
2020,43,0.0,0.45
2020,44,0.0,0.45
2020,45,0.0,0.45
2020,46,0.0,0.45
2020,47,0.0,0.45
2020,48,0.0,0.44
2020,49,0.03,0.44
2020,50,0.14,0.44
2020,51,0.25,0.44
2020,52,0.85,0.44
2020,53,0.45,0.44
2020,54,0.4,0.44
2020,55,0.23,0.44
2020,56,3.05,0.44
2020,57,0.03,0.44
2020,58,9.17,0.45
2020,59,12.64,0.46
2020,60,6.58,0.48
2020,61,4.29,0.48
2020,62,1.37,0.48
2020,63,2.37,0.48
2020,64,2.06,0.47
2020,65,4.34,0.47
2020,66,2.32,0.48
2020,67,2.61,0.47
2020,68,1.4,0.47
2020,69,11.58,0.47
2020,70,48.14,0.52
2020,71,1.31,0.57
2020,72,0.05,0.55
2020,73,0.07,0.53
2020,74,1.23,0.52
2020,75,6.37,0.52
2020,76,0.11,0.52
2020,77,4.12,0.51
2020,78,14.57,0.52
2020,79,1.8,0.52
2020,80,2.19,0.52
2020,81,4.23,0.52
2020,82,8.71,0.52
2020,83,14.8,0.55
2020,84,7.81,0.55
2020,85,2.78,0.55
2020,86,4.12,0.54
2020,87,1.72,0.53
2020,88,0.85,0.52
2020,89,1.86,0.52
2020,90,0.34,0.51
2020,91,1.02,0.5
2020,92,8.05,0.52
2020,93,1.07,0.52
2020,94,3.19,0.51
2020,95,11.48,0.52
2020,96,6.18,0.52
2020,97,8.91,0.53
2020,98,9.99,0.55
2020,99,10.16,0.55
2020,100,5.96,0.56
2020,101,4.44,0.55
2020,102,1.48,0.55
2020,103,1.43,0.54
2020,104,0.93,0.53
2020,105,4.05,0.52
2020,106,2.37,0.52
2020,107,0.21,0.52
2020,108,0.35,0.5
2020,109,1.41,0.5
2020,110,2.07,0.5
2020,111,11.31,0.52
2020,112,0.83,0.52
2020,113,0.63,0.51
2020,114,6.32,0.51
2020,115,2.87,0.52
2020,116,3.15,0.51
2020,117,12.66,0.52
2020,118,1.15,0.52
2020,119,2.36,0.52
2020,120,4.74,0.51
2020,121,9.6,0.52
2020,122,0.94,0.52
2020,123,3.48,0.52
2020,124,6.63,0.52
2020,125,5.97,0.52
2020,126,6.11,0.52
2020,127,5.57,0.52
2020,128,6.35,0.53
2020,129,4.37,0.52
2020,130,5.69,0.53
2020,131,4.89,0.52
2020,132,21.93,0.54
2020,133,0.38,0.55
2020,134,0.36,0.54
2020,135,0.72,0.53
2020,136,2.07,0.52
2020,137,11.73,0.53
2020,138,18.11,0.55
2020,139,11.27,0.58
2020,140,3.42,0.57
2020,141,8.27,0.56
2020,142,2.27,0.56
2020,143,2.9,0.55
2020,144,3.02,0.54
2020,145,2.88,0.54
2020,146,6.23,0.53
2020,147,7.94,0.55
2020,148,3.44,0.54
2020,149,4.33,0.54
2020,150,6.97,0.54
2020,151,2.78,0.54
2020,152,1.98,0.54
2020,153,6.22,0.54
2020,154,9.26,0.55
2020,155,2.04,0.55
2020,156,3.88,0.55
2020,157,9.91,0.55
2020,158,14.15,0.56
2020,159,9.57,0.58
2020,160,1.39,0.57
2020,161,11.36,0.56
2020,162,20.37,0.59
2020,163,6.21,0.61
2020,164,3.88,0.59
2020,165,9.25,0.59
2020,166,9.57,0.59
2020,167,2.34,0.59
2020,168,1.42,0.58
2020,169,8.37,0.58
2020,170,8.8,0.59
2020,171,3.72,0.59
2020,172,2.52,0.58
2020,173,1.83,0.57
2020,174,4.4,0.57
2020,175,2.74,0.56
2020,176,4.24,0.56
2020,177,19.33,0.57
2020,178,13.96,0.6
2020,179,10.92,0.61
2020,180,7.21,0.61
2020,181,14.54,0.61
2020,182,3.3,0.61
2020,183,6.59,0.6
2020,184,13.54,0.61
2020,185,17.45,0.62
2020,186,20.5,0.64
2020,187,0.47,0.64
2020,188,0.3,0.62
2020,189,1.01,0.61
2020,190,1.72,0.6
2020,191,2.17,0.59
2020,192,6.71,0.59
2020,193,5.02,0.6
2020,194,1.56,0.59
2020,195,2.61,0.59
2020,196,6.9,0.59
2020,197,0.4,0.59
2020,198,0.22,0.58
2020,199,2.45,0.58
2020,200,1.36,0.57
2020,201,2.92,0.57
2020,202,4.66,0.57
2020,203,8.36,0.58
2020,204,10.25,0.59
2020,205,7.41,0.6
2020,206,5.63,0.59
2020,207,4.11,0.6
2020,208,1.17,0.59
2020,209,2.29,0.59
2020,210,2.08,0.58
2020,211,1.65,0.57
2020,212,4.46,0.57
2020,213,7.58,0.57
2020,214,12.29,0.59
2020,215,2.61,0.59
2020,216,0.36,0.59
2020,217,0.23,0.57
2020,218,0.17,0.56
2020,219,1.22,0.55
2020,220,1.89,0.55
2020,221,2.61,0.55
2020,222,0.31,0.55
2020,223,0.66,0.54
2020,224,6.46,0.55
2020,225,0.25,0.55
2020,226,0.03,0.54
2020,227,6.49,0.54
2020,228,29.57,0.58
2020,229,3.79,0.59
2020,230,3.04,0.59
2020,231,7.99,0.58
2020,232,3.84,0.59
2020,233,1.64,0.57
2020,234,2.16,0.56
2020,235,5.08,0.56
2020,236,5.49,0.57
2020,237,0.23,0.56
2020,238,0.37,0.55
2020,239,0.82,0.55
2020,240,2.95,0.54
2020,241,9.86,0.55
2020,242,4.5,0.55
2020,243,2.69,0.55
2020,244,2.58,0.55
2020,245,1.07,0.55
2020,246,5.68,0.55
2020,247,28.02,0.59
2020,248,8.52,0.6
2020,249,10.14,0.59
2020,250,26.18,0.64
2020,251,1.76,0.62
2020,252,33.84,0.64
2020,253,11.26,0.68
2020,254,5.01,0.66
2020,255,6.09,0.65
2020,256,15.65,0.65
2020,257,9.42,0.66
2020,258,3.42,0.65
2020,259,6.77,0.63
2020,260,7.59,0.63
2020,261,6.53,0.63
2020,262,1.65,0.62
2020,263,5.59,0.62
2020,264,5.11,0.62
2020,265,0.99,0.62
2020,266,1.29,0.61
2020,267,6.59,0.6
2020,268,13.68,0.62
2020,269,2.18,0.62
2020,270,4.09,0.62
2020,271,2.92,0.62
2020,272,1.38,0.61
2020,273,1.52,0.6
2020,274,4.26,0.6
2020,275,3.89,0.6
2020,276,6.92,0.61
2020,277,16.81,0.63
2020,278,3.06,0.63
2020,279,11.67,0.63
2020,280,5.43,0.63
2020,281,9.77,0.65
2020,282,9.9,0.65
2020,283,5.86,0.65
2020,284,8.16,0.65
2020,285,10.89,0.65
2020,286,30.42,0.69
2020,287,4.13,0.68
2020,288,11.14,0.67
2020,289,14.23,0.68
2020,290,7.44,0.68
2020,291,1.24,0.66
2020,292,4.52,0.66
2020,293,3.98,0.65
2020,294,6.4,0.65
2020,295,4.0,0.65
2020,296,1.38,0.64
2020,297,1.36,0.63
2020,298,0.18,0.62
2020,299,0.42,0.62
2020,300,0.58,0.62
2020,301,0.67,0.61
2020,302,0.32,0.61
2020,303,0.28,0.6
2020,304,0.14,0.6
2020,305,0.22,0.59
2020,306,0.39,0.59
2020,307,1.93,0.59
2020,308,0.79,0.59
2020,309,1.23,0.59
2020,310,3.1,0.59
2020,311,1.4,0.59
2020,312,0.07,0.59
2020,313,0.43,0.59
2020,314,2.27,0.59
2020,315,1.5,0.59
2020,316,2.18,0.58
2020,317,0.51,0.58
2020,318,0.03,0.57
2020,319,0.1,0.56
2020,320,0.12,0.56
2020,321,0.27,0.55
2020,322,0.37,0.55
2020,323,0.58,0.55
2020,324,0.31,0.55
2020,325,0.15,0.55
2020,326,1.82,0.54
2020,327,0.57,0.55
2020,328,0.08,0.54
2020,329,0.19,0.54
2020,330,0.1,0.53
2020,331,0.02,0.53
2020,332,0.05,0.53
2020,333,0.09,0.52
2020,334,0.25,0.52
2020,335,0.23,0.52
2020,336,0.09,0.52
2020,337,0.07,0.52
2020,338,0.11,0.52
2020,339,0.03,0.51
2020,340,0.07,0.51
2020,341,0.1,0.5
2020,342,0.92,0.5
2020,343,4.8,0.5
2020,344,3.2,0.51
2020,345,3.01,0.51
2020,346,1.8,0.51
2020,347,2.87,0.51
2020,348,3.25,0.51
2020,349,9.8,0.52
2020,350,12.45,0.54
2020,351,9.12,0.55
2020,352,12.14,0.57
2020,353,0.74,0.57
2020,354,0.67,0.56
2020,355,0.66,0.55
2020,356,0.5,0.55
2020,357,0.06,0.53
2020,358,0.03,0.52
2020,359,0.61,0.52
2020,360,0.67,0.52
2020,361,0.1,0.51
2020,362,0.0,0.51
2020,363,0.0,0.5
2020,364,0.0,0.49
2020,365,0.0,0.49
2020,366,0.0,0.48
2021,1,0.14,0.48
2021,2,1.01,0.48
2021,3,3.48,0.48
2021,4,7.21,0.49
2021,5,12.51,0.51
2021,6,0.25,0.51
2021,7,0.48,0.51
2021,8,0.39,0.5
2021,9,1.16,0.5
2021,10,0.38,0.49
2021,11,1.61,0.49
2021,12,1.32,0.49
2021,13,0.18,0.49
2021,14,0.04,0.48
2021,15,0.02,0.48
2021,16,0.0,0.48
2021,17,0.01,0.47
2021,18,0.0,0.47
2021,19,0.0,0.46
2021,20,0.01,0.46
2021,21,0.0,0.46
2021,22,0.0,0.45
2021,23,0.0,0.45
2021,24,0.0,0.45
2021,25,0.0,0.45
2021,26,0.0,0.45
2021,27,0.0,0.45
2021,28,0.0,0.45
2021,29,0.0,0.45
2021,30,0.01,0.44
2021,31,0.0,0.44
2021,32,0.0,0.44
2021,33,0.0,0.44
2021,34,0.0,0.44
2021,35,0.0,0.43
2021,36,0.37,0.43
2021,37,0.99,0.43
2021,38,0.33,0.43
2021,39,0.65,0.43
2021,40,0.11,0.43
2021,41,0.15,0.43
2021,42,0.09,0.43
2021,43,0.22,0.42
2021,44,0.47,0.42
2021,45,2.23,0.42
2021,46,13.26,0.44
2021,47,18.65,0.48
2021,48,6.35,0.49
2021,49,13.09,0.5
2021,50,0.24,0.5
2021,51,0.0,0.49
2021,52,0.0,0.48
2021,53,0.0,0.47
2021,54,0.0,0.46
2021,55,0.0,0.45
2021,56,0.1,0.45
2021,57,0.33,0.45
2021,58,0.15,0.45
2021,59,1.21,0.44
2021,60,0.36,0.44
2021,61,0.09,0.44
2021,62,0.19,0.43
2021,63,0.42,0.43
2021,64,1.54,0.43
2021,65,2.38,0.43
2021,66,2.27,0.43
2021,67,2.2,0.44
2021,68,6.76,0.45
2021,69,4.76,0.45
2021,70,8.79,0.46
2021,71,0.65,0.46
2021,72,1.26,0.46
2021,73,1.19,0.46
2021,74,0.74,0.45
2021,75,0.64,0.45
2021,76,13.29,0.45
2021,77,6.49,0.48
2021,78,0.99,0.48
2021,79,3.1,0.48
2021,80,4.47,0.48
2021,81,4.33,0.48
2021,82,2.17,0.48
2021,83,3.35,0.48
2021,84,0.65,0.48
2021,85,0.43,0.47
2021,86,3.52,0.46
2021,87,4.31,0.46
2021,88,2.89,0.46
2021,89,0.63,0.46
2021,90,0.43,0.45
2021,91,0.17,0.45
2021,92,0.65,0.44
2021,93,0.8,0.44
2021,94,1.92,0.44
2021,95,3.19,0.44
2021,96,2.64,0.44
2021,97,2.47,0.45
2021,98,3.25,0.45
2021,99,7.85,0.45
2021,100,2.05,0.46
2021,101,2.28,0.45
2021,102,2.63,0.45
2021,103,13.36,0.45
2021,104,75.12,0.57
2021,105,1.09,0.57
2021,106,11.21,0.55
2021,107,27.01,0.59
2021,108,6.56,0.59
2021,109,7.38,0.59
2021,110,2.13,0.57
2021,111,7.17,0.56
2021,112,2.41,0.55
2021,113,3.73,0.55
2021,114,13.49,0.55
2021,115,5.2,0.55
2021,116,0.78,0.54
2021,117,3.01,0.53
2021,118,3.17,0.53
2021,119,0.33,0.52
2021,120,0.72,0.51
2021,121,0.35,0.5
2021,122,3.74,0.5
2021,123,4.29,0.5
2021,124,0.65,0.5
2021,125,2.36,0.49
2021,126,0.57,0.49
2021,127,0.13,0.48
2021,128,1.15,0.48
2021,129,0.98,0.48
2021,130,0.7,0.47
2021,131,0.87,0.46
2021,132,0.99,0.46
2021,133,1.17,0.46
2021,134,2.39,0.45
2021,135,2.94,0.46
2021,136,4.74,0.47
2021,137,2.06,0.47
2021,138,5.81,0.47
2021,139,1.81,0.48
2021,140,2.41,0.47
2021,141,5.57,0.48
2021,142,1.68,0.48
2021,143,4.65,0.48
2021,144,6.71,0.48
2021,145,3.44,0.48
2021,146,2.27,0.48
2021,147,5.43,0.48
2021,148,4.39,0.48
2021,149,1.12,0.48
2021,150,7.83,0.48
2021,151,17.85,0.52
2021,152,0.74,0.52
2021,153,2.66,0.5
2021,154,2.92,0.5
2021,155,2.7,0.49
2021,156,8.43,0.49
2021,157,12.27,0.51
2021,158,5.53,0.52
2021,159,6.73,0.52
2021,160,13.37,0.52
2021,161,16.39,0.55
2021,162,2.49,0.55
2021,163,2.29,0.53
2021,164,4.08,0.52
2021,165,10.57,0.52
2021,166,20.02,0.55
2021,167,5.32,0.56
2021,168,1.19,0.55
2021,169,5.85,0.54
2021,170,13.93,0.55
2021,171,10.08,0.55
2021,172,10.39,0.56
2021,173,11.42,0.58
2021,174,28.04,0.58
2021,175,74.48,0.68
2021,176,16.69,0.68
2021,177,11.98,0.68
2021,178,6.31,0.66
2021,179,1.63,0.64
2021,180,4.18,0.62
2021,181,7.67,0.62
2021,182,10.3,0.62
2021,183,9.05,0.62
2021,184,9.32,0.62
2021,185,12.11,0.62
2021,186,5.63,0.62
2021,187,5.1,0.62
2021,188,1.78,0.61
2021,189,4.47,0.6
2021,190,7.37,0.6
2021,191,1.8,0.6
2021,192,1.05,0.59
2021,193,1.42,0.59
2021,194,1.38,0.58
2021,195,4.5,0.57
2021,196,18.91,0.59
2021,197,27.05,0.61
2021,198,17.99,0.66
2021,199,1.43,0.65
2021,200,6.41,0.63
2021,201,2.18,0.62
2021,202,1.2,0.61
2021,203,3.29,0.6
2021,204,3.45,0.59
2021,205,2.39,0.59
2021,206,5.79,0.59
2021,207,4.3,0.59
2021,208,3.54,0.59
2021,209,7.47,0.59
2021,210,4.01,0.59
2021,211,1.73,0.59
2021,212,12.82,0.59
2021,213,10.11,0.62
2021,214,0.59,0.61
2021,215,0.86,0.59
2021,216,3.85,0.59
2021,217,4.55,0.59
2021,218,1.61,0.59
2021,219,0.78,0.58
2021,220,4.95,0.58
2021,221,4.11,0.58
2021,222,3.34,0.58
2021,223,8.14,0.59
2021,224,17.5,0.6
2021,225,4.99,0.62
2021,226,0.13,0.6
2021,227,0.65,0.59
2021,228,0.57,0.59
2021,229,0.55,0.58
2021,230,0.4,0.57
2021,231,1.27,0.56
2021,232,8.41,0.57
2021,233,10.68,0.58
2021,234,46.13,0.65
2021,235,2.88,0.66
2021,236,6.13,0.65
2021,237,9.5,0.64
2021,238,12.02,0.66
2021,239,7.61,0.66
2021,240,7.28,0.65
2021,241,39.24,0.69
2021,242,4.42,0.7
2021,243,8.01,0.69
2021,244,1.92,0.67
2021,245,7.55,0.66
2021,246,6.64,0.66
2021,247,4.95,0.66
2021,248,8.05,0.66
2021,249,3.91,0.66
2021,250,0.74,0.65
2021,251,0.91,0.64
2021,252,4.99,0.64
2021,253,8.91,0.65
2021,254,9.78,0.65
2021,255,26.52,0.69
2021,256,2.09,0.68
2021,257,5.77,0.67
2021,258,23.98,0.69
2021,259,3.83,0.7
2021,260,7.76,0.69
2021,261,2.39,0.68
2021,262,4.51,0.67
2021,263,4.41,0.66
2021,264,2.98,0.66
2021,265,2.3,0.66
2021,266,5.47,0.66
2021,267,7.97,0.66
2021,268,11.32,0.67
2021,269,74.5,0.74
2021,270,0.8,0.74
2021,271,2.26,0.71
2021,272,4.12,0.7
2021,273,6.41,0.69
2021,274,13.45,0.69
2021,275,4.91,0.7
2021,276,2.18,0.69
2021,277,2.21,0.68
2021,278,3.83,0.67
2021,279,5.31,0.67
2021,280,3.72,0.67
2021,281,1.34,0.67
2021,282,2.99,0.66
2021,283,9.77,0.67
2021,284,8.18,0.68
2021,285,2.09,0.68
2021,286,2.38,0.67
2021,287,2.7,0.66
2021,288,1.54,0.66
2021,289,2.21,0.66
2021,290,1.01,0.66
2021,291,3.35,0.65
2021,292,6.13,0.66
2021,293,10.91,0.66
2021,294,19.42,0.7
2021,295,4.52,0.7
2021,296,7.37,0.7
2021,297,6.69,0.7
2021,298,11.65,0.7
2021,299,4.66,0.7
2021,300,4.08,0.69
2021,301,6.34,0.69
2021,302,5.22,0.69
2021,303,4.39,0.68
2021,304,2.82,0.68
2021,305,4.16,0.68
2021,306,0.58,0.67
2021,307,1.21,0.66
2021,308,3.14,0.66
2021,309,6.31,0.66
2021,310,4.2,0.67
2021,311,0.68,0.66
2021,312,3.5,0.66
2021,313,7.97,0.66
2021,314,5.04,0.67
2021,315,3.34,0.67
2021,316,6.46,0.67
2021,317,3.55,0.67
2021,318,0.9,0.67
2021,319,1.76,0.66
2021,320,3.49,0.66
2021,321,0.31,0.66
2021,322,0.82,0.66
2021,323,0.58,0.65
2021,324,0.3,0.65
2021,325,0.24,0.64
2021,326,0.46,0.64
2021,327,0.39,0.63
2021,328,0.09,0.63
2021,329,0.13,0.62
2021,330,0.18,0.62
2021,331,1.09,0.62
2021,332,0.64,0.62
2021,333,1.04,0.62
2021,334,0.58,0.62
2021,335,0.22,0.62
2021,336,0.0,0.62
2021,337,0.01,0.62
2021,338,0.0,0.61
2021,339,0.0,0.61
2021,340,0.0,0.6
2021,341,0.14,0.6
2021,342,0.08,0.6
2021,343,0.07,0.59
2021,344,0.08,0.59
2021,345,0.12,0.59
2021,346,0.03,0.59
2021,347,0.02,0.58
2021,348,0.14,0.58
2021,349,0.6,0.58
2021,350,0.47,0.58
2021,351,0.04,0.57
2021,352,0.04,0.57
2021,353,0.02,0.56
2021,354,0.03,0.56
2021,355,0.0,0.56
2021,356,0.0,0.55
2021,357,0.0,0.55
2021,358,0.01,0.55
2021,359,0.04,0.55
2021,360,0.12,0.55
2021,361,0.25,0.55
2021,362,0.04,0.54
2021,363,0.26,0.54
2021,364,0.19,0.54
2021,365,0.51,0.53
2022,1,3.58,0.54
2022,2,5.38,0.55
2022,3,0.43,0.55
2022,4,0.31,0.54
2022,5,8.21,0.55
2022,6,0.0,0.55
2022,7,0.0,0.54
2022,8,0.0,0.54
2022,9,0.0,0.53
2022,10,0.01,0.52
2022,11,0.04,0.52
2022,12,0.03,0.52
2022,13,0.01,0.52
2022,14,0.18,0.51
2022,15,0.06,0.51
2022,16,0.0,0.51
2022,17,0.0,0.5
2022,18,0.0,0.5
2022,19,0.0,0.49
2022,20,0.0,0.49
2022,21,0.0,0.49
2022,22,0.0,0.48
2022,23,0.0,0.48
2022,24,0.0,0.48
2022,25,0.0,0.48
2022,26,0.0,0.48
2022,27,0.0,0.48
2022,28,0.0,0.47
2022,29,0.0,0.47
2022,30,0.0,0.47
2022,31,0.0,0.46
2022,32,0.0,0.46
2022,33,0.0,0.46
2022,34,0.0,0.45
2022,35,0.0,0.45
2022,36,0.0,0.45
2022,37,0.02,0.45
2022,38,0.02,0.45
2022,39,0.01,0.45
2022,40,0.0,0.45
2022,41,0.07,0.45
2022,42,0.19,0.45
2022,43,0.31,0.45
2022,44,0.11,0.44
2022,45,2.86,0.44
2022,46,0.0,0.44
2022,47,0.0,0.44
2022,48,0.0,0.44
2022,49,0.0,0.44
2022,50,0.0,0.43
2022,51,0.98,0.43
2022,52,1.28,0.43
2022,53,0.54,0.43
2022,54,0.05,0.43
2022,55,0.12,0.43
2022,56,1.59,0.43
2022,57,3.51,0.43
2022,58,6.78,0.44
2022,59,2.62,0.45
2022,60,2.19,0.45
2022,61,4.14,0.45
2022,62,0.35,0.45
2022,63,6.94,0.46
2022,64,4.39,0.46
2022,65,1.46,0.46
2022,66,0.71,0.46
2022,67,0.57,0.45
2022,68,0.55,0.45
2022,69,0.58,0.45
2022,70,0.58,0.44
2022,71,3.98,0.44
2022,72,5.44,0.45
2022,73,12.53,0.46
2022,74,6.03,0.48
2022,75,5.3,0.48
2022,76,3.28,0.48
2022,77,2.58,0.48
2022,78,13.88,0.49
2022,79,9.84,0.51
2022,80,5.9,0.51
2022,81,1.39,0.51
2022,82,1.66,0.5
2022,83,3.02,0.49
2022,84,3.73,0.49
2022,85,3.26,0.49
2022,86,1.5,0.48
2022,87,2.4,0.48
2022,88,0.46,0.48
2022,89,1.34,0.48
2022,90,2.43,0.47
2022,91,3.67,0.48
2022,92,1.05,0.48
2022,93,0.04,0.47
2022,94,0.16,0.46
2022,95,0.26,0.45
2022,96,8.64,0.46
2022,97,4.57,0.47
2022,98,6.99,0.47
2022,99,9.38,0.48
2022,100,8.17,0.48
2022,101,2.38,0.49
2022,102,3.52,0.48
2022,103,24.33,0.49
2022,104,8.55,0.53
2022,105,3.44,0.53
2022,106,5.73,0.52
2022,107,1.1,0.52
2022,108,0.67,0.51
2022,109,2.38,0.5
2022,110,1.53,0.49
2022,111,6.18,0.49
2022,112,9.94,0.51
2022,113,4.05,0.5
2022,114,7.22,0.51
2022,115,2.62,0.51
2022,116,1.57,0.5
2022,117,1.1,0.49
2022,118,8.56,0.49
2022,119,0.55,0.49
2022,120,1.03,0.48
2022,121,5.05,0.48
2022,122,6.34,0.49
2022,123,3.59,0.49
2022,124,6.98,0.49
2022,125,12.91,0.51
2022,126,5.94,0.52
2022,127,2.61,0.52
2022,128,7.8,0.52
2022,129,5.9,0.52
2022,130,7.58,0.52
2022,131,3.93,0.52
2022,132,7.59,0.52
2022,133,3.49,0.52
2022,134,7.11,0.52
2022,135,6.47,0.52
2022,136,2.77,0.52
2022,137,1.49,0.52
2022,138,3.79,0.52
2022,139,5.73,0.51
2022,140,20.19,0.54
2022,141,3.04,0.54
2022,142,15.6,0.55
2022,143,2.66,0.55
2022,144,6.15,0.55
2022,145,3.04,0.55
2022,146,5.59,0.54
2022,147,3.66,0.54
2022,148,2.09,0.53
2022,149,1.61,0.52
2022,150,2.41,0.52
2022,151,4.42,0.52
2022,152,2.78,0.52
2022,153,0.72,0.52
2022,154,4.63,0.51
2022,155,1.87,0.51
2022,156,1.83,0.51
2022,157,6.8,0.51
2022,158,7.58,0.52
2022,159,0.21,0.51
2022,160,2.88,0.5
2022,161,5.51,0.5
2022,162,7.71,0.51
2022,163,3.69,0.52
2022,164,1.64,0.52
2022,165,3.94,0.51
2022,166,16.14,0.52
2022,167,42.2,0.58
2022,168,23.49,0.62
2022,169,5.5,0.63
2022,170,0.3,0.61
2022,171,6.3,0.59
2022,172,5.61,0.59
2022,173,4.08,0.59
2022,174,9.4,0.59
2022,175,10.86,0.58
2022,176,4.25,0.59
2022,177,0.82,0.57
2022,178,3.23,0.56
2022,179,5.95,0.56
2022,180,2.98,0.56
2022,181,4.57,0.56
2022,182,1.31,0.56
2022,183,3.36,0.55
2022,184,1.79,0.55
2022,185,2.84,0.55
2022,186,5.28,0.55
2022,187,4.39,0.55
2022,188,4.88,0.55
2022,189,13.53,0.55
2022,190,16.13,0.58
2022,191,2.8,0.58
2022,192,2.64,0.57
2022,193,2.28,0.56
2022,194,5.09,0.55
2022,195,5.09,0.55
2022,196,3.74,0.56
2022,197,3.1,0.55
2022,198,5.36,0.55
2022,199,3.91,0.55
2022,200,1.75,0.55
2022,201,0.97,0.55
2022,202,0.73,0.54
2022,203,0.44,0.52
2022,204,2.93,0.52
2022,205,3.14,0.52
2022,206,1.02,0.52
2022,207,7.25,0.52
2022,208,5.54,0.53
2022,209,2.35,0.53
2022,210,0.69,0.53
2022,211,2.16,0.52
2022,212,4.65,0.52
2022,213,16.89,0.54
2022,214,8.69,0.56
2022,215,1.6,0.55
2022,216,0.91,0.55
2022,217,0.55,0.54
2022,218,0.14,0.52
2022,219,0.06,0.52
2022,220,0.34,0.51
2022,221,2.6,0.51
2022,222,2.18,0.5
2022,223,0.71,0.5
2022,224,3.58,0.5
2022,225,10.72,0.52
2022,226,8.2,0.53
2022,227,8.13,0.54
2022,228,3.35,0.54
2022,229,0.43,0.54
2022,230,1.21,0.53
2022,231,5.6,0.52
2022,232,7.05,0.53
2022,233,3.53,0.53
2022,234,3.66,0.52
2022,235,52.33,0.55
2022,236,4.82,0.62
2022,237,0.44,0.59
2022,238,3.95,0.58
2022,239,14.92,0.59
2022,240,11.42,0.6
2022,241,2.39,0.59
2022,242,3.89,0.58
2022,243,13.61,0.59
2022,244,19.01,0.62
2022,245,1.97,0.61
2022,246,9.3,0.6
2022,247,8.7,0.6
2022,248,39.02,0.63
2022,249,106.65,0.75
2022,250,11.93,0.75
2022,251,6.98,0.72
2022,252,13.38,0.71
2022,253,22.88,0.72
2022,254,2.61,0.7
2022,255,6.62,0.69
2022,256,11.77,0.69
2022,257,4.42,0.67
2022,258,6.86,0.66
2022,259,15.21,0.66
2022,260,34.85,0.72
2022,261,1.23,0.71
2022,262,2.69,0.69
2022,263,27.05,0.7
2022,264,9.33,0.71
2022,265,2.95,0.7
2022,266,17.42,0.7
2022,267,19.04,0.72
2022,268,39.2,0.74
2022,269,17.56,0.76
2022,270,8.06,0.74
2022,271,5.82,0.73
2022,272,5.28,0.72
2022,273,3.66,0.71
2022,274,2.31,0.7
2022,275,4.54,0.7
2022,276,2.19,0.7
2022,277,3.66,0.69
2022,278,3.86,0.69
2022,279,0.51,0.69
2022,280,4.57,0.68
2022,281,12.83,0.7
2022,282,2.98,0.7
2022,283,0.69,0.69
2022,284,4.21,0.69
2022,285,1.63,0.68
2022,286,2.96,0.68
2022,287,7.62,0.68
2022,288,57.2,0.74
2022,289,1.05,0.75
2022,290,0.99,0.73
2022,291,9.72,0.71
2022,292,13.99,0.72
2022,293,6.83,0.73
2022,294,0.73,0.72
2022,295,2.83,0.71
2022,296,1.48,0.7
2022,297,0.93,0.7
2022,298,1.25,0.7
2022,299,0.87,0.69
2022,300,1.03,0.69
2022,301,3.66,0.69
2022,302,0.52,0.69
2022,303,0.08,0.68
2022,304,3.47,0.67
2022,305,6.0,0.68
2022,306,1.24,0.68
2022,307,0.52,0.68
2022,308,0.47,0.67
2022,309,2.09,0.67
2022,310,3.72,0.67
2022,311,0.87,0.67
2022,312,0.07,0.67
2022,313,0.09,0.66
2022,314,2.64,0.66
2022,315,0.82,0.66
2022,316,2.45,0.66
2022,317,4.85,0.66
2022,318,2.71,0.66
2022,319,2.38,0.66
2022,320,0.12,0.66
2022,321,0.0,0.66
2022,322,0.0,0.65
2022,323,0.1,0.64
2022,324,0.96,0.64
2022,325,0.53,0.64
2022,326,0.04,0.64
2022,327,0.01,0.63
2022,328,0.22,0.63
2022,329,0.06,0.63
2022,330,0.01,0.62
2022,331,0.18,0.62
2022,332,1.91,0.62
2022,333,1.4,0.62
2022,334,2.85,0.62
2022,335,3.11,0.62
2022,336,1.51,0.63
2022,337,1.26,0.63
2022,338,0.71,0.62
2022,339,0.64,0.62
2022,340,0.19,0.62
2022,341,0.14,0.62
2022,342,0.05,0.62
2022,343,0.27,0.62
2022,344,0.15,0.62
2022,345,0.03,0.61
2022,346,0.01,0.61
2022,347,0.0,0.6
2022,348,0.0,0.6
2022,349,0.0,0.6
2022,350,0.0,0.59
2022,351,0.02,0.59
2022,352,0.09,0.59
2022,353,0.02,0.59
2022,354,0.01,0.58
2022,355,0.0,0.58
2022,356,0.0,0.57
2022,357,0.0,0.57
2022,358,0.0,0.56
2022,359,0.0,0.56
2022,360,0.0,0.56
2022,361,0.0,0.55
2022,362,0.0,0.55
2022,363,0.0,0.55
2022,364,0.0,0.55
2022,365,0.0,0.55
2023,1,0.0,0.55
2023,2,0.0,0.55
2023,3,0.0,0.54
2023,4,0.0,0.54
2023,5,0.0,0.53
2023,6,0.0,0.53
2023,7,0.0,0.53
2023,8,0.0,0.53
2023,9,0.0,0.52
2023,10,0.0,0.52
2023,11,0.0,0.52
2023,12,0.0,0.52
2023,13,0.0,0.52
2023,14,0.0,0.51
2023,15,0.0,0.51
2023,16,0.0,0.51
2023,17,0.0,0.5
2023,18,0.0,0.5
2023,19,0.0,0.5
2023,20,0.0,0.5
2023,21,0.01,0.49
2023,22,0.26,0.49
2023,23,0.65,0.49
2023,24,0.56,0.5
2023,25,0.45,0.5
2023,26,0.61,0.5
2023,27,1.2,0.5
2023,28,0.44,0.5
2023,29,0.52,0.49
2023,30,0.2,0.49
2023,31,0.21,0.48
2023,32,0.14,0.48
2023,33,0.31,0.48
2023,34,0.53,0.48
2023,35,2.04,0.48
2023,36,3.13,0.48
2023,37,0.08,0.48
2023,38,1.28,0.48
2023,39,1.45,0.48
2023,40,0.62,0.48
2023,41,0.26,0.48
2023,42,0.18,0.48
2023,43,0.8,0.47
2023,44,0.59,0.47
2023,45,0.23,0.47
2023,46,1.19,0.46
2023,47,0.49,0.46
2023,48,0.04,0.46
2023,49,0.0,0.45
2023,50,0.0,0.45
2023,51,0.0,0.45
2023,52,0.0,0.45
2023,53,0.19,0.45
2023,54,1.14,0.45
2023,55,3.64,0.45
2023,56,1.41,0.45
2023,57,1.39,0.46
2023,58,1.25,0.46
2023,59,1.9,0.46
2023,60,3.82,0.47
2023,61,13.26,0.48
2023,62,6.33,0.49
2023,63,20.62,0.51
2023,64,17.71,0.55
2023,65,6.94,0.55
2023,66,1.92,0.54
2023,67,0.56,0.53
2023,68,1.76,0.52
2023,69,3.19,0.52
2023,70,6.32,0.52
2023,71,1.09,0.52
2023,72,0.31,0.51
2023,73,1.5,0.5
2023,74,1.75,0.49
2023,75,1.35,0.48
2023,76,13.26,0.49
2023,77,17.11,0.51
2023,78,14.65,0.55
2023,79,2.14,0.54
2023,80,11.22,0.54
2023,81,17.89,0.55
2023,82,17.01,0.59
2023,83,6.21,0.59
2023,84,5.62,0.59
2023,85,1.8,0.57
2023,86,11.63,0.56
2023,87,4.51,0.57
2023,88,3.15,0.56
2023,89,6.87,0.56
2023,90,2.94,0.55
2023,91,0.76,0.55
2023,92,0.92,0.54
2023,93,1.93,0.53
2023,94,1.48,0.52
2023,95,0.82,0.52
2023,96,0.73,0.52
2023,97,1.37,0.51
2023,98,0.88,0.5
2023,99,1.92,0.5
2023,100,1.04,0.5
2023,101,0.74,0.49
2023,102,0.43,0.48
2023,103,1.87,0.48
2023,104,2.21,0.48
2023,105,3.43,0.49
2023,106,3.12,0.49
2023,107,5.51,0.5
2023,108,6.8,0.5
2023,109,7.32,0.51
2023,110,3.79,0.52
2023,111,0.88,0.51
2023,112,1.69,0.5
2023,113,3.97,0.5
2023,114,9.6,0.51
2023,115,3.72,0.52
2023,116,6.6,0.52
2023,117,1.11,0.52
2023,118,1.85,0.51
2023,119,1.19,0.51
2023,120,4.07,0.5
2023,121,4.61,0.51
2023,122,0.64,0.5
2023,123,2.51,0.5
2023,124,2.26,0.49
2023,125,3.67,0.49
2023,126,1.71,0.48
2023,127,2.41,0.48
2023,128,1.49,0.48
2023,129,0.78,0.48
2023,130,4.6,0.48
2023,131,1.09,0.48
2023,132,1.95,0.48
2023,133,5.7,0.48
2023,134,8.89,0.48
2023,135,31.46,0.52
2023,136,3.73,0.55
2023,137,0.44,0.54
2023,138,3.42,0.52
2023,139,7.54,0.52
2023,140,4.02,0.53
2023,141,6.34,0.53
2023,142,8.57,0.54
2023,143,28.58,0.56
2023,144,9.11,0.58
2023,145,19.32,0.59
2023,146,3.14,0.59
2023,147,3.1,0.59
2023,148,5.13,0.58
2023,149,1.28,0.57
2023,150,3.96,0.55
2023,151,12.09,0.56
2023,152,11.45,0.58
2023,153,13.96,0.59
2023,154,10.27,0.6
2023,155,4.05,0.59
2023,156,7.75,0.59
2023,157,12.88,0.6
2023,158,10.44,0.6
2023,159,5.68,0.6
2023,160,5.79,0.59
2023,161,12.77,0.59
2023,162,39.51,0.62
2023,163,2.73,0.66
2023,164,0.99,0.63
2023,165,4.75,0.62
2023,166,2.24,0.6
2023,167,3.28,0.59
2023,168,2.99,0.59
2023,169,1.7,0.59
2023,170,3.08,0.58
2023,171,15.54,0.59
2023,172,42.11,0.62
2023,173,6.52,0.66
2023,174,7.61,0.65
2023,175,7.89,0.64
2023,176,3.72,0.63
2023,177,7.69,0.62
2023,178,6.59,0.62
2023,179,3.48,0.62
2023,180,4.14,0.62
2023,181,1.12,0.61
2023,182,0.79,0.6
2023,183,4.98,0.59
2023,184,8.79,0.6
2023,185,14.26,0.62
2023,186,8.19,0.62
2023,187,12.23,0.63
2023,188,3.48,0.63
2023,189,8.13,0.62
2023,190,7.59,0.62
2023,191,2.82,0.62
2023,192,3.98,0.62
2023,193,1.59,0.62
2023,194,4.21,0.62
2023,195,5.65,0.62
2023,196,4.43,0.62
2023,197,5.69,0.62
2023,198,8.44,0.62
2023,199,1.42,0.62
2023,200,2.76,0.62
2023,201,1.66,0.62
2023,202,1.92,0.61
2023,203,4.44,0.61
2023,204,2.23,0.61
2023,205,2.12,0.6
2023,206,1.94,0.6
2023,207,0.94,0.59
2023,208,1.7,0.59
2023,209,2.57,0.59
2023,210,6.93,0.59
2023,211,7.98,0.59
2023,212,5.85,0.6
2023,213,3.98,0.6
2023,214,5.86,0.61
2023,215,11.83,0.62
2023,216,2.08,0.62
2023,217,1.71,0.61
2023,218,1.31,0.6
2023,219,1.32,0.59
2023,220,2.76,0.59
2023,221,10.19,0.6
2023,222,8.16,0.61
2023,223,1.98,0.61
2023,224,3.53,0.6
2023,225,14.14,0.62
2023,226,2.41,0.62
2023,227,0.77,0.61
2023,228,1.37,0.6
2023,229,3.26,0.59
2023,230,20.36,0.62
2023,231,4.74,0.62
2023,232,4.83,0.62
2023,233,4.27,0.62
2023,234,2.84,0.61
2023,235,5.35,0.61
2023,236,1.02,0.61
2023,237,0.32,0.59
2023,238,1.86,0.59
2023,239,2.01,0.59
2023,240,0.38,0.58
2023,241,5.61,0.58
2023,242,2.51,0.59
2023,243,1.79,0.59
2023,244,4.34,0.58
2023,245,4.54,0.59
2023,246,2.66,0.58
2023,247,1.49,0.58
2023,248,2.12,0.58
2023,249,1.12,0.57
2023,250,0.35,0.56
2023,251,3.98,0.56
2023,252,11.96,0.57
2023,253,24.21,0.62
2023,254,1.47,0.62
2023,255,5.6,0.61
2023,256,1.53,0.6
2023,257,1.21,0.6
2023,258,1.85,0.59
2023,259,1.77,0.59
2023,260,3.96,0.59
2023,261,2.94,0.59
2023,262,1.02,0.59
2023,263,2.22,0.58
2023,264,4.02,0.58
2023,265,2.33,0.58
2023,266,5.23,0.58
2023,267,2.59,0.58
2023,268,1.95,0.58
2023,269,2.15,0.57
2023,270,1.55,0.56
2023,271,1.93,0.56
2023,272,2.02,0.55
2023,273,3.43,0.55
2023,274,1.97,0.55
2023,275,4.77,0.55
2023,276,8.04,0.56
2023,277,4.8,0.57
2023,278,2.4,0.57
2023,279,5.82,0.56
2023,280,6.68,0.57
2023,281,14.12,0.58
2023,282,35.26,0.65
2023,283,2.69,0.64
2023,284,3.47,0.62
2023,285,8.53,0.62
2023,286,1.54,0.62
2023,287,4.74,0.61
2023,288,7.42,0.61
2023,289,6.68,0.61
2023,290,5.63,0.61
2023,291,1.47,0.61
2023,292,3.21,0.6
2023,293,3.38,0.59
2023,294,2.04,0.59
2023,295,1.67,0.59
2023,296,4.68,0.58
2023,297,3.44,0.59
2023,298,0.86,0.59
2023,299,1.04,0.58
2023,300,1.05,0.57
2023,301,0.37,0.56
2023,302,0.21,0.55
2023,303,2.51,0.55
2023,304,3.55,0.55
2023,305,1.49,0.55
2023,306,0.9,0.55
2023,307,1.8,0.55
2023,308,1.1,0.55
2023,309,0.54,0.54
2023,310,1.0,0.54
2023,311,10.81,0.55
2023,312,8.01,0.56
2023,313,3.09,0.56
2023,314,5.02,0.56
2023,315,5.66,0.56
2023,316,2.92,0.56
2023,317,2.33,0.56
2023,318,2.37,0.55
2023,319,1.7,0.55
2023,320,2.91,0.55
2023,321,2.59,0.54
2023,322,2.8,0.54
2023,323,1.43,0.54
2023,324,0.51,0.54
2023,325,0.55,0.54
2023,326,1.6,0.53
2023,327,1.23,0.53
2023,328,1.36,0.52
2023,329,10.94,0.53
2023,330,12.56,0.55
2023,331,1.46,0.56
2023,332,3.56,0.55
2023,333,5.76,0.55
2023,334,3.27,0.55
2023,335,3.41,0.55
2023,336,4.18,0.56
2023,337,1.0,0.55
2023,338,0.69,0.55
2023,339,0.43,0.54
2023,340,0.29,0.53
2023,341,0.65,0.52
2023,342,6.47,0.52
2023,343,0.35,0.52
2023,344,0.14,0.52
2023,345,1.04,0.52
2023,346,0.0,0.51
2023,347,0.0,0.51
2023,348,0.0,0.5
2023,349,0.0,0.49
2023,350,0.0,0.49
2023,351,0.0,0.49
2023,352,0.0,0.48
2023,353,0.0,0.48
2023,354,0.0,0.48
2023,355,0.0,0.48
2023,356,0.0,0.47
2023,357,0.0,0.47
2023,358,0.0,0.47
2023,359,0.0,0.46
2023,360,0.0,0.46
2023,361,0.0,0.46
2023,362,0.0,0.45
2023,363,0.0,0.45
2023,364,0.0,0.45
2023,365,0.0,0.45
